0.45500000000000002,0.36499999999999999,0.095000000000000001,0.51400000000000001,0.22450000000000001,0.10100000000000001,0.14999999999999999
0.34999999999999998,0.26500000000000001,0.089999999999999997,0.22550000000000001,0.099500000000000005,0.048500000000000001,0.070000000000000007
0.53000000000000003,0.41999999999999998,0.13500000000000001,0.67700000000000005,0.25650000000000001,0.14149999999999999,0.20999999999999999
0.44,0.36499999999999999,0.125,0.51600000000000001,0.2155,0.114,0.155
0.33000000000000002,0.255,0.080000000000000002,0.20499999999999999,0.089499999999999996,0.0395,0.055
0.42499999999999999,0.29999999999999999,0.095000000000000001,0.35149999999999998,0.14099999999999999,0.077499999999999999,0.12
0.53000000000000003,0.41499999999999998,0.14999999999999999,0.77749999999999997,0.23699999999999999,0.14149999999999999,0.33000000000000002
0.54500000000000004,0.42499999999999999,0.125,0.76800000000000002,0.29399999999999998,0.14949999999999999,0.26000000000000001
0.47499999999999998,0.37,0.125,0.50949999999999995,0.2165,0.1125,0.16500000000000001
0.55000000000000004,0.44,0.14999999999999999,0.89449999999999996,0.3145,0.151,0.32000000000000001
0.52500000000000002,0.38,0.14000000000000001,0.60650000000000004,0.19400000000000001,0.14749999999999999,0.20999999999999999
0.42999999999999999,0.34999999999999998,0.11,0.40600000000000003,0.16750000000000001,0.081000000000000003,0.13500000000000001
0.48999999999999999,0.38,0.13500000000000001,0.54149999999999998,0.2175,0.095000000000000001,0.19
0.53500000000000003,0.40500000000000003,0.14499999999999999,0.6845,0.27250000000000002,0.17100000000000001,0.20499999999999999
0.46999999999999997,0.35499999999999998,0.10000000000000001,0.47549999999999998,0.16750000000000001,0.080500000000000002,0.185
0.5,0.40000000000000002,0.13,0.66449999999999998,0.25800000000000001,0.13300000000000001,0.23999999999999999
0.35499999999999998,0.28000000000000003,0.085000000000000006,0.29049999999999998,0.095000000000000001,0.0395,0.115
0.44,0.34000000000000002,0.10000000000000001,0.45100000000000001,0.188,0.086999999999999994,0.13
0.36499999999999999,0.29499999999999998,0.080000000000000002,0.2555,0.097000000000000003,0.042999999999999997,0.10000000000000001
0.45000000000000001,0.32000000000000001,0.10000000000000001,0.38100000000000001,0.17050000000000001,0.074999999999999997,0.115
0.35499999999999998,0.28000000000000003,0.095000000000000001,0.2455,0.095500000000000002,0.062,0.074999999999999997
0.38,0.27500000000000002,0.10000000000000001,0.22550000000000001,0.080000000000000002,0.049000000000000002,0.085000000000000006
0.56499999999999995,0.44,0.155,0.9395,0.42749999999999999,0.214,0.27000000000000002
0.55000000000000004,0.41499999999999998,0.13500000000000001,0.76349999999999996,0.318,0.20999999999999999,0.20000000000000001
0.61499999999999999,0.47999999999999998,0.16500000000000001,1.1615,0.51300000000000001,0.30099999999999999,0.30499999999999999
0.56000000000000005,0.44,0.14000000000000001,0.92849999999999999,0.38250000000000001,0.188,0.29999999999999999
0.57999999999999996,0.45000000000000001,0.185,0.99550000000000005,0.39450000000000002,0.27200000000000002,0.28499999999999998
0.58999999999999997,0.44500000000000001,0.14000000000000001,0.93100000000000005,0.35599999999999998,0.23400000000000001,0.28000000000000003
0.60499999999999998,0.47499999999999998,0.17999999999999999,0.9365,0.39400000000000002,0.219,0.29499999999999998
0.57499999999999996,0.42499999999999999,0.14000000000000001,0.86350000000000005,0.39300000000000002,0.22700000000000001,0.20000000000000001
0.57999999999999996,0.46999999999999997,0.16500000000000001,0.99750000000000005,0.39350000000000002,0.24199999999999999,0.33000000000000002
0.68000000000000005,0.56000000000000005,0.16500000000000001,1.639,0.60550000000000004,0.28050000000000003,0.46000000000000002
0.66500000000000004,0.52500000000000002,0.16500000000000001,1.3380000000000001,0.55149999999999999,0.35749999999999998,0.34999999999999998
0.68000000000000005,0.55000000000000004,0.17499999999999999,1.798,0.81499999999999995,0.39250000000000002,0.45500000000000002
0.70499999999999996,0.55000000000000004,0.20000000000000001,1.7095,0.63300000000000001,0.41149999999999998,0.48999999999999999
0.46500000000000002,0.35499999999999998,0.105,0.47949999999999998,0.22700000000000001,0.124,0.125
0.54000000000000004,0.47499999999999998,0.155,1.2170000000000001,0.53049999999999997,0.3075,0.34000000000000002
0.45000000000000001,0.35499999999999998,0.105,0.52249999999999996,0.23699999999999999,0.11650000000000001,0.14499999999999999
0.57499999999999996,0.44500000000000001,0.13500000000000001,0.88300000000000001,0.38100000000000001,0.20349999999999999,0.26000000000000001
0.35499999999999998,0.28999999999999998,0.089999999999999997,0.32750000000000001,0.13400000000000001,0.085999999999999993,0.089999999999999997
0.45000000000000001,0.33500000000000002,0.105,0.42499999999999999,0.1865,0.090999999999999998,0.115
0.55000000000000004,0.42499999999999999,0.13500000000000001,0.85150000000000003,0.36199999999999999,0.19600000000000001,0.27000000000000002
0.23999999999999999,0.17499999999999999,0.044999999999999998,0.070000000000000007,0.0315,0.0235,0.02
0.20499999999999999,0.14999999999999999,0.055,0.042000000000000003,0.025499999999999998,0.014999999999999999,0.012
0.20999999999999999,0.14999999999999999,0.050000000000000003,0.042000000000000003,0.017500000000000002,0.012500000000000001,0.014999999999999999
0.39000000000000001,0.29499999999999998,0.095000000000000001,0.20300000000000001,0.087499999999999994,0.044999999999999998,0.074999999999999997
0.46999999999999997,0.37,0.12,0.57950000000000002,0.29299999999999998,0.22700000000000001,0.14000000000000001
0.46000000000000002,0.375,0.12,0.46050000000000002,0.17749999999999999,0.11,0.14999999999999999
0.32500000000000001,0.245,0.070000000000000007,0.161,0.075499999999999998,0.025499999999999998,0.044999999999999998
0.52500000000000002,0.42499999999999999,0.16,0.83550000000000002,0.35449999999999998,0.2135,0.245
0.52000000000000002,0.40999999999999998,0.12,0.59499999999999997,0.23849999999999999,0.111,0.19
0.40000000000000002,0.32000000000000001,0.095000000000000001,0.30299999999999999,0.13350000000000001,0.059999999999999998,0.10000000000000001
0.48499999999999999,0.35999999999999999,0.13,0.54149999999999998,0.25950000000000001,0.096000000000000002,0.16
0.46999999999999997,0.35999999999999999,0.12,0.47749999999999998,0.21049999999999999,0.1055,0.14999999999999999
0.40500000000000003,0.31,0.10000000000000001,0.38500000000000001,0.17299999999999999,0.091499999999999998,0.11
0.5,0.40000000000000002,0.14000000000000001,0.66149999999999998,0.25650000000000001,0.17549999999999999,0.22
0.44500000000000001,0.34999999999999998,0.12,0.4425,0.192,0.095500000000000002,0.13500000000000001
0.46999999999999997,0.38500000000000001,0.13500000000000001,0.58950000000000002,0.27650000000000002,0.12,0.17000000000000001
0.245,0.19,0.059999999999999998,0.085999999999999993,0.042000000000000003,0.014,0.025000000000000001
0.505,0.40000000000000002,0.125,0.58299999999999996,0.246,0.13,0.17499999999999999
0.45000000000000001,0.34499999999999997,0.105,0.41149999999999998,0.17999999999999999,0.1125,0.13500000000000001
0.505,0.40500000000000003,0.11,0.625,0.30499999999999999,0.16,0.17499999999999999
0.53000000000000003,0.40999999999999998,0.13,0.69650000000000001,0.30199999999999999,0.19350000000000001,0.20000000000000001
0.42499999999999999,0.32500000000000001,0.095000000000000001,0.3785,0.17050000000000001,0.080000000000000002,0.10000000000000001
0.52000000000000002,0.40000000000000002,0.12,0.57999999999999996,0.23400000000000001,0.13150000000000001,0.185
0.47499999999999998,0.35499999999999998,0.12,0.47999999999999998,0.23400000000000001,0.10150000000000001,0.13500000000000001
0.56499999999999995,0.44,0.16,0.91500000000000004,0.35399999999999998,0.19350000000000001,0.32000000000000001
0.59499999999999997,0.495,0.185,1.2849999999999999,0.41599999999999998,0.224,0.48499999999999999
0.47499999999999998,0.39000000000000001,0.12,0.53049999999999997,0.2135,0.11550000000000001,0.17000000000000001
0.31,0.23499999999999999,0.070000000000000007,0.151,0.063,0.040500000000000001,0.044999999999999998
0.55500000000000005,0.42499999999999999,0.13,0.76649999999999996,0.26400000000000001,0.16800000000000001,0.27500000000000002
0.40000000000000002,0.32000000000000001,0.11,0.35299999999999998,0.14050000000000001,0.098500000000000004,0.10000000000000001
0.59499999999999997,0.47499999999999998,0.17000000000000001,1.2470000000000001,0.47999999999999998,0.22500000000000001,0.42499999999999999
0.56999999999999995,0.47999999999999998,0.17499999999999999,1.1850000000000001,0.47399999999999998,0.26100000000000001,0.38
0.60499999999999998,0.45000000000000001,0.19500000000000001,1.0980000000000001,0.48099999999999998,0.28949999999999998,0.315
0.59999999999999998,0.47499999999999998,0.14999999999999999,1.0075000000000001,0.4425,0.221,0.28000000000000003
0.59499999999999997,0.47499999999999998,0.14000000000000001,0.94399999999999995,0.36249999999999999,0.189,0.315
0.59999999999999998,0.46999999999999997,0.14999999999999999,0.92200000000000004,0.36299999999999999,0.19400000000000001,0.30499999999999999
0.55500000000000005,0.42499999999999999,0.14000000000000001,0.78800000000000003,0.28199999999999997,0.1595,0.28499999999999998
0.61499999999999999,0.47499999999999998,0.17000000000000001,1.1025,0.46949999999999997,0.23549999999999999,0.34499999999999997
0.57499999999999996,0.44500000000000001,0.14000000000000001,0.94099999999999995,0.38450000000000001,0.252,0.28499999999999998
0.62,0.51000000000000001,0.17499999999999999,1.615,0.51049999999999995,0.192,0.67500000000000004
0.52000000000000002,0.42499999999999999,0.16500000000000001,0.98850000000000005,0.39600000000000002,0.22500000000000001,0.32000000000000001
0.59499999999999997,0.47499999999999998,0.16,1.3174999999999999,0.40799999999999997,0.23400000000000001,0.57999999999999996
0.57999999999999996,0.45000000000000001,0.14000000000000001,1.0129999999999999,0.38,0.216,0.35999999999999999
0.56999999999999995,0.46500000000000002,0.17999999999999999,1.2949999999999999,0.33900000000000002,0.2225,0.44
0.625,0.46500000000000002,0.14000000000000001,1.1950000000000001,0.48249999999999998,0.20499999999999999,0.40000000000000002
0.56000000000000005,0.44,0.16,0.86450000000000005,0.33050000000000002,0.20749999999999999,0.26000000000000001
0.46000000000000002,0.35499999999999998,0.13,0.51700000000000002,0.2205,0.114,0.16500000000000001
0.57499999999999996,0.45000000000000001,0.16,0.97750000000000004,0.3135,0.23100000000000001,0.33000000000000002
0.56499999999999995,0.42499999999999999,0.13500000000000001,0.8115,0.34100000000000003,0.16750000000000001,0.255
0.55500000000000005,0.44,0.14999999999999999,0.755,0.307,0.1525,0.26000000000000001
0.59499999999999997,0.46500000000000002,0.17499999999999999,1.115,0.40150000000000002,0.254,0.39000000000000001
0.625,0.495,0.16500000000000001,1.262,0.50700000000000001,0.318,0.39000000000000001
0.69499999999999995,0.56000000000000005,0.19,1.494,0.58799999999999997,0.34250000000000003,0.48499999999999999
0.66500000000000004,0.53500000000000003,0.19500000000000001,1.6060000000000001,0.57550000000000001,0.38800000000000001,0.47999999999999998
0.53500000000000003,0.435,0.14999999999999999,0.72499999999999998,0.26900000000000002,0.13850000000000001,0.25
0.46999999999999997,0.375,0.13,0.52300000000000002,0.214,0.13200000000000001,0.14499999999999999
0.46999999999999997,0.37,0.13,0.52249999999999996,0.20100000000000001,0.13300000000000001,0.16500000000000001
0.47499999999999998,0.375,0.125,0.57850000000000001,0.27750000000000002,0.085000000000000006,0.155
0.35999999999999999,0.26500000000000001,0.095000000000000001,0.23150000000000001,0.105,0.045999999999999999,0.074999999999999997
0.55000000000000004,0.435,0.14499999999999999,0.84299999999999997,0.32800000000000001,0.1915,0.255
0.53000000000000003,0.435,0.16,0.88300000000000001,0.316,0.16400000000000001,0.33500000000000002
0.53000000000000003,0.41499999999999998,0.14000000000000001,0.72399999999999998,0.3105,0.16750000000000001,0.20499999999999999
0.60499999999999998,0.46999999999999997,0.16,1.1735,0.4975,0.24049999999999999,0.34499999999999997
0.52000000000000002,0.40999999999999998,0.155,0.72699999999999998,0.29099999999999998,0.1835,0.23499999999999999
0.54500000000000004,0.42999999999999999,0.16500000000000001,0.80200000000000005,0.29349999999999998,0.183,0.28000000000000003
0.5,0.40000000000000002,0.125,0.66749999999999998,0.26100000000000001,0.13150000000000001,0.22
0.51000000000000001,0.39000000000000001,0.13500000000000001,0.63349999999999995,0.23100000000000001,0.17899999999999999,0.20000000000000001
0.435,0.39500000000000002,0.105,0.36349999999999999,0.13600000000000001,0.098000000000000004,0.13
0.495,0.39500000000000002,0.125,0.54149999999999998,0.23749999999999999,0.13450000000000001,0.155
0.46500000000000002,0.35999999999999999,0.105,0.43099999999999999,0.17199999999999999,0.107,0.17499999999999999
0.435,0.32000000000000001,0.080000000000000002,0.33250000000000002,0.14849999999999999,0.063500000000000001,0.105
0.42499999999999999,0.34999999999999998,0.105,0.39300000000000002,0.13,0.063,0.16500000000000001
0.54500000000000004,0.40999999999999998,0.125,0.69350000000000001,0.29749999999999999,0.14599999999999999,0.20999999999999999
0.53000000000000003,0.41499999999999998,0.115,0.59150000000000003,0.23300000000000001,0.1585,0.17999999999999999
0.48999999999999999,0.375,0.13500000000000001,0.61250000000000004,0.2555,0.10199999999999999,0.22
0.44,0.34000000000000002,0.105,0.40200000000000002,0.1305,0.095500000000000002,0.16500000000000001
0.56000000000000005,0.42999999999999999,0.14999999999999999,0.88249999999999995,0.34649999999999997,0.17199999999999999,0.31
0.40500000000000003,0.30499999999999999,0.085000000000000006,0.26050000000000001,0.1145,0.059499999999999997,0.085000000000000006
0.46999999999999997,0.36499999999999999,0.105,0.42049999999999998,0.16300000000000001,0.10349999999999999,0.14000000000000001
0.38500000000000001,0.29499999999999998,0.085000000000000006,0.2535,0.10299999999999999,0.057500000000000002,0.085000000000000006
0.51500000000000001,0.42499999999999999,0.14000000000000001,0.76600000000000001,0.30399999999999999,0.17249999999999999,0.255
0.37,0.26500000000000001,0.074999999999999997,0.214,0.089999999999999997,0.050999999999999997,0.070000000000000007
0.35999999999999999,0.28000000000000003,0.080000000000000002,0.17549999999999999,0.081000000000000003,0.050500000000000003,0.070000000000000007
0.27000000000000002,0.19500000000000001,0.059999999999999998,0.072999999999999995,0.028500000000000001,0.0235,0.029999999999999999
0.375,0.27500000000000002,0.089999999999999997,0.23799999999999999,0.1075,0.0545,0.070000000000000007
0.38500000000000001,0.28999999999999998,0.085000000000000006,0.2505,0.112,0.060999999999999999,0.080000000000000002
0.69999999999999996,0.53500000000000003,0.16,1.7255,0.63,0.26350000000000001,0.54000000000000004
0.70999999999999996,0.54000000000000004,0.16500000000000001,1.9590000000000001,0.76649999999999996,0.26100000000000001,0.78000000000000003
0.59499999999999997,0.47999999999999998,0.16500000000000001,1.262,0.48349999999999999,0.28299999999999997,0.40999999999999998
0.44,0.34999999999999998,0.125,0.40350000000000003,0.17499999999999999,0.063,0.129
0.32500000000000001,0.26000000000000001,0.089999999999999997,0.1915,0.085000000000000006,0.035999999999999997,0.062
0.34999999999999998,0.26000000000000001,0.095000000000000001,0.21099999999999999,0.085999999999999993,0.056000000000000001,0.068000000000000005
0.26500000000000001,0.20000000000000001,0.065000000000000002,0.097500000000000003,0.040000000000000001,0.020500000000000001,0.028000000000000001
0.42499999999999999,0.33000000000000002,0.115,0.40600000000000003,0.16350000000000001,0.081000000000000003,0.13550000000000001
0.30499999999999999,0.23000000000000001,0.080000000000000002,0.156,0.067500000000000004,0.034500000000000003,0.048000000000000001
0.34499999999999997,0.255,0.089999999999999997,0.20050000000000001,0.094,0.029499999999999998,0.063
0.40500000000000003,0.32500000000000001,0.11,0.35549999999999998,0.151,0.063,0.11700000000000001
0.375,0.28499999999999998,0.095000000000000001,0.253,0.096000000000000002,0.057500000000000002,0.092499999999999999
0.56499999999999995,0.44500000000000001,0.155,0.82599999999999996,0.34100000000000003,0.20549999999999999,0.2475
0.55000000000000004,0.45000000000000001,0.14499999999999999,0.74099999999999999,0.29499999999999998,0.14349999999999999,0.26650000000000001
0.65000000000000002,0.52000000000000002,0.19,1.3445,0.51900000000000002,0.30599999999999999,0.44650000000000001
0.56000000000000005,0.45500000000000002,0.155,0.79700000000000004,0.34000000000000002,0.19,0.24249999999999999
0.47499999999999998,0.375,0.13,0.51749999999999996,0.20749999999999999,0.11650000000000001,0.17000000000000001
0.48999999999999999,0.38,0.125,0.54900000000000004,0.245,0.1075,0.17399999999999999
0.46000000000000002,0.34999999999999998,0.12,0.51500000000000001,0.224,0.108,0.1565
0.28000000000000003,0.20499999999999999,0.080000000000000002,0.127,0.051999999999999998,0.039,0.042000000000000003
0.17499999999999999,0.13,0.055,0.0315,0.010500000000000001,0.0064999999999999997,0.012500000000000001
0.17000000000000001,0.13,0.095000000000000001,0.029999999999999999,0.012999999999999999,0.0080000000000000002,0.01
0.58999999999999997,0.47499999999999998,0.14499999999999999,1.0529999999999999,0.4415,0.26200000000000001,0.32500000000000001
0.60499999999999998,0.5,0.185,1.1185,0.46899999999999997,0.25850000000000001,0.33500000000000002
0.63500000000000001,0.51500000000000001,0.19,1.3714999999999999,0.50649999999999995,0.30499999999999999,0.45000000000000001
0.60499999999999998,0.48499999999999999,0.16,1.0565,0.37,0.23549999999999999,0.35499999999999998
0.56499999999999995,0.45000000000000001,0.13500000000000001,0.98850000000000005,0.38700000000000001,0.14949999999999999,0.31
0.51500000000000001,0.40500000000000003,0.13,0.72199999999999998,0.32000000000000001,0.13100000000000001,0.20999999999999999
0.57499999999999996,0.46000000000000002,0.19,0.99399999999999999,0.39200000000000002,0.24249999999999999,0.34000000000000002
0.64500000000000002,0.48499999999999999,0.215,1.514,0.54600000000000004,0.26150000000000001,0.63500000000000001
0.57999999999999996,0.45500000000000002,0.17000000000000001,0.90749999999999997,0.374,0.2135,0.28499999999999998
0.57499999999999996,0.46000000000000002,0.16500000000000001,1.1240000000000001,0.29849999999999999,0.17849999999999999,0.44
0.60499999999999998,0.46500000000000002,0.16500000000000001,1.056,0.42149999999999999,0.2475,0.34000000000000002
0.60499999999999998,0.48499999999999999,0.16,1.222,0.53000000000000003,0.25750000000000001,0.28000000000000003
0.60999999999999999,0.48499999999999999,0.17499999999999999,1.2444999999999999,0.54400000000000004,0.29699999999999999,0.34499999999999997
0.72499999999999998,0.56000000000000005,0.20999999999999999,2.141,0.65000000000000002,0.39800000000000002,1.0049999999999999
0.65000000000000002,0.54500000000000004,0.23000000000000001,1.752,0.5605,0.28949999999999998,0.81499999999999995
0.72499999999999998,0.56999999999999995,0.19,2.5499999999999998,1.0705,0.48299999999999998,0.72499999999999998
0.72499999999999998,0.57499999999999996,0.17499999999999999,2.1240000000000001,0.76500000000000001,0.45150000000000001,0.84999999999999998
0.68000000000000005,0.56999999999999995,0.20499999999999999,1.8420000000000001,0.625,0.40799999999999997,0.65000000000000002
0.70499999999999996,0.56000000000000005,0.22,1.9810000000000001,0.8175,0.3085,0.76000000000000001
0.68000000000000005,0.51500000000000001,0.17499999999999999,1.6185,0.51249999999999996,0.40899999999999997,0.62
0.69499999999999995,0.55000000000000004,0.215,1.9564999999999999,0.71250000000000002,0.54100000000000004,0.58999999999999997
0.53000000000000003,0.39500000000000002,0.14499999999999999,0.77500000000000002,0.308,0.16900000000000001,0.255
0.52500000000000002,0.435,0.155,1.0649999999999999,0.48599999999999999,0.23300000000000001,0.28499999999999998
0.52000000000000002,0.40500000000000003,0.115,0.77600000000000002,0.32000000000000001,0.1845,0.22
0.23499999999999999,0.16,0.040000000000000001,0.048000000000000001,0.018499999999999999,0.017999999999999999,0.014999999999999999
0.35999999999999999,0.26000000000000001,0.089999999999999997,0.17849999999999999,0.064500000000000002,0.036999999999999998,0.074999999999999997
0.315,0.20999999999999999,0.059999999999999998,0.125,0.059999999999999998,0.037499999999999999,0.035000000000000003
0.315,0.245,0.085000000000000006,0.14349999999999999,0.052999999999999999,0.047500000000000001,0.050000000000000003
0.22500000000000001,0.16,0.044999999999999998,0.0465,0.025000000000000001,0.014999999999999999,0.014999999999999999
0.57999999999999996,0.47499999999999998,0.14999999999999999,0.96999999999999997,0.38500000000000001,0.2165,0.34999999999999998
0.56999999999999995,0.47999999999999998,0.17999999999999999,0.9395,0.39900000000000002,0.20000000000000001,0.29499999999999998
0.64000000000000001,0.51000000000000001,0.17499999999999999,1.3680000000000001,0.51500000000000001,0.26600000000000001,0.56999999999999995
0.56000000000000005,0.45000000000000001,0.16,1.0235000000000001,0.42899999999999999,0.26800000000000002,0.29999999999999999
0.62,0.47499999999999998,0.17499999999999999,1.0165,0.4355,0.214,0.32500000000000001
0.64500000000000002,0.51000000000000001,0.20000000000000001,1.5674999999999999,0.621,0.36699999999999999,0.46000000000000002
0.62,0.48999999999999999,0.19,1.218,0.54549999999999998,0.29649999999999999,0.35499999999999998
0.63,0.47999999999999998,0.14999999999999999,1.0525,0.39200000000000002,0.33600000000000002,0.28499999999999998
0.63,0.5,0.185,1.383,0.54000000000000004,0.33150000000000002,0.38
0.63,0.47999999999999998,0.16,1.1990000000000001,0.52649999999999997,0.33500000000000002,0.315
0.58499999999999996,0.46000000000000002,0.17000000000000001,0.9325,0.36499999999999999,0.27100000000000002,0.28999999999999998
0.61499999999999999,0.47999999999999998,0.17999999999999999,1.1595,0.48449999999999999,0.2165,0.32500000000000001
0.60999999999999999,0.48499999999999999,0.17000000000000001,1.0225,0.41899999999999998,0.24049999999999999,0.35999999999999999
0.57999999999999996,0.45000000000000001,0.14999999999999999,0.92700000000000005,0.27600000000000002,0.18149999999999999,0.35999999999999999
0.35499999999999998,0.27500000000000002,0.085000000000000006,0.22,0.091999999999999998,0.059999999999999998,0.14999999999999999
0.51000000000000001,0.40000000000000002,0.14000000000000001,0.8145,0.45900000000000002,0.19650000000000001,0.19500000000000001
0.5,0.40500000000000003,0.155,0.77200000000000002,0.34599999999999997,0.1535,0.245
0.505,0.40999999999999998,0.14999999999999999,0.64400000000000002,0.28499999999999998,0.14499999999999999,0.20999999999999999
0.64000000000000001,0.5,0.185,1.3035000000000001,0.44450000000000001,0.26350000000000001,0.46500000000000002
0.56000000000000005,0.45000000000000001,0.16,0.92200000000000004,0.432,0.17799999999999999,0.26000000000000001
0.58499999999999996,0.46000000000000002,0.185,0.92200000000000004,0.36349999999999999,0.21299999999999999,0.28499999999999998
0.45000000000000001,0.34499999999999997,0.12,0.41649999999999998,0.16550000000000001,0.095000000000000001,0.13500000000000001
0.5,0.40000000000000002,0.16500000000000001,0.82499999999999996,0.254,0.20499999999999999,0.28499999999999998
0.5,0.40000000000000002,0.14499999999999999,0.63,0.23400000000000001,0.14649999999999999,0.23000000000000001
0.53000000000000003,0.435,0.17000000000000001,0.8155,0.29849999999999999,0.155,0.27500000000000002
0.41999999999999998,0.33500000000000002,0.115,0.36899999999999999,0.17100000000000001,0.070999999999999994,0.12
0.44,0.34000000000000002,0.14000000000000001,0.48199999999999998,0.186,0.1085,0.16
0.40000000000000002,0.29999999999999999,0.11,0.315,0.109,0.067000000000000004,0.12
0.435,0.34000000000000002,0.11,0.3795,0.14949999999999999,0.085000000000000006,0.12
0.52500000000000002,0.41499999999999998,0.17000000000000001,0.83250000000000002,0.27550000000000002,0.16850000000000001,0.31
0.37,0.28000000000000003,0.095000000000000001,0.26550000000000001,0.122,0.051999999999999998,0.080000000000000002
0.48999999999999999,0.36499999999999999,0.14499999999999999,0.63449999999999995,0.19950000000000001,0.16250000000000001,0.22
0.33500000000000002,0.25,0.089999999999999997,0.18099999999999999,0.075499999999999998,0.041500000000000002,0.059999999999999998
0.41499999999999998,0.32500000000000001,0.105,0.38,0.1595,0.0785,0.12
0.5,0.40500000000000003,0.14000000000000001,0.61550000000000005,0.24099999999999999,0.13550000000000001,0.20499999999999999
0.48499999999999999,0.39500000000000002,0.16,0.66000000000000003,0.2475,0.128,0.23499999999999999
0.55000000000000004,0.40500000000000003,0.14000000000000001,0.80249999999999999,0.24399999999999999,0.16350000000000001,0.255
0.45000000000000001,0.34999999999999998,0.13,0.46000000000000002,0.17399999999999999,0.111,0.13500000000000001
0.40500000000000003,0.29999999999999999,0.12,0.32400000000000001,0.1265,0.070000000000000007,0.11
0.46999999999999997,0.35999999999999999,0.13500000000000001,0.501,0.16650000000000001,0.115,0.16500000000000001
0.41499999999999998,0.30499999999999999,0.13,0.32000000000000001,0.1305,0.075499999999999998,0.105
0.44500000000000001,0.32500000000000001,0.125,0.45500000000000002,0.17849999999999999,0.1125,0.14000000000000001
0.46999999999999997,0.34999999999999998,0.14499999999999999,0.51749999999999996,0.187,0.1235,0.17999999999999999
0.48999999999999999,0.375,0.14999999999999999,0.57550000000000001,0.22,0.14399999999999999,0.19
0.44500000000000001,0.35499999999999998,0.14999999999999999,0.48499999999999999,0.18099999999999999,0.125,0.155
0.42499999999999999,0.38,0.105,0.32650000000000001,0.1285,0.0785,0.10000000000000001
0.5,0.37,0.13500000000000001,0.45000000000000001,0.17150000000000001,0.1055,0.155
0.39000000000000001,0.28999999999999998,0.125,0.30549999999999999,0.121,0.082000000000000003,0.089999999999999997
0.36499999999999999,0.27000000000000002,0.085000000000000006,0.20499999999999999,0.078,0.048500000000000001,0.070000000000000007
0.57999999999999996,0.46500000000000002,0.16500000000000001,1.1014999999999999,0.40400000000000003,0.20949999999999999,0.34999999999999998
0.53000000000000003,0.41499999999999998,0.16,0.78300000000000003,0.29349999999999998,0.158,0.245
0.55500000000000005,0.44500000000000001,0.13500000000000001,0.83599999999999997,0.33600000000000002,0.16250000000000001,0.27500000000000002
0.56499999999999995,0.44,0.17499999999999999,0.90249999999999997,0.31,0.193,0.32500000000000001
0.625,0.505,0.215,1.4455,0.496,0.28699999999999998,0.435
0.27500000000000002,0.215,0.074999999999999997,0.11550000000000001,0.048500000000000001,0.029000000000000001,0.035000000000000003
0.44,0.34999999999999998,0.13500000000000001,0.435,0.18149999999999999,0.083000000000000004,0.125
0.29499999999999998,0.22500000000000001,0.080000000000000002,0.124,0.048500000000000001,0.032000000000000001,0.040000000000000001
0.074999999999999997,0.055,0.01,0.002,0.001,0.00050000000000000001,0.0015
0.13,0.10000000000000001,0.029999999999999999,0.012999999999999999,0.0044999999999999997,0.0030000000000000001,0.0040000000000000001
0.11,0.089999999999999997,0.029999999999999999,0.0080000000000000002,0.0025000000000000001,0.002,0.0030000000000000001
0.16,0.12,0.035000000000000003,0.021000000000000001,0.0074999999999999997,0.0044999999999999997,0.0050000000000000001
0.56499999999999995,0.42499999999999999,0.16,0.9425,0.34949999999999998,0.2185,0.27500000000000002
0.27000000000000002,0.20000000000000001,0.070000000000000007,0.10000000000000001,0.034000000000000002,0.024500000000000001,0.035000000000000003
0.23000000000000001,0.17499999999999999,0.065000000000000002,0.064500000000000002,0.025999999999999999,0.010500000000000001,0.02
0.29999999999999999,0.23000000000000001,0.080000000000000002,0.1275,0.043499999999999997,0.026499999999999999,0.040000000000000001
0.33000000000000002,0.255,0.085000000000000006,0.16550000000000001,0.063,0.039,0.059999999999999998
0.34999999999999998,0.26000000000000001,0.085000000000000006,0.17399999999999999,0.070499999999999993,0.034500000000000003,0.059999999999999998
0.32000000000000001,0.245,0.080000000000000002,0.1585,0.063500000000000001,0.032500000000000001,0.050000000000000003
0.35999999999999999,0.27500000000000002,0.085000000000000006,0.19750000000000001,0.074499999999999997,0.041500000000000002,0.070000000000000007
0.30499999999999999,0.245,0.074999999999999997,0.156,0.067500000000000004,0.037999999999999999,0.044999999999999998
0.34499999999999997,0.27000000000000002,0.11,0.2135,0.082000000000000003,0.0545,0.070000000000000007
0.33000000000000002,0.25,0.105,0.17150000000000001,0.065500000000000003,0.035000000000000003,0.059999999999999998
0.58999999999999997,0.46999999999999997,0.17999999999999999,1.1234999999999999,0.42049999999999998,0.28050000000000003,0.35999999999999999
0.59499999999999997,0.45500000000000002,0.155,1.0605,0.51349999999999996,0.2165,0.29999999999999999
0.57499999999999996,0.46000000000000002,0.185,1.0940000000000001,0.44850000000000001,0.217,0.34499999999999997
0.59999999999999998,0.495,0.16500000000000001,1.2415,0.48499999999999999,0.27750000000000002,0.34000000000000002
0.56000000000000005,0.45000000000000001,0.17499999999999999,1.0109999999999999,0.38350000000000001,0.20649999999999999,0.37
0.56000000000000005,0.45000000000000001,0.185,1.0700000000000001,0.3805,0.17499999999999999,0.40999999999999998
0.54500000000000004,0.46000000000000002,0.16,0.89749999999999996,0.34100000000000003,0.16550000000000001,0.34499999999999997
0.63500000000000001,0.505,0.17000000000000001,1.415,0.60499999999999998,0.29699999999999999,0.36499999999999999
0.58999999999999997,0.47499999999999998,0.16,1.1014999999999999,0.47749999999999998,0.2555,0.29499999999999998
0.54000000000000004,0.47499999999999998,0.155,0.92800000000000005,0.39400000000000002,0.19400000000000001,0.26000000000000001
0.56999999999999995,0.44,0.125,0.86499999999999999,0.36749999999999999,0.17249999999999999,0.27000000000000002
0.53000000000000003,0.41999999999999998,0.16500000000000001,0.89449999999999996,0.31900000000000001,0.23899999999999999,0.245
0.245,0.19500000000000001,0.059999999999999998,0.095000000000000001,0.044499999999999998,0.024500000000000001,0.025999999999999999
0.27000000000000002,0.20000000000000001,0.080000000000000002,0.1205,0.0465,0.028000000000000001,0.040000000000000001
0.46000000000000002,0.38,0.13,0.63900000000000001,0.29999999999999999,0.1525,0.16
0.52000000000000002,0.45000000000000001,0.14999999999999999,0.89500000000000002,0.36149999999999999,0.186,0.23499999999999999
0.34999999999999998,0.27500000000000002,0.11,0.29249999999999998,0.1225,0.063500000000000001,0.090499999999999997
0.46999999999999997,0.39000000000000001,0.14999999999999999,0.63549999999999995,0.2185,0.088499999999999995,0.255
0.45000000000000001,0.35999999999999999,0.125,0.4995,0.20349999999999999,0.10000000000000001,0.17000000000000001
0.64000000000000001,0.52500000000000002,0.215,1.7789999999999999,0.45350000000000001,0.28549999999999998,0.55000000000000004
0.58999999999999997,0.5,0.20000000000000001,1.1870000000000001,0.41199999999999998,0.27050000000000002,0.37
0.62,0.48499999999999999,0.20499999999999999,1.2190000000000001,0.38750000000000001,0.2505,0.38500000000000001
0.63,0.505,0.22500000000000001,1.5249999999999999,0.56000000000000005,0.33350000000000002,0.45000000000000001
0.63,0.51500000000000001,0.155,1.2589999999999999,0.41049999999999998,0.19700000000000001,0.40999999999999998
0.65500000000000003,0.54000000000000004,0.215,1.8440000000000001,0.74250000000000005,0.32700000000000001,0.58499999999999996
0.66000000000000003,0.53000000000000003,0.185,1.3485,0.49299999999999999,0.245,0.48999999999999999
0.60999999999999999,0.5,0.23999999999999999,1.6419999999999999,0.53200000000000003,0.33450000000000002,0.68999999999999995
0.63500000000000001,0.52500000000000002,0.20499999999999999,1.484,0.55000000000000004,0.3115,0.42999999999999999
0.51500000000000001,0.42499999999999999,0.13500000000000001,0.71199999999999997,0.26650000000000001,0.1605,0.25
0.53500000000000003,0.41499999999999998,0.185,0.84150000000000003,0.314,0.1585,0.29999999999999999
0.35999999999999999,0.28499999999999998,0.105,0.24149999999999999,0.091499999999999998,0.057000000000000002,0.074999999999999997
0.45500000000000002,0.35499999999999998,0.12,0.44950000000000001,0.17699999999999999,0.104,0.14999999999999999
0.48499999999999999,0.39500000000000002,0.14000000000000001,0.62949999999999995,0.22850000000000001,0.127,0.22500000000000001
0.51500000000000001,0.38,0.17499999999999999,0.95650000000000002,0.32500000000000001,0.158,0.31
0.53500000000000003,0.41499999999999998,0.17000000000000001,0.879,0.29499999999999998,0.19650000000000001,0.28499999999999998
0.53000000000000003,0.435,0.155,0.69899999999999995,0.28799999999999998,0.1595,0.20499999999999999
0.495,0.40000000000000002,0.155,0.64449999999999996,0.24199999999999999,0.13250000000000001,0.20499999999999999
0.44,0.35499999999999998,0.125,0.47749999999999998,0.13200000000000001,0.081500000000000003,0.19
0.53500000000000003,0.435,0.16,0.8105,0.3155,0.17949999999999999,0.23999999999999999
0.54000000000000004,0.435,0.17999999999999999,0.996,0.38350000000000001,0.22600000000000001,0.32500000000000001
0.56499999999999995,0.505,0.20999999999999999,1.2765,0.501,0.27900000000000003,0.35499999999999998
0.60999999999999999,0.47499999999999998,0.16500000000000001,1.1160000000000001,0.42799999999999999,0.2205,0.315
0.56499999999999995,0.45500000000000002,0.17499999999999999,1.0129999999999999,0.34200000000000003,0.20699999999999999,0.34999999999999998
0.59999999999999998,0.495,0.19500000000000001,1.0575000000000001,0.38400000000000001,0.19,0.375
0.29499999999999998,0.215,0.085000000000000006,0.128,0.049000000000000002,0.034000000000000002,0.040000000000000001
0.27500000000000002,0.20499999999999999,0.074999999999999997,0.1105,0.044999999999999998,0.028500000000000001,0.035000000000000003
0.28000000000000003,0.20999999999999999,0.085000000000000006,0.1065,0.039,0.029499999999999998,0.029999999999999999
0.48999999999999999,0.39500000000000002,0.14000000000000001,0.54900000000000004,0.2215,0.1275,0.14999999999999999
0.37,0.28000000000000003,0.105,0.23400000000000001,0.090499999999999997,0.058500000000000003,0.074999999999999997
0.40500000000000003,0.30499999999999999,0.095000000000000001,0.34849999999999998,0.14549999999999999,0.089499999999999996,0.10000000000000001
0.54000000000000004,0.435,0.17499999999999999,0.89200000000000002,0.32200000000000001,0.17399999999999999,0.33500000000000002
0.37,0.28000000000000003,0.10000000000000001,0.252,0.1065,0.059499999999999997,0.073999999999999996
0.35999999999999999,0.27000000000000002,0.10000000000000001,0.217,0.088499999999999995,0.049500000000000002,0.071499999999999994
0.46999999999999997,0.35999999999999999,0.13,0.47199999999999998,0.182,0.114,0.14999999999999999
0.20000000000000001,0.14499999999999999,0.059999999999999998,0.036999999999999998,0.012500000000000001,0.0094999999999999998,0.010999999999999999
0.16500000000000001,0.12,0.029999999999999999,0.021499999999999998,0.0070000000000000001,0.0050000000000000001,0.0050000000000000001
0.64500000000000002,0.51500000000000001,0.23999999999999999,1.5415000000000001,0.47099999999999997,0.36899999999999999,0.53500000000000003
0.55000000000000004,0.40999999999999998,0.125,0.76049999999999995,0.2505,0.16350000000000001,0.19500000000000001
0.56999999999999995,0.435,0.14499999999999999,0.90549999999999997,0.39250000000000002,0.23549999999999999,0.27500000000000002
0.63,0.48499999999999999,0.19,1.2435,0.46350000000000002,0.30549999999999999,0.39000000000000001
0.56000000000000005,0.44,0.14000000000000001,0.97099999999999997,0.443,0.20449999999999999,0.26500000000000001
0.59499999999999997,0.45500000000000002,0.19500000000000001,1.3305,0.45950000000000002,0.32350000000000001,0.34499999999999997
0.62,0.46999999999999997,0.20000000000000001,1.2255,0.38100000000000001,0.27000000000000002,0.435
0.63,0.48499999999999999,0.17499999999999999,1.3,0.4335,0.29449999999999998,0.46000000000000002
0.45000000000000001,0.35499999999999998,0.11,0.45850000000000002,0.19400000000000001,0.067000000000000004,0.14000000000000001
0.63500000000000001,0.53500000000000003,0.19,1.242,0.57599999999999996,0.2475,0.39000000000000001
0.45000000000000001,0.34999999999999998,0.10000000000000001,0.36749999999999999,0.14649999999999999,0.10150000000000001,0.12
0.57999999999999996,0.45500000000000002,0.155,0.83650000000000002,0.315,0.13850000000000001,0.32000000000000001
0.33000000000000002,0.255,0.095000000000000001,0.17199999999999999,0.066000000000000003,0.025499999999999998,0.059999999999999998
0.26500000000000001,0.20999999999999999,0.059999999999999998,0.096500000000000002,0.042500000000000003,0.021999999999999999,0.029999999999999999
0.19,0.14499999999999999,0.040000000000000001,0.037999999999999999,0.016500000000000001,0.0064999999999999997,0.014999999999999999
0.38500000000000001,0.31,0.10000000000000001,0.28449999999999998,0.1065,0.074999999999999997,0.10000000000000001
0.26500000000000001,0.20499999999999999,0.070000000000000007,0.1055,0.039,0.041000000000000002,0.035000000000000003
0.33500000000000002,0.26500000000000001,0.105,0.222,0.0935,0.056000000000000001,0.074999999999999997
0.35499999999999998,0.27500000000000002,0.089999999999999997,0.251,0.097000000000000003,0.052999999999999999,0.080000000000000002
0.32000000000000001,0.255,0.10000000000000001,0.17549999999999999,0.072999999999999995,0.041500000000000002,0.065000000000000002
0.51000000000000001,0.40000000000000002,0.13,0.64349999999999996,0.27000000000000002,0.16650000000000001,0.20499999999999999
0.35999999999999999,0.29499999999999998,0.105,0.24099999999999999,0.086499999999999994,0.052999999999999999,0.095000000000000001
0.35999999999999999,0.28000000000000003,0.089999999999999997,0.22550000000000001,0.088499999999999995,0.040000000000000001,0.089999999999999997
0.5,0.38,0.155,0.59550000000000003,0.2135,0.161,0.20000000000000001
0.40000000000000002,0.32500000000000001,0.12,0.31850000000000001,0.13400000000000001,0.056500000000000002,0.095000000000000001
0.29999999999999999,0.22,0.080000000000000002,0.121,0.047500000000000001,0.042000000000000003,0.035000000000000003
0.23499999999999999,0.17499999999999999,0.040000000000000001,0.070499999999999993,0.033500000000000002,0.014999999999999999,0.02
0.73999999999999999,0.59999999999999998,0.19500000000000001,1.974,0.59799999999999998,0.40849999999999997,0.70999999999999996
0.62,0.46500000000000002,0.19,1.3414999999999999,0.57050000000000001,0.3175,0.35499999999999998
0.59999999999999998,0.47499999999999998,0.19,1.0874999999999999,0.40300000000000002,0.26550000000000001,0.32500000000000001
0.58999999999999997,0.45000000000000001,0.185,1.2829999999999999,0.47299999999999998,0.27600000000000002,0.42499999999999999
0.62,0.47499999999999998,0.185,1.325,0.60450000000000004,0.32500000000000001,0.33000000000000002
0.56499999999999995,0.45000000000000001,0.19500000000000001,1.0035000000000001,0.40600000000000003,0.2505,0.28499999999999998
0.57499999999999996,0.45500000000000002,0.14499999999999999,1.165,0.58099999999999996,0.22750000000000001,0.29999999999999999
0.62,0.51000000000000001,0.20499999999999999,1.3474999999999999,0.47749999999999998,0.25650000000000001,0.47999999999999998
0.62,0.46500000000000002,0.185,1.274,0.57899999999999996,0.30649999999999999,0.32000000000000001
0.505,0.375,0.17999999999999999,0.56799999999999995,0.23250000000000001,0.14949999999999999,0.17000000000000001
0.46000000000000002,0.42499999999999999,0.155,0.746,0.30049999999999999,0.152,0.23999999999999999
0.48999999999999999,0.39000000000000001,0.14000000000000001,0.70699999999999996,0.27950000000000003,0.2185,0.17999999999999999
0.52500000000000002,0.41999999999999998,0.16,0.75600000000000001,0.27450000000000002,0.17299999999999999,0.27500000000000002
0.34000000000000002,0.26000000000000001,0.080000000000000002,0.20000000000000001,0.080000000000000002,0.055500000000000001,0.055
0.375,0.30499999999999999,0.115,0.27150000000000002,0.091999999999999998,0.073999999999999996,0.089999999999999997
0.60999999999999999,0.47999999999999998,0.14999999999999999,1.2,0.56000000000000005,0.2455,0.28000000000000003
0.60999999999999999,0.495,0.185,1.153,0.53600000000000003,0.29049999999999998,0.245
0.58499999999999996,0.45000000000000001,0.17000000000000001,0.86850000000000005,0.33250000000000002,0.16350000000000001,0.27000000000000002
0.56999999999999995,0.46000000000000002,0.14000000000000001,0.95350000000000001,0.44650000000000001,0.20649999999999999,0.245
0.57999999999999996,0.45500000000000002,0.17000000000000001,0.93000000000000005,0.40799999999999997,0.25900000000000001,0.22
0.63500000000000001,0.51500000000000001,0.17000000000000001,1.2749999999999999,0.50900000000000001,0.28599999999999998,0.34000000000000002
0.69999999999999996,0.57999999999999996,0.20499999999999999,2.1299999999999999,0.74150000000000005,0.48999999999999999,0.57999999999999996
0.67500000000000004,0.52500000000000002,0.185,1.587,0.69350000000000001,0.33600000000000002,0.39500000000000002
0.64500000000000002,0.52500000000000002,0.19,1.8085,0.70350000000000001,0.38850000000000001,0.39500000000000002
0.745,0.58499999999999996,0.215,2.4990000000000001,0.92649999999999999,0.47199999999999998,0.69999999999999996
0.68500000000000005,0.54500000000000004,0.17999999999999999,1.768,0.74950000000000006,0.39200000000000002,0.48499999999999999
0.60499999999999998,0.48999999999999999,0.17999999999999999,1.2270000000000001,0.47999999999999998,0.28699999999999998,0.34999999999999998
0.58999999999999997,0.46500000000000002,0.14999999999999999,0.997,0.39200000000000002,0.246,0.34000000000000002
0.65000000000000002,0.52500000000000002,0.17499999999999999,1.4225000000000001,0.60999999999999999,0.29949999999999999,0.44500000000000001
0.59999999999999998,0.47999999999999998,0.14999999999999999,1.0289999999999999,0.40849999999999997,0.27050000000000002,0.29499999999999998
0.62,0.5,0.17499999999999999,1.1859999999999999,0.4985,0.30149999999999999,0.34999999999999998
0.63,0.51500000000000001,0.16,1.016,0.42149999999999999,0.24399999999999999,0.35499999999999998
0.57999999999999996,0.46500000000000002,0.14499999999999999,0.88700000000000001,0.4405,0.16550000000000001,0.26500000000000001
0.57999999999999996,0.45500000000000002,0.12,1.0734999999999999,0.47899999999999998,0.27350000000000002,0.26500000000000001
0.63,0.48999999999999999,0.17999999999999999,1.1299999999999999,0.45800000000000002,0.27650000000000002,0.315
0.68999999999999995,0.56000000000000005,0.215,1.7190000000000001,0.68000000000000005,0.29899999999999999,0.46999999999999997
0.65000000000000002,0.54500000000000004,0.16500000000000001,1.5660000000000001,0.66449999999999998,0.34549999999999997,0.41499999999999998
0.66000000000000003,0.56499999999999995,0.19500000000000001,1.7605,0.69199999999999995,0.32650000000000001,0.5
0.68000000000000005,0.57999999999999996,0.20000000000000001,1.7869999999999999,0.58499999999999996,0.45300000000000001,0.59999999999999998
0.69999999999999996,0.57499999999999996,0.17000000000000001,1.3100000000000001,0.50949999999999995,0.314,0.41999999999999998
0.68500000000000005,0.52000000000000002,0.14999999999999999,1.343,0.46350000000000002,0.29199999999999998,0.40000000000000002
0.67500000000000004,0.54500000000000004,0.19500000000000001,1.7344999999999999,0.6845,0.3695,0.60499999999999998
0.63,0.48999999999999999,0.19,1.1775,0.49349999999999999,0.33650000000000002,0.28499999999999998
0.58499999999999996,0.45000000000000001,0.16,1.077,0.4995,0.28749999999999998,0.25
0.56499999999999995,0.46500000000000002,0.17499999999999999,0.995,0.38950000000000001,0.183,0.37
0.60999999999999999,0.495,0.185,1.1085,0.3705,0.3135,0.33000000000000002
0.60499999999999998,0.46999999999999997,0.17999999999999999,1.1405000000000001,0.3755,0.28050000000000003,0.38500000000000001
0.53500000000000003,0.41999999999999998,0.14499999999999999,0.79100000000000004,0.33000000000000002,0.189,0.25
0.48499999999999999,0.40000000000000002,0.13500000000000001,0.66300000000000003,0.313,0.13700000000000001,0.20000000000000001
0.46999999999999997,0.375,0.12,0.55649999999999999,0.22600000000000001,0.122,0.19500000000000001
0.54500000000000004,0.42499999999999999,0.13500000000000001,0.84450000000000003,0.373,0.20999999999999999,0.23499999999999999
0.45500000000000002,0.37,0.105,0.49249999999999999,0.216,0.1245,0.13500000000000001
0.54000000000000004,0.41999999999999998,0.155,0.73850000000000005,0.35149999999999998,0.152,0.215
0.46000000000000002,0.38,0.13500000000000001,0.48199999999999998,0.20699999999999999,0.1225,0.14499999999999999
0.48999999999999999,0.41999999999999998,0.125,0.60899999999999999,0.23899999999999999,0.14349999999999999,0.22
0.46500000000000002,0.375,0.12,0.47099999999999997,0.222,0.11899999999999999,0.14000000000000001
0.41499999999999998,0.32500000000000001,0.10000000000000001,0.32150000000000001,0.1535,0.059499999999999997,0.105
0.47499999999999998,0.375,0.125,0.59299999999999997,0.27700000000000002,0.115,0.17999999999999999
0.46999999999999997,0.375,0.125,0.5615,0.252,0.13700000000000001,0.17999999999999999
0.36499999999999999,0.29499999999999998,0.095000000000000001,0.25,0.1075,0.0545,0.080000000000000002
0.34499999999999997,0.27500000000000002,0.095000000000000001,0.19950000000000001,0.075499999999999998,0.053499999999999999,0.070000000000000007
0.39000000000000001,0.31,0.10000000000000001,0.30199999999999999,0.11600000000000001,0.064000000000000001,0.115
0.5,0.39500000000000002,0.14000000000000001,0.71550000000000002,0.3165,0.17599999999999999,0.23999999999999999
0.46999999999999997,0.38,0.14499999999999999,0.58650000000000002,0.23849999999999999,0.14399999999999999,0.185
0.53500000000000003,0.44,0.14999999999999999,0.67649999999999999,0.25600000000000001,0.13900000000000001,0.26000000000000001
0.58499999999999996,0.45500000000000002,0.14999999999999999,0.98699999999999999,0.4355,0.20749999999999999,0.31
0.48499999999999999,0.36499999999999999,0.12,0.58850000000000002,0.27000000000000002,0.13100000000000001,0.17499999999999999
0.51500000000000001,0.45500000000000002,0.13500000000000001,0.72250000000000003,0.29499999999999998,0.16250000000000001,0.23499999999999999
0.435,0.32500000000000001,0.11,0.4335,0.17799999999999999,0.098500000000000004,0.155
0.51500000000000001,0.41499999999999998,0.14000000000000001,0.69350000000000001,0.3115,0.152,0.20000000000000001
0.44,0.34499999999999997,0.12,0.36499999999999999,0.16550000000000001,0.083000000000000004,0.11
0.52500000000000002,0.44,0.14999999999999999,0.84250000000000003,0.36849999999999999,0.19850000000000001,0.23999999999999999
0.45000000000000001,0.35499999999999998,0.115,0.47899999999999998,0.21249999999999999,0.1045,0.14999999999999999
0.58999999999999997,0.48499999999999999,0.12,0.91100000000000003,0.39000000000000001,0.182,0.28999999999999998
0.55500000000000005,0.45000000000000001,0.14499999999999999,0.91500000000000004,0.40000000000000002,0.246,0.28499999999999998
0.56999999999999995,0.44,0.095000000000000001,0.82699999999999996,0.33950000000000002,0.2215,0.23499999999999999
0.58999999999999997,0.5,0.16500000000000001,1.1045,0.45650000000000002,0.24249999999999999,0.34000000000000002
0.58499999999999996,0.47499999999999998,0.12,0.94499999999999995,0.40999999999999998,0.21149999999999999,0.28000000000000003
0.57999999999999996,0.46000000000000002,0.12,0.99350000000000005,0.46250000000000002,0.23849999999999999,0.28000000000000003
0.54500000000000004,0.44,0.12,0.85650000000000004,0.34749999999999998,0.17150000000000001,0.23999999999999999
0.60499999999999998,0.495,0.17000000000000001,1.2384999999999999,0.52800000000000002,0.2465,0.39000000000000001
0.62,0.46999999999999997,0.14000000000000001,1.0325,0.36049999999999999,0.224,0.35999999999999999
0.63,0.5,0.17000000000000001,1.3134999999999999,0.5595,0.26700000000000002,0.40000000000000002
0.63,0.51500000000000001,0.16500000000000001,1.3520000000000001,0.48799999999999999,0.34899999999999998,0.45000000000000001
0.63,0.5,0.155,1.0049999999999999,0.36699999999999999,0.19900000000000001,0.35999999999999999
0.54500000000000004,0.40999999999999998,0.14000000000000001,0.625,0.223,0.16,0.23499999999999999
0.67000000000000004,0.54000000000000004,0.16500000000000001,1.5015000000000001,0.51800000000000002,0.35799999999999998,0.505
0.48999999999999999,0.38,0.12,0.52900000000000003,0.2165,0.13900000000000001,0.155
0.48999999999999999,0.39000000000000001,0.13500000000000001,0.57850000000000001,0.2465,0.123,0.20000000000000001
0.28999999999999998,0.22500000000000001,0.070000000000000007,0.10100000000000001,0.035999999999999997,0.0235,0.035000000000000003
0.26000000000000001,0.20000000000000001,0.070000000000000007,0.091999999999999998,0.036999999999999998,0.02,0.029999999999999999
0.57999999999999996,0.45000000000000001,0.17499999999999999,1.0680000000000001,0.42499999999999999,0.20300000000000001,0.32000000000000001
0.60999999999999999,0.48499999999999999,0.16500000000000001,1.0914999999999999,0.39350000000000002,0.24349999999999999,0.33000000000000002
0.59999999999999998,0.5,0.16,1.0149999999999999,0.39950000000000002,0.17349999999999999,0.33000000000000002
0.56000000000000005,0.45500000000000002,0.125,0.94299999999999995,0.34399999999999997,0.129,0.375
0.57499999999999996,0.45000000000000001,0.17000000000000001,1.0475000000000001,0.3775,0.17050000000000001,0.38500000000000001
0.56999999999999995,0.45000000000000001,0.17499999999999999,0.95550000000000002,0.38,0.16650000000000001,0.29499999999999998
0.59999999999999998,0.46999999999999997,0.155,1.036,0.4375,0.19600000000000001,0.32500000000000001
0.56499999999999995,0.45500000000000002,0.17000000000000001,0.90649999999999997,0.34200000000000003,0.156,0.32000000000000001
0.54500000000000004,0.41999999999999998,0.14000000000000001,0.75049999999999994,0.2475,0.13,0.255
0.44,0.34499999999999997,0.10000000000000001,0.36599999999999999,0.122,0.090499999999999997,0.12
0.5,0.40999999999999998,0.14999999999999999,0.66200000000000003,0.28149999999999997,0.13700000000000001,0.22
0.35999999999999999,0.27500000000000002,0.095000000000000001,0.217,0.084000000000000005,0.043499999999999997,0.089999999999999997
0.38500000000000001,0.30499999999999999,0.095000000000000001,0.252,0.091499999999999998,0.055,0.089999999999999997
0.39000000000000001,0.29999999999999999,0.089999999999999997,0.30549999999999999,0.14299999999999999,0.064500000000000002,0.085000000000000006
0.5,0.41499999999999998,0.16500000000000001,0.6885,0.249,0.13800000000000001,0.25
0.35999999999999999,0.27500000000000002,0.11,0.23350000000000001,0.095000000000000001,0.052499999999999998,0.085000000000000006
0.33500000000000002,0.26000000000000001,0.10000000000000001,0.192,0.0785,0.058500000000000003,0.070000000000000007
0.505,0.42499999999999999,0.14000000000000001,0.84999999999999998,0.27500000000000002,0.16250000000000001,0.28499999999999998
0.39500000000000002,0.29499999999999998,0.10000000000000001,0.27150000000000002,0.13400000000000001,0.032500000000000001,0.085000000000000006
0.40999999999999998,0.32500000000000001,0.105,0.36349999999999999,0.159,0.076999999999999999,0.12
0.56000000000000005,0.45500000000000002,0.19,0.71399999999999997,0.28299999999999997,0.129,0.27500000000000002
0.56499999999999995,0.435,0.185,0.98150000000000004,0.32900000000000001,0.13600000000000001,0.39000000000000001
0.56499999999999995,0.45500000000000002,0.185,0.92649999999999999,0.35399999999999998,0.1575,0.375
0.60499999999999998,0.5,0.17499999999999999,1.0980000000000001,0.47649999999999998,0.23200000000000001,0.375
0.56499999999999995,0.45500000000000002,0.14999999999999999,0.82050000000000001,0.36499999999999999,0.159,0.26000000000000001
0.72499999999999998,0.56499999999999995,0.215,1.891,0.69750000000000001,0.47249999999999998,0.57999999999999996
0.67500000000000004,0.53500000000000003,0.16,1.4099999999999999,0.59199999999999997,0.3175,0.41999999999999998
0.66500000000000004,0.55500000000000005,0.19500000000000001,1.4384999999999999,0.58099999999999996,0.35399999999999998,0.35999999999999999
0.56499999999999995,0.48999999999999999,0.155,0.92449999999999999,0.40500000000000003,0.2195,0.255
0.64500000000000002,0.55000000000000004,0.17499999999999999,1.2915000000000001,0.56999999999999995,0.30449999999999999,0.33000000000000002
0.57499999999999996,0.46999999999999997,0.14000000000000001,0.83750000000000002,0.34849999999999998,0.17349999999999999,0.23999999999999999
0.64000000000000001,0.54000000000000004,0.17499999999999999,1.2210000000000001,0.51000000000000001,0.25900000000000001,0.39000000000000001
0.35999999999999999,0.28000000000000003,0.105,0.19900000000000001,0.069500000000000006,0.044999999999999998,0.080000000000000002
0.41499999999999998,0.31,0.11,0.29649999999999999,0.123,0.057000000000000002,0.099500000000000005
0.52500000000000002,0.40999999999999998,0.13500000000000001,0.70850000000000002,0.29299999999999998,0.1525,0.23499999999999999
0.38,0.28499999999999998,0.10000000000000001,0.26650000000000001,0.115,0.060999999999999999,0.074999999999999997
0.58499999999999996,0.46500000000000002,0.17000000000000001,0.99150000000000005,0.38650000000000001,0.224,0.26500000000000001
0.23999999999999999,0.185,0.070000000000000007,0.071499999999999994,0.025999999999999999,0.017999999999999999,0.025000000000000001
0.22,0.16500000000000001,0.055,0.0545,0.021499999999999998,0.012,0.02
0.255,0.19500000000000001,0.070000000000000007,0.073499999999999996,0.025499999999999998,0.02,0.025000000000000001
0.17499999999999999,0.125,0.050000000000000003,0.0235,0.0080000000000000002,0.0035000000000000001,0.0080000000000000002
0.67000000000000004,0.55000000000000004,0.19,1.3905000000000001,0.54249999999999998,0.30349999999999999,0.40000000000000002
0.65500000000000003,0.53000000000000003,0.19500000000000001,1.3879999999999999,0.56699999999999995,0.27350000000000002,0.40999999999999998
0.68000000000000005,0.55000000000000004,0.20999999999999999,1.7444999999999999,0.59750000000000003,0.30499999999999999,0.625
0.67500000000000004,0.55500000000000005,0.20000000000000001,1.4384999999999999,0.54500000000000004,0.26650000000000001,0.46500000000000002
0.53000000000000003,0.44,0.13500000000000001,0.78349999999999997,0.313,0.17150000000000001,0.2185
0.51500000000000001,0.40500000000000003,0.12,0.64600000000000002,0.28949999999999998,0.14050000000000001,0.17699999999999999
0.42999999999999999,0.34000000000000002,0.12,0.35749999999999998,0.151,0.064500000000000002,0.1045
0.52000000000000002,0.40500000000000003,0.12,0.627,0.26450000000000001,0.14149999999999999,0.18099999999999999
0.54500000000000004,0.41499999999999998,0.16,0.77149999999999996,0.27200000000000002,0.14549999999999999,0.27650000000000002
0.53000000000000003,0.41499999999999998,0.17499999999999999,0.73950000000000005,0.26100000000000001,0.13950000000000001,0.26450000000000001
0.46500000000000002,0.34999999999999998,0.115,0.42099999999999999,0.1565,0.090999999999999998,0.13450000000000001
0.66500000000000004,0.54000000000000004,0.17499999999999999,1.347,0.4955,0.254,0.41499999999999998
0.73499999999999999,0.58999999999999997,0.22500000000000001,1.756,0.63700000000000001,0.34050000000000002,0.57999999999999996
0.66000000000000003,0.54500000000000004,0.185,1.3200000000000001,0.53049999999999997,0.26350000000000001,0.45500000000000002
0.69999999999999996,0.58499999999999996,0.185,1.8075000000000001,0.70550000000000002,0.32150000000000001,0.47499999999999998
0.57499999999999996,0.40000000000000002,0.155,0.9325,0.36049999999999999,0.2445,0.29999999999999999
0.56999999999999995,0.46500000000000002,0.125,0.84899999999999998,0.3785,0.17649999999999999,0.23999999999999999
0.57999999999999996,0.46000000000000002,0.14999999999999999,0.99550000000000005,0.42899999999999999,0.21199999999999999,0.26000000000000001
0.63,0.47999999999999998,0.14499999999999999,1.0115000000000001,0.42349999999999999,0.23699999999999999,0.30499999999999999
0.58499999999999996,0.46500000000000002,0.14000000000000001,0.90800000000000003,0.38100000000000001,0.1615,0.315
0.55000000000000004,0.45000000000000001,0.13,0.92000000000000004,0.378,0.23849999999999999,0.28999999999999998
0.625,0.51500000000000001,0.14999999999999999,1.2415,0.52349999999999997,0.30649999999999999,0.35999999999999999
0.54000000000000004,0.41999999999999998,0.13500000000000001,0.8075,0.34849999999999998,0.17949999999999999,0.23499999999999999
0.56999999999999995,0.45500000000000002,0.16500000000000001,1.0595000000000001,0.44,0.2195,0.28499999999999998
0.58999999999999997,0.45500000000000002,0.14499999999999999,1.073,0.47499999999999998,0.19,0.28499999999999998
0.57999999999999996,0.46000000000000002,0.13,0.92100000000000004,0.35699999999999998,0.18099999999999999,0.28999999999999998
0.65500000000000003,0.51000000000000001,0.155,1.2895000000000001,0.53449999999999998,0.28549999999999998,0.40999999999999998
0.65500000000000003,0.53000000000000003,0.17499999999999999,1.2635000000000001,0.48599999999999999,0.26350000000000001,0.41499999999999998
0.625,0.5,0.19500000000000001,1.369,0.58750000000000002,0.2185,0.37
0.625,0.5,0.14999999999999999,0.95299999999999996,0.34449999999999997,0.2235,0.30499999999999999
0.64000000000000001,0.52000000000000002,0.17499999999999999,1.248,0.42449999999999999,0.25950000000000001,0.47999999999999998
0.60499999999999998,0.48499999999999999,0.16500000000000001,1.0105,0.435,0.20899999999999999,0.29999999999999999
0.61499999999999999,0.52500000000000002,0.155,1.0385,0.42699999999999999,0.23150000000000001,0.34499999999999997
0.55500000000000005,0.45000000000000001,0.17499999999999999,0.874,0.32750000000000001,0.20200000000000001,0.30499999999999999
0.57999999999999996,0.44,0.17999999999999999,0.85399999999999998,0.36649999999999999,0.16350000000000001,0.245
0.62,0.52000000000000002,0.22500000000000001,1.1835,0.378,0.27000000000000002,0.39500000000000002
0.62,0.46999999999999997,0.22500000000000001,1.115,0.378,0.2145,0.35999999999999999
0.59999999999999998,0.505,0.19,1.129,0.4385,0.25600000000000001,0.35999999999999999
0.625,0.48499999999999999,0.19,1.1745000000000001,0.4385,0.23050000000000001,0.41999999999999998
0.59999999999999998,0.46999999999999997,0.17499999999999999,1.105,0.48649999999999999,0.247,0.315
0.56000000000000005,0.46000000000000002,0.23499999999999999,0.83950000000000002,0.33250000000000002,0.157,0.30499999999999999
0.58499999999999996,0.45500000000000002,0.22500000000000001,1.0549999999999999,0.38150000000000001,0.221,0.36499999999999999
0.56000000000000005,0.435,0.17999999999999999,0.88900000000000001,0.35999999999999999,0.20399999999999999,0.25
0.56000000000000005,0.44500000000000001,0.155,0.87350000000000005,0.30049999999999999,0.20899999999999999,0.27500000000000002
0.68000000000000005,0.53000000000000003,0.185,1.1094999999999999,0.439,0.245,0.34000000000000002
0.45500000000000002,0.34999999999999998,0.14000000000000001,0.51849999999999996,0.221,0.1265,0.13500000000000001
0.48999999999999999,0.38,0.14499999999999999,0.67249999999999999,0.249,0.18099999999999999,0.20999999999999999
0.31,0.22,0.085000000000000006,0.14599999999999999,0.060999999999999999,0.036499999999999998,0.044999999999999998
0.27500000000000002,0.19500000000000001,0.070000000000000007,0.080000000000000002,0.031,0.021499999999999998,0.025000000000000001
0.27000000000000002,0.19500000000000001,0.080000000000000002,0.10000000000000001,0.0385,0.0195,0.029999999999999999
0.40000000000000002,0.28999999999999998,0.115,0.27950000000000003,0.1115,0.057500000000000002,0.074999999999999997
0.28000000000000003,0.20000000000000001,0.080000000000000002,0.091499999999999998,0.033000000000000002,0.021499999999999998,0.029999999999999999
0.32500000000000001,0.23000000000000001,0.089999999999999997,0.14699999999999999,0.059999999999999998,0.034000000000000002,0.044999999999999998
0.34499999999999997,0.25,0.089999999999999997,0.20300000000000001,0.078,0.058999999999999997,0.055
0.20999999999999999,0.14999999999999999,0.050000000000000003,0.0385,0.0155,0.0085000000000000006,0.01
0.35999999999999999,0.27000000000000002,0.089999999999999997,0.1885,0.084500000000000006,0.0385,0.055
0.36499999999999999,0.26000000000000001,0.115,0.218,0.0935,0.044499999999999998,0.070000000000000007
0.20000000000000001,0.14000000000000001,0.055,0.035000000000000003,0.014500000000000001,0.0080000000000000002,0.01
0.23499999999999999,0.16,0.059999999999999998,0.0545,0.026499999999999999,0.0094999999999999998,0.014999999999999999
0.17499999999999999,0.125,0.040000000000000001,0.024,0.0094999999999999998,0.0060000000000000001,0.0050000000000000001
0.155,0.11,0.040000000000000001,0.0155,0.0064999999999999997,0.0030000000000000001,0.0050000000000000001
0.56999999999999995,0.44500000000000001,0.155,0.73299999999999998,0.28199999999999997,0.159,0.23499999999999999
0.56999999999999995,0.45000000000000001,0.16,0.97150000000000003,0.39650000000000002,0.255,0.26000000000000001
0.38500000000000001,0.29999999999999999,0.095000000000000001,0.23999999999999999,0.088499999999999995,0.058999999999999997,0.085000000000000006
0.53000000000000003,0.41999999999999998,0.185,0.752,0.29899999999999999,0.156,0.20499999999999999
0.46000000000000002,0.35499999999999998,0.13,0.45800000000000002,0.192,0.1055,0.13
0.46999999999999997,0.37,0.12,0.47049999999999997,0.1845,0.1055,0.155
0.435,0.33500000000000002,0.11,0.38,0.16950000000000001,0.085999999999999993,0.11
0.46999999999999997,0.37,0.14000000000000001,0.4985,0.20949999999999999,0.1225,0.14499999999999999
0.46500000000000002,0.38,0.13,0.45400000000000001,0.1895,0.080000000000000002,0.155
0.52000000000000002,0.40500000000000003,0.14000000000000001,0.57750000000000001,0.20000000000000001,0.14499999999999999,0.17899999999999999
0.28999999999999998,0.23000000000000001,0.074999999999999997,0.11650000000000001,0.042999999999999997,0.025499999999999998,0.040000000000000001
0.27500000000000002,0.20499999999999999,0.070000000000000007,0.094,0.033500000000000002,0.02,0.032500000000000001
0.375,0.28999999999999998,0.115,0.27050000000000002,0.092999999999999999,0.066000000000000003,0.088499999999999995
0.5,0.375,0.14000000000000001,0.60399999999999998,0.24199999999999999,0.14149999999999999,0.17899999999999999
0.44,0.35499999999999998,0.115,0.41499999999999998,0.1585,0.092499999999999999,0.13100000000000001
0.41999999999999998,0.32500000000000001,0.115,0.28849999999999998,0.10000000000000001,0.057000000000000002,0.1135
0.44500000000000001,0.34999999999999998,0.115,0.36149999999999999,0.1565,0.069500000000000006,0.11700000000000001
0.38,0.28999999999999998,0.105,0.25700000000000001,0.099000000000000005,0.050999999999999997,0.085000000000000006
0.32000000000000001,0.245,0.074999999999999997,0.1555,0.058500000000000003,0.037999999999999999,0.049000000000000002
0.255,0.19500000000000001,0.065000000000000002,0.080000000000000002,0.0315,0.017999999999999999,0.027
0.20499999999999999,0.155,0.044999999999999998,0.042500000000000003,0.017000000000000001,0.0054999999999999997,0.0155
0.56499999999999995,0.45000000000000001,0.16,0.79500000000000004,0.36049999999999999,0.1555,0.23000000000000001
0.55500000000000005,0.42499999999999999,0.17999999999999999,0.875,0.3695,0.20050000000000001,0.255
0.65000000000000002,0.51500000000000001,0.16,1.1625000000000001,0.495,0.20300000000000001,0.33000000000000002
0.61499999999999999,0.48999999999999999,0.155,0.98850000000000005,0.41449999999999998,0.19500000000000001,0.34499999999999997
0.56000000000000005,0.44,0.16500000000000001,0.80000000000000004,0.33500000000000002,0.17349999999999999,0.25
0.47999999999999998,0.37,0.12,0.51400000000000001,0.20749999999999999,0.13100000000000001,0.155
0.48499999999999999,0.39000000000000001,0.125,0.59099999999999997,0.28699999999999998,0.14099999999999999,0.12
0.5,0.38500000000000001,0.14999999999999999,0.62649999999999995,0.26050000000000001,0.16650000000000001,0.16
0.52500000000000002,0.40500000000000003,0.14999999999999999,0.79500000000000004,0.3075,0.20499999999999999,0.255
0.66000000000000003,0.5,0.16500000000000001,1.1904999999999999,0.45850000000000002,0.29799999999999999,0.37
0.66000000000000003,0.53000000000000003,0.17000000000000001,1.3260000000000001,0.51900000000000002,0.26250000000000001,0.44
0.52000000000000002,0.40000000000000002,0.14499999999999999,0.66000000000000003,0.26700000000000002,0.1055,0.22
0.44,0.34000000000000002,0.105,0.36399999999999999,0.14799999999999999,0.080500000000000002,0.11749999999999999
0.51500000000000001,0.40000000000000002,0.12,0.65900000000000003,0.27050000000000002,0.17899999999999999,0.17000000000000001
0.47499999999999998,0.34999999999999998,0.115,0.45200000000000001,0.17150000000000001,0.091999999999999998,0.155
0.54500000000000004,0.41499999999999998,0.14999999999999999,0.73350000000000004,0.27950000000000003,0.16300000000000001,0.2185
0.46999999999999997,0.35499999999999998,0.13,0.54649999999999999,0.20050000000000001,0.126,0.185
0.34999999999999998,0.255,0.065000000000000002,0.17899999999999999,0.070499999999999993,0.0385,0.059999999999999998
0.48499999999999999,0.35499999999999998,0.13,0.58099999999999996,0.245,0.13200000000000001,0.16800000000000001
0.435,0.33000000000000002,0.125,0.40600000000000003,0.16850000000000001,0.1055,0.096000000000000002
0.28000000000000003,0.20999999999999999,0.080000000000000002,0.1085,0.041000000000000002,0.026499999999999999,0.034500000000000003
0.40999999999999998,0.32000000000000001,0.115,0.38700000000000001,0.16500000000000001,0.10050000000000001,0.098500000000000004
0.45000000000000001,0.34999999999999998,0.14000000000000001,0.47399999999999998,0.20999999999999999,0.109,0.1275
0.45000000000000001,0.34499999999999997,0.13500000000000001,0.443,0.19750000000000001,0.087499999999999994,0.11749999999999999
0.58999999999999997,0.45500000000000002,0.155,1.0660000000000001,0.38200000000000001,0.22750000000000001,0.41499999999999998
0.56999999999999995,0.44,0.14000000000000001,0.95350000000000001,0.3785,0.20100000000000001,0.30499999999999999
0.60999999999999999,0.47499999999999998,0.14999999999999999,0.96650000000000003,0.41449999999999998,0.20000000000000001,0.34499999999999997
0.60999999999999999,0.47499999999999998,0.14000000000000001,1.133,0.52749999999999997,0.23549999999999999,0.34999999999999998
0.56000000000000005,0.42499999999999999,0.14000000000000001,0.91749999999999998,0.40050000000000002,0.19750000000000001,0.26000000000000001
0.58499999999999996,0.435,0.17499999999999999,0.98199999999999998,0.40550000000000003,0.2495,0.27000000000000002
0.57999999999999996,0.44500000000000001,0.14999999999999999,0.88649999999999995,0.38300000000000001,0.20899999999999999,0.255
0.63,0.47999999999999998,0.17499999999999999,1.3674999999999999,0.50149999999999995,0.30349999999999999,0.51500000000000001
0.625,0.48999999999999999,0.17499999999999999,1.2330000000000001,0.55649999999999999,0.247,0.36499999999999999
0.55000000000000004,0.42499999999999999,0.14999999999999999,0.80600000000000005,0.376,0.17100000000000001,0.245
0.64500000000000002,0.52500000000000002,0.19,1.4635,0.66149999999999998,0.34350000000000003,0.435
0.46000000000000002,0.35499999999999998,0.14000000000000001,0.49349999999999999,0.216,0.13300000000000001,0.115
0.40999999999999998,0.30499999999999999,0.10000000000000001,0.36299999999999999,0.17349999999999999,0.065000000000000002,0.11
0.495,0.39000000000000001,0.125,0.66549999999999998,0.28399999999999997,0.16200000000000001,0.20000000000000001
0.52000000000000002,0.42499999999999999,0.17000000000000001,0.68049999999999999,0.28000000000000003,0.17399999999999999,0.19500000000000001
0.55000000000000004,0.40999999999999998,0.14499999999999999,0.82850000000000001,0.3095,0.1905,0.25
0.45000000000000001,0.33500000000000002,0.14000000000000001,0.46250000000000002,0.16400000000000001,0.075999999999999998,0.14999999999999999
0.40500000000000003,0.31,0.12,0.3095,0.13800000000000001,0.058000000000000003,0.095000000000000001
0.51000000000000001,0.40000000000000002,0.14999999999999999,0.745,0.28649999999999998,0.16750000000000001,0.23499999999999999
0.37,0.28999999999999998,0.115,0.25,0.111,0.057000000000000002,0.074999999999999997
0.52500000000000002,0.40999999999999998,0.17499999999999999,0.874,0.35849999999999999,0.20699999999999999,0.20499999999999999
0.66000000000000003,0.52000000000000002,0.17999999999999999,1.514,0.52600000000000002,0.29749999999999999,0.41999999999999998
0.53500000000000003,0.41999999999999998,0.14999999999999999,0.69950000000000001,0.25750000000000001,0.153,0.23999999999999999
0.57499999999999996,0.45500000000000002,0.17999999999999999,0.85250000000000004,0.30149999999999999,0.1825,0.29999999999999999
0.55000000000000004,0.42999999999999999,0.14000000000000001,0.71350000000000002,0.25650000000000001,0.186,0.22500000000000001
0.60499999999999998,0.46999999999999997,0.14000000000000001,0.93899999999999995,0.33850000000000002,0.20100000000000001,0.32000000000000001
0.60499999999999998,0.495,0.14499999999999999,1.054,0.36899999999999999,0.22550000000000001,0.35999999999999999
0.56000000000000005,0.44500000000000001,0.19500000000000001,0.98099999999999998,0.30499999999999999,0.22450000000000001,0.33500000000000002
0.53500000000000003,0.41999999999999998,0.14499999999999999,0.92600000000000005,0.39800000000000002,0.19650000000000001,0.25
0.38500000000000001,0.315,0.11,0.28599999999999998,0.1225,0.063500000000000001,0.083500000000000005
0.39000000000000001,0.29999999999999999,0.10000000000000001,0.26500000000000001,0.1075,0.059999999999999998,0.086499999999999994
0.46999999999999997,0.34499999999999997,0.115,0.48849999999999999,0.20050000000000001,0.108,0.16600000000000001
0.51500000000000001,0.39000000000000001,0.14000000000000001,0.55549999999999999,0.20000000000000001,0.1135,0.2235
0.42499999999999999,0.34499999999999997,0.125,0.42499999999999999,0.16,0.079500000000000001,0.154
0.34499999999999997,0.27000000000000002,0.089999999999999997,0.19500000000000001,0.078,0.045499999999999999,0.058999999999999997
0.48499999999999999,0.37,0.13,0.45800000000000002,0.18099999999999999,0.113,0.13600000000000001
0.37,0.28499999999999998,0.10000000000000001,0.22800000000000001,0.067500000000000004,0.067500000000000004,0.081000000000000003
0.34999999999999998,0.26500000000000001,0.089999999999999997,0.17749999999999999,0.057500000000000002,0.042000000000000003,0.068000000000000005
0.44,0.34499999999999997,0.17000000000000001,0.40849999999999997,0.14999999999999999,0.082500000000000004,0.1515
0.19500000000000001,0.14499999999999999,0.050000000000000003,0.032000000000000001,0.01,0.0080000000000000002,0.012
0.32500000000000001,0.23999999999999999,0.074999999999999997,0.155,0.047500000000000001,0.035499999999999997,0.059999999999999998
0.495,0.37,0.125,0.47749999999999998,0.185,0.070499999999999993,0.16900000000000001
0.45000000000000001,0.34999999999999998,0.14499999999999999,0.52500000000000002,0.20849999999999999,0.10000000000000001,0.16550000000000001
0.41499999999999998,0.34499999999999997,0.13500000000000001,0.38650000000000001,0.128,0.070000000000000007,0.14799999999999999
0.46999999999999997,0.35499999999999998,0.14000000000000001,0.433,0.1525,0.095000000000000001,0.152
0.32000000000000001,0.23999999999999999,0.085000000000000006,0.17000000000000001,0.065500000000000003,0.047,0.049000000000000002
0.31,0.22500000000000001,0.074999999999999997,0.1295,0.045499999999999999,0.033500000000000002,0.043999999999999997
0.23499999999999999,0.17000000000000001,0.055,0.051499999999999997,0.017999999999999999,0.010500000000000001,0.0195
0.34499999999999997,0.255,0.080000000000000002,0.16900000000000001,0.059999999999999998,0.042500000000000003,0.053999999999999999
0.48499999999999999,0.38,0.14000000000000001,0.67300000000000004,0.2175,0.13,0.19500000000000001
0.5,0.38500000000000001,0.115,0.67849999999999999,0.29449999999999998,0.13800000000000001,0.19500000000000001
0.5,0.38500000000000001,0.105,0.498,0.17949999999999999,0.1095,0.17000000000000001
0.46500000000000002,0.35999999999999999,0.105,0.498,0.214,0.11600000000000001,0.14000000000000001
0.52500000000000002,0.40500000000000003,0.16,0.65800000000000003,0.26550000000000001,0.1125,0.22500000000000001
0.42499999999999999,0.33500000000000002,0.095000000000000001,0.32200000000000001,0.1205,0.060999999999999999,0.125
0.38,0.30499999999999999,0.095000000000000001,0.28149999999999997,0.1255,0.052499999999999998,0.089999999999999997
0.53000000000000003,0.41499999999999998,0.14499999999999999,0.94399999999999995,0.38450000000000001,0.185,0.26500000000000001
0.34000000000000002,0.26500000000000001,0.085000000000000006,0.1835,0.076999999999999999,0.045999999999999999,0.065000000000000002
0.47499999999999998,0.36499999999999999,0.115,0.48999999999999999,0.223,0.1235,0.13350000000000001
0.42999999999999999,0.34000000000000002,0.12,0.39100000000000001,0.1555,0.095000000000000001,0.14050000000000001
0.46000000000000002,0.36499999999999999,0.125,0.46700000000000003,0.1895,0.094500000000000001,0.158
0.46999999999999997,0.35999999999999999,0.13,0.52249999999999996,0.19800000000000001,0.1065,0.16500000000000001
0.35999999999999999,0.29499999999999998,0.10000000000000001,0.21049999999999999,0.066000000000000003,0.052499999999999998,0.074999999999999997
0.35499999999999998,0.26500000000000001,0.089999999999999997,0.16800000000000001,0.050000000000000003,0.041000000000000002,0.063
0.38,0.23499999999999999,0.10000000000000001,0.25800000000000001,0.1055,0.053999999999999999,0.080000000000000002
0.35499999999999998,0.26000000000000001,0.085000000000000006,0.1905,0.081000000000000003,0.048500000000000001,0.055
0.44,0.34499999999999997,0.12,0.48699999999999999,0.19650000000000001,0.108,0.16
0.51000000000000001,0.40000000000000002,0.13,0.57350000000000001,0.219,0.13650000000000001,0.19500000000000001
0.32500000000000001,0.23999999999999999,0.085000000000000006,0.17299999999999999,0.079500000000000001,0.037999999999999999,0.050000000000000003
0.62,0.48499999999999999,0.17999999999999999,1.1785000000000001,0.46750000000000003,0.26550000000000001,0.39000000000000001
0.58999999999999997,0.45000000000000001,0.16,0.90000000000000002,0.35799999999999998,0.156,0.315
0.33000000000000002,0.255,0.095000000000000001,0.1875,0.073499999999999996,0.044999999999999998,0.059999999999999998
0.45000000000000001,0.34000000000000002,0.13,0.3715,0.1605,0.079500000000000001,0.105
0.44500000000000001,0.33000000000000002,0.12,0.34699999999999998,0.12,0.084000000000000005,0.105
0.33000000000000002,0.215,0.074999999999999997,0.1145,0.044999999999999998,0.026499999999999999,0.035000000000000003
0.47999999999999998,0.375,0.14499999999999999,0.77700000000000002,0.216,0.13,0.17000000000000001
0.46000000000000002,0.34999999999999998,0.12,0.48849999999999999,0.193,0.105,0.155
0.47499999999999998,0.35999999999999999,0.125,0.44700000000000001,0.16950000000000001,0.081000000000000003,0.14000000000000001
0.255,0.17999999999999999,0.065000000000000002,0.079000000000000001,0.034000000000000002,0.014,0.025000000000000001
0.33500000000000002,0.245,0.089999999999999997,0.16650000000000001,0.059499999999999997,0.040000000000000001,0.059999999999999998
0.46999999999999997,0.34999999999999998,0.13,0.46600000000000003,0.1845,0.099000000000000005,0.14499999999999999
0.31,0.22500000000000001,0.080000000000000002,0.13450000000000001,0.053999999999999999,0.024,0.050000000000000003
0.37,0.28000000000000003,0.11,0.23050000000000001,0.094500000000000001,0.0465,0.074999999999999997
0.29499999999999998,0.215,0.074999999999999997,0.129,0.050000000000000003,0.029499999999999998,0.040000000000000001
0.55500000000000005,0.435,0.16500000000000001,0.96999999999999997,0.33600000000000002,0.23150000000000001,0.29499999999999998
0.61499999999999999,0.51500000000000001,0.17000000000000001,1.1399999999999999,0.43049999999999999,0.22450000000000001,0.41999999999999998
0.57999999999999996,0.48999999999999999,0.19500000000000001,1.3165,0.53049999999999997,0.254,0.40999999999999998
0.58499999999999996,0.47499999999999998,0.185,0.95850000000000002,0.41449999999999998,0.1615,0.33000000000000002
0.65000000000000002,0.52500000000000002,0.17999999999999999,1.6259999999999999,0.59699999999999998,0.34449999999999997,0.53000000000000003
0.53500000000000003,0.45000000000000001,0.17000000000000001,0.78100000000000003,0.30549999999999999,0.1555,0.29499999999999998
0.41499999999999998,0.34000000000000002,0.13,0.36749999999999999,0.14599999999999999,0.088499999999999995,0.12
0.38,0.30499999999999999,0.105,0.28100000000000003,0.1045,0.061499999999999999,0.089999999999999997
0.45000000000000001,0.35499999999999998,0.12,0.41199999999999998,0.1145,0.066500000000000004,0.16
0.39500000000000002,0.29499999999999998,0.095000000000000001,0.22450000000000001,0.078,0.053999999999999999,0.080000000000000002
0.45500000000000002,0.34999999999999998,0.12,0.48349999999999999,0.18149999999999999,0.14399999999999999,0.16
0.48499999999999999,0.38,0.14999999999999999,0.60499999999999998,0.2155,0.14000000000000001,0.17999999999999999
0.55000000000000004,0.42499999999999999,0.155,0.91749999999999998,0.27750000000000002,0.24299999999999999,0.33500000000000002
0.45000000000000001,0.34999999999999998,0.14499999999999999,0.54249999999999998,0.17649999999999999,0.123,0.17499999999999999
0.47499999999999998,0.38500000000000001,0.14499999999999999,0.61750000000000005,0.23499999999999999,0.108,0.215
0.5,0.38,0.155,0.65500000000000003,0.24049999999999999,0.14299999999999999,0.20499999999999999
0.53000000000000003,0.40999999999999998,0.16500000000000001,0.8115,0.23999999999999999,0.16900000000000001,0.23999999999999999
0.48999999999999999,0.39000000000000001,0.14999999999999999,0.57299999999999995,0.22500000000000001,0.124,0.17000000000000001
0.48999999999999999,0.38500000000000001,0.14999999999999999,0.78649999999999998,0.24099999999999999,0.14000000000000001,0.23999999999999999
0.52000000000000002,0.39500000000000002,0.17999999999999999,0.64000000000000001,0.158,0.11,0.245
0.54000000000000004,0.41499999999999998,0.14499999999999999,0.73999999999999999,0.26350000000000001,0.16800000000000001,0.245
0.5,0.375,0.115,0.59450000000000003,0.185,0.14799999999999999,0.19
0.45000000000000001,0.38,0.16500000000000001,0.8165,0.25,0.1915,0.26500000000000001
0.37,0.27500000000000002,0.10000000000000001,0.2225,0.092999999999999999,0.025999999999999999,0.080000000000000002
0.37,0.27500000000000002,0.10000000000000001,0.22950000000000001,0.088499999999999995,0.0465,0.070000000000000007
0.48499999999999999,0.37,0.14000000000000001,0.57250000000000001,0.20399999999999999,0.14149999999999999,0.17499999999999999
0.435,0.32500000000000001,0.115,0.39150000000000001,0.154,0.094,0.12
0.53500000000000003,0.40500000000000003,0.185,0.83450000000000002,0.3175,0.17249999999999999,0.28999999999999998
0.51000000000000001,0.40000000000000002,0.14000000000000001,0.65149999999999997,0.2455,0.16650000000000001,0.185
0.56499999999999995,0.44,0.185,0.90900000000000003,0.34399999999999997,0.23250000000000001,0.255
0.53500000000000003,0.40000000000000002,0.14999999999999999,0.80449999999999999,0.33450000000000002,0.21249999999999999,0.20999999999999999
0.53500000000000003,0.40500000000000003,0.125,0.92700000000000005,0.26000000000000001,0.14249999999999999,0.34499999999999997
0.52500000000000002,0.40000000000000002,0.17000000000000001,0.73050000000000004,0.27900000000000003,0.20549999999999999,0.19500000000000001
0.58999999999999997,0.44,0.14999999999999999,0.95550000000000002,0.36599999999999999,0.24249999999999999,0.29499999999999998
0.5,0.375,0.14999999999999999,0.63600000000000001,0.2535,0.14499999999999999,0.19
0.255,0.19,0.074999999999999997,0.086499999999999994,0.034500000000000003,0.020500000000000001,0.025000000000000001
0.42999999999999999,0.32500000000000001,0.115,0.38650000000000001,0.14749999999999999,0.1065,0.11
0.38,0.28999999999999998,0.12,0.28299999999999997,0.11749999999999999,0.065500000000000003,0.085000000000000006
0.16500000000000001,0.11,0.02,0.019,0.0064999999999999997,0.0025000000000000001,0.0050000000000000001
0.315,0.23000000000000001,0.089999999999999997,0.1285,0.042999999999999997,0.040000000000000001,0.040000000000000001
0.155,0.105,0.050000000000000003,0.017500000000000002,0.0050000000000000001,0.0035000000000000001,0.0050000000000000001
0.28000000000000003,0.20499999999999999,0.10000000000000001,0.11650000000000001,0.0545,0.028500000000000001,0.029999999999999999
0.42999999999999999,0.33500000000000002,0.12,0.44400000000000001,0.155,0.1145,0.14000000000000001
0.39500000000000002,0.315,0.105,0.35149999999999998,0.11849999999999999,0.090999999999999998,0.1195
0.38500000000000001,0.28499999999999998,0.105,0.29049999999999998,0.1215,0.068500000000000005,0.087499999999999994
0.47999999999999998,0.38500000000000001,0.13500000000000001,0.53600000000000003,0.1895,0.14199999999999999,0.17299999999999999
0.44500000000000001,0.33000000000000002,0.105,0.45250000000000001,0.17999999999999999,0.10299999999999999,0.123
0.39500000000000002,0.29499999999999998,0.115,0.316,0.1205,0.059499999999999997,0.1105
0.40000000000000002,0.29999999999999999,0.125,0.41699999999999998,0.191,0.089999999999999997,0.11749999999999999
0.41499999999999998,0.32500000000000001,0.14000000000000001,0.41699999999999998,0.1535,0.10150000000000001,0.14399999999999999
0.315,0.25,0.089999999999999997,0.20300000000000001,0.061499999999999999,0.036999999999999998,0.079500000000000001
0.34499999999999997,0.26000000000000001,0.089999999999999997,0.20699999999999999,0.077499999999999999,0.043499999999999997,0.076499999999999999
0.35999999999999999,0.29499999999999998,0.13,0.27650000000000002,0.089499999999999996,0.057000000000000002,0.10050000000000001
0.29499999999999998,0.22500000000000001,0.089999999999999997,0.1105,0.040500000000000001,0.024500000000000001,0.032000000000000001
0.32500000000000001,0.25,0.080000000000000002,0.17599999999999999,0.059499999999999997,0.035499999999999997,0.063
0.375,0.29999999999999999,0.10000000000000001,0.2465,0.104,0.047500000000000001,0.083000000000000004
0.28000000000000003,0.20499999999999999,0.055,0.1135,0.044999999999999998,0.0275,0.033500000000000002
0.35499999999999998,0.26500000000000001,0.085000000000000006,0.20100000000000001,0.069000000000000006,0.052999999999999999,0.069500000000000006
0.34999999999999998,0.255,0.080000000000000002,0.1915,0.080000000000000002,0.0385,0.063
0.27500000000000002,0.20000000000000001,0.065000000000000002,0.10349999999999999,0.047500000000000001,0.020500000000000001,0.029999999999999999
0.28999999999999998,0.20499999999999999,0.070000000000000007,0.097500000000000003,0.035999999999999997,0.019,0.035000000000000003
0.25,0.19,0.059999999999999998,0.076499999999999999,0.035999999999999997,0.0115,0.024500000000000001
0.17999999999999999,0.125,0.035000000000000003,0.026499999999999999,0.0094999999999999998,0.0054999999999999997,0.0085000000000000006
0.14999999999999999,0.10000000000000001,0.025000000000000001,0.014999999999999999,0.0044999999999999997,0.0040000000000000001,0.0050000000000000001
0.16,0.11,0.025000000000000001,0.017999999999999999,0.0064999999999999997,0.0054999999999999997,0.0050000000000000001
0.55500000000000005,0.45500000000000002,0.16,1.0575000000000001,0.39250000000000002,0.22800000000000001,0.29299999999999998
0.55500000000000005,0.44,0.14999999999999999,1.0920000000000001,0.41599999999999998,0.21199999999999999,0.4405
0.52500000000000002,0.40999999999999998,0.13,0.98999999999999999,0.38650000000000001,0.24299999999999999,0.29499999999999998
0.46500000000000002,0.35999999999999999,0.080000000000000002,0.48799999999999999,0.191,0.125,0.155
0.48999999999999999,0.35999999999999999,0.11,0.50049999999999994,0.161,0.107,0.19500000000000001
0.40000000000000002,0.30499999999999999,0.085000000000000006,0.29699999999999999,0.108,0.070499999999999993,0.10000000000000001
0.47999999999999998,0.375,0.105,0.52500000000000002,0.2185,0.1195,0.155
0.505,0.40000000000000002,0.125,0.77000000000000002,0.27350000000000002,0.159,0.255
0.52000000000000002,0.40000000000000002,0.12,0.65149999999999997,0.26100000000000001,0.20150000000000001,0.16500000000000001
0.52500000000000002,0.40000000000000002,0.13,0.82950000000000002,0.24049999999999999,0.1825,0.27500000000000002
0.54500000000000004,0.41999999999999998,0.13,0.879,0.374,0.16950000000000001,0.23000000000000001
0.52000000000000002,0.40000000000000002,0.12,0.82299999999999995,0.29799999999999999,0.18049999999999999,0.26500000000000001
0.505,0.38,0.13,0.65600000000000003,0.22700000000000001,0.17849999999999999,0.22
0.52500000000000002,0.42499999999999999,0.12,0.86650000000000005,0.28249999999999997,0.17599999999999999,0.28999999999999998
0.51000000000000001,0.39000000000000001,0.125,0.65649999999999997,0.26200000000000001,0.1835,0.17499999999999999
0.52000000000000002,0.38500000000000001,0.115,0.66900000000000004,0.23849999999999999,0.17199999999999999,0.20499999999999999
0.52000000000000002,0.40500000000000003,0.125,0.64349999999999996,0.24149999999999999,0.17349999999999999,0.20999999999999999
0.53500000000000003,0.40999999999999998,0.13500000000000001,0.86199999999999999,0.28549999999999998,0.1525,0.32000000000000001
0.44500000000000001,0.34499999999999997,0.089999999999999997,0.3795,0.14299999999999999,0.073999999999999996,0.125
0.53000000000000003,0.44,0.20499999999999999,0.83499999999999996,0.32000000000000001,0.2175,0.245
0.35999999999999999,0.26500000000000001,0.089999999999999997,0.20649999999999999,0.078,0.057000000000000002,0.059999999999999998
0.53500000000000003,0.41999999999999998,0.14999999999999999,0.73650000000000004,0.27850000000000003,0.186,0.215
0.52000000000000002,0.40500000000000003,0.14000000000000001,0.8175,0.27950000000000003,0.183,0.26000000000000001
0.53000000000000003,0.41499999999999998,0.13,0.84250000000000003,0.27500000000000002,0.19450000000000001,0.26500000000000001
0.53000000000000003,0.41999999999999998,0.13,1.0009999999999999,0.34000000000000002,0.22600000000000001,0.26500000000000001
0.66000000000000003,0.52000000000000002,0.20000000000000001,1.6759999999999999,0.67300000000000004,0.48049999999999998,0.45000000000000001
0.52000000000000002,0.38500000000000001,0.14000000000000001,0.65949999999999998,0.2485,0.20349999999999999,0.16
0.53500000000000003,0.41999999999999998,0.13,0.80549999999999999,0.30099999999999999,0.18099999999999999,0.28000000000000003
0.69499999999999995,0.51500000000000001,0.17499999999999999,1.5165,0.57799999999999996,0.41049999999999998,0.39000000000000001
0.51000000000000001,0.39000000000000001,0.105,0.61199999999999999,0.187,0.14999999999999999,0.19500000000000001
0.48499999999999999,0.35499999999999998,0.12,0.54700000000000004,0.215,0.1615,0.14000000000000001
0.60499999999999998,0.46000000000000002,0.17000000000000001,1.1220000000000001,0.34699999999999998,0.30449999999999999,0.315
0.57999999999999996,0.45500000000000002,0.16500000000000001,1.1365000000000001,0.36899999999999999,0.30049999999999999,0.27500000000000002
0.65000000000000002,0.51500000000000001,0.17499999999999999,1.4804999999999999,0.52949999999999997,0.27200000000000002,0.52500000000000002
0.62,0.505,0.185,1.5275000000000001,0.68999999999999995,0.36799999999999999,0.34999999999999998
0.61499999999999999,0.52500000000000002,0.155,1.1375,0.36699999999999999,0.23599999999999999,0.37
0.60499999999999998,0.495,0.19,1.4370000000000001,0.46899999999999997,0.26550000000000001,0.40999999999999998
0.56999999999999995,0.44,0.155,1.1160000000000001,0.47749999999999998,0.23150000000000001,0.27000000000000002
0.56999999999999995,0.42999999999999999,0.12,1.0615000000000001,0.34799999999999998,0.16700000000000001,0.31
0.58499999999999996,0.40500000000000003,0.14999999999999999,1.2565,0.435,0.20200000000000001,0.32500000000000001
0.55000000000000004,0.44,0.155,0.94599999999999995,0.313,0.1825,0.33500000000000002
0.54000000000000004,0.44,0.13500000000000001,0.95899999999999996,0.23849999999999999,0.221,0.29999999999999999
0.64000000000000001,0.51000000000000001,0.19,1.613,0.62150000000000005,0.36099999999999999,0.46999999999999997
0.60999999999999999,0.46999999999999997,0.14499999999999999,1.153,0.40300000000000002,0.29599999999999999,0.32000000000000001
0.54500000000000004,0.45000000000000001,0.14999999999999999,0.97799999999999998,0.33650000000000002,0.1905,0.29999999999999999
0.58999999999999997,0.44500000000000001,0.13,1.1325000000000001,0.38250000000000001,0.23400000000000001,0.32000000000000001
0.34499999999999997,0.27000000000000002,0.095000000000000001,0.19700000000000001,0.066500000000000004,0.050000000000000003,0.070000000000000007
0.55000000000000004,0.42999999999999999,0.155,0.78500000000000003,0.28899999999999998,0.22700000000000001,0.23300000000000001
0.53000000000000003,0.42499999999999999,0.17000000000000001,0.94899999999999995,0.34849999999999998,0.23949999999999999,0.27800000000000002
0.53000000000000003,0.45500000000000002,0.16500000000000001,0.98050000000000004,0.3155,0.28149999999999997,0.29649999999999999
0.48499999999999999,0.375,0.14000000000000001,0.52100000000000002,0.20000000000000001,0.123,0.17000000000000001
0.38500000000000001,0.27500000000000002,0.115,0.26850000000000002,0.097500000000000003,0.082500000000000004,0.085000000000000006
0.45500000000000002,0.34000000000000002,0.13500000000000001,0.46200000000000002,0.16750000000000001,0.158,0.12
0.48999999999999999,0.38,0.14000000000000001,0.76049999999999995,0.245,0.16700000000000001,0.185
0.53000000000000003,0.40999999999999998,0.16500000000000001,0.73199999999999998,0.189,0.17000000000000001,0.31
0.505,0.38500000000000001,0.14499999999999999,0.67749999999999999,0.23599999999999999,0.17899999999999999,0.20000000000000001
0.48999999999999999,0.38,0.14000000000000001,0.63849999999999996,0.23050000000000001,0.14199999999999999,0.19500000000000001
0.46500000000000002,0.34999999999999998,0.14000000000000001,0.57550000000000001,0.20150000000000001,0.15049999999999999,0.19
0.46999999999999997,0.35999999999999999,0.14499999999999999,0.53700000000000003,0.17249999999999999,0.13750000000000001,0.19500000000000001
0.56000000000000005,0.40999999999999998,0.16500000000000001,0.93000000000000005,0.35049999999999998,0.23699999999999999,0.29999999999999999
0.505,0.38500000000000001,0.14999999999999999,0.64149999999999996,0.246,0.152,0.215
0.51500000000000001,0.435,0.14499999999999999,0.88149999999999995,0.29199999999999998,0.20599999999999999,0.255
0.38500000000000001,0.28000000000000003,0.125,0.24399999999999999,0.10199999999999999,0.037999999999999999,0.085000000000000006
0.215,0.155,0.059999999999999998,0.052499999999999998,0.021000000000000001,0.016500000000000001,0.014999999999999999
0.55000000000000004,0.41499999999999998,0.17499999999999999,1.042,0.32950000000000002,0.23250000000000001,0.29049999999999998
0.51500000000000001,0.39000000000000001,0.13,0.57550000000000001,0.19750000000000001,0.13,0.1845
0.495,0.38500000000000001,0.13500000000000001,0.70899999999999996,0.21099999999999999,0.13750000000000001,0.26200000000000001
0.505,0.39000000000000001,0.16,0.64400000000000002,0.2475,0.20250000000000001,0.16350000000000001
0.59999999999999998,0.46500000000000002,0.16500000000000001,0.88749999999999996,0.309,0.246,0.26200000000000001
0.56999999999999995,0.46500000000000002,0.16,0.89349999999999996,0.3145,0.25750000000000001,0.26300000000000001
0.48499999999999999,0.375,0.13500000000000001,0.55600000000000005,0.1925,0.13150000000000001,0.16850000000000001
0.46999999999999997,0.37,0.17999999999999999,0.51000000000000001,0.1915,0.1285,0.16250000000000001
0.57499999999999996,0.45000000000000001,0.16500000000000001,0.92149999999999999,0.32750000000000001,0.22500000000000001,0.25600000000000001
0.57999999999999996,0.46500000000000002,0.16,1.0345,0.315,0.26000000000000001,0.36349999999999999
0.51500000000000001,0.40500000000000003,0.14499999999999999,0.69499999999999995,0.215,0.16350000000000001,0.23400000000000001
0.53000000000000003,0.40999999999999998,0.155,0.71550000000000002,0.28050000000000003,0.16850000000000001,0.214
0.44,0.33500000000000002,0.11,0.39400000000000002,0.157,0.096000000000000002,0.122
0.52000000000000002,0.41999999999999998,0.16,0.745,0.255,0.157,0.28849999999999998
0.42499999999999999,0.34499999999999997,0.11,0.36649999999999999,0.125,0.081000000000000003,0.11700000000000001
0.46000000000000002,0.34000000000000002,0.13500000000000001,0.495,0.16550000000000001,0.11700000000000001,0.185
0.45000000000000001,0.33500000000000002,0.125,0.34899999999999998,0.11899999999999999,0.1055,0.115
0.42499999999999999,0.33000000000000002,0.13,0.4405,0.152,0.0935,0.155
0.37,0.27500000000000002,0.10000000000000001,0.22,0.094,0.044999999999999998,0.065000000000000002
0.51500000000000001,0.38,0.13500000000000001,0.66149999999999998,0.28749999999999998,0.20949999999999999,0.155
0.40500000000000003,0.30499999999999999,0.12,0.31850000000000001,0.1235,0.090499999999999997,0.095000000000000001
0.28000000000000003,0.20499999999999999,0.070000000000000007,0.10150000000000001,0.041000000000000002,0.029999999999999999,0.029999999999999999
0.47999999999999998,0.40000000000000002,0.125,0.75900000000000001,0.21249999999999999,0.17899999999999999,0.23999999999999999
0.44,0.34000000000000002,0.13,0.41949999999999998,0.153,0.11550000000000001,0.13
0.52000000000000002,0.40999999999999998,0.115,0.80700000000000005,0.28549999999999998,0.17899999999999999,0.23499999999999999
0.505,0.40500000000000003,0.14000000000000001,0.875,0.26650000000000001,0.17399999999999999,0.28499999999999998
0.48999999999999999,0.36499999999999999,0.13,0.6835,0.16500000000000001,0.13150000000000001,0.20499999999999999
0.23499999999999999,0.17499999999999999,0.055,0.067000000000000004,0.027,0.012500000000000001,0.017999999999999999
0.255,0.185,0.059999999999999998,0.087999999999999995,0.036499999999999998,0.021000000000000001,0.023
0.315,0.23999999999999999,0.085000000000000006,0.17150000000000001,0.070999999999999994,0.034500000000000003,0.053499999999999999
0.32500000000000001,0.25,0.080000000000000002,0.17349999999999999,0.076499999999999999,0.034500000000000003,0.049000000000000002
0.33500000000000002,0.25,0.080000000000000002,0.183,0.073499999999999996,0.040000000000000001,0.057500000000000002
0.34999999999999998,0.27000000000000002,0.089999999999999997,0.20549999999999999,0.074999999999999997,0.057500000000000002,0.062
0.34999999999999998,0.25,0.070000000000000007,0.17999999999999999,0.065500000000000003,0.048000000000000001,0.053999999999999999
0.35999999999999999,0.29999999999999999,0.085000000000000006,0.27000000000000002,0.11849999999999999,0.064000000000000001,0.074499999999999997
0.36499999999999999,0.27500000000000002,0.13500000000000001,0.23999999999999999,0.108,0.044499999999999998,0.073499999999999996
0.37,0.27500000000000002,0.14000000000000001,0.2215,0.097000000000000003,0.045499999999999999,0.061499999999999999
0.38,0.27500000000000002,0.095000000000000001,0.13750000000000001,0.085999999999999993,0.058500000000000003,0.060499999999999998
0.38500000000000001,0.28999999999999998,0.095000000000000001,0.312,0.14299999999999999,0.063500000000000001,0.085999999999999993
0.38500000000000001,0.29999999999999999,0.10000000000000001,0.28949999999999998,0.1215,0.063,0.089999999999999997
0.39500000000000002,0.28999999999999998,0.095000000000000001,0.31900000000000001,0.13800000000000001,0.080000000000000002,0.082000000000000003
0.39500000000000002,0.28999999999999998,0.095000000000000001,0.30399999999999999,0.127,0.084000000000000005,0.076999999999999999
0.40000000000000002,0.31,0.10000000000000001,0.30599999999999999,0.13,0.059999999999999998,0.094
0.40999999999999998,0.32500000000000001,0.10000000000000001,0.39400000000000002,0.20799999999999999,0.065500000000000003,0.106
0.41499999999999998,0.32000000000000001,0.11,0.3735,0.17499999999999999,0.075499999999999998,0.109
0.41499999999999998,0.30499999999999999,0.10000000000000001,0.32500000000000001,0.156,0.050500000000000003,0.090999999999999998
0.42499999999999999,0.32500000000000001,0.10000000000000001,0.39800000000000002,0.11849999999999999,0.064500000000000002,0.094500000000000001
0.44,0.36499999999999999,0.115,0.501,0.24349999999999999,0.084000000000000005,0.14649999999999999
0.44500000000000001,0.33500000000000002,0.10000000000000001,0.48949999999999999,0.27450000000000002,0.085999999999999993,0.1105
0.44500000000000001,0.32500000000000001,0.10000000000000001,0.378,0.17949999999999999,0.10000000000000001,0.088999999999999996
0.45000000000000001,0.34999999999999998,0.13,0.54700000000000004,0.245,0.14050000000000001,0.14050000000000001
0.46999999999999997,0.375,0.12,0.58050000000000002,0.26600000000000001,0.0935,0.16900000000000001
0.47499999999999998,0.36499999999999999,0.125,0.54649999999999999,0.22900000000000001,0.11849999999999999,0.17199999999999999
0.47999999999999998,0.36499999999999999,0.13500000000000001,0.63949999999999996,0.29449999999999998,0.113,0.17499999999999999
0.48499999999999999,0.35499999999999998,0.105,0.498,0.2175,0.096000000000000002,0.1525
0.48999999999999999,0.38500000000000001,0.125,0.60899999999999999,0.30649999999999999,0.096000000000000002,0.17749999999999999
0.495,0.40999999999999998,0.125,0.75549999999999995,0.33550000000000002,0.129,0.214
0.5,0.40000000000000002,0.125,0.59750000000000003,0.27000000000000002,0.1275,0.16600000000000001
0.505,0.44,0.14000000000000001,0.82750000000000001,0.34150000000000003,0.1855,0.23899999999999999
0.52500000000000002,0.39500000000000002,0.13,0.76349999999999996,0.33750000000000002,0.14249999999999999,0.22500000000000001
0.54000000000000004,0.40500000000000003,0.125,0.89100000000000001,0.48149999999999998,0.1915,0.20200000000000001
0.54000000000000004,0.41999999999999998,0.14000000000000001,0.80500000000000005,0.36899999999999999,0.17249999999999999,0.20999999999999999
0.54500000000000004,0.44,0.13500000000000001,0.91849999999999998,0.42899999999999999,0.20150000000000001,0.23749999999999999
0.55000000000000004,0.42999999999999999,0.125,0.92300000000000004,0.40350000000000003,0.17499999999999999,0.28299999999999997
0.55000000000000004,0.45000000000000001,0.14999999999999999,1.0145,0.40699999999999997,0.20150000000000001,0.28749999999999998
0.55000000000000004,0.45000000000000001,0.14999999999999999,0.875,0.36199999999999999,0.17549999999999999,0.27650000000000002
0.55500000000000005,0.435,0.14499999999999999,0.96850000000000003,0.4985,0.16800000000000001,0.23849999999999999
0.56499999999999995,0.45000000000000001,0.155,1.0595000000000001,0.47349999999999998,0.23999999999999999,0.26500000000000001
0.56999999999999995,0.45500000000000002,0.14999999999999999,0.95199999999999996,0.38950000000000001,0.2155,0.27450000000000002
0.56999999999999995,0.435,0.13,0.75349999999999995,0.34899999999999998,0.17549999999999999,0.19400000000000001
0.57499999999999996,0.46500000000000002,0.14000000000000001,0.95799999999999996,0.442,0.18149999999999999,0.27050000000000002
0.58999999999999997,0.47499999999999998,0.16500000000000001,1.077,0.45450000000000002,0.24399999999999999,0.3095
0.58999999999999997,0.46000000000000002,0.13,1.1020000000000001,0.45500000000000002,0.20549999999999999,0.33000000000000002
0.59499999999999997,0.47999999999999998,0.14999999999999999,1.1100000000000001,0.498,0.22800000000000001,0.33000000000000002
0.59499999999999997,0.47999999999999998,0.16,1.2095,0.52249999999999996,0.29599999999999999,0.32000000000000001
0.59499999999999997,0.47499999999999998,0.16,1.1405000000000001,0.54700000000000004,0.23100000000000001,0.27100000000000002
0.59499999999999997,0.46500000000000002,0.14000000000000001,1.113,0.51749999999999996,0.24399999999999999,0.30499999999999999
0.59999999999999998,0.47499999999999998,0.17499999999999999,1.3445,0.54900000000000004,0.28749999999999998,0.35999999999999999
0.59999999999999998,0.47499999999999998,0.155,1.21,0.65300000000000002,0.16950000000000001,0.32050000000000001
0.59999999999999998,0.495,0.17499999999999999,1.29,0.60599999999999998,0.27600000000000002,0.34449999999999997
0.60499999999999998,0.47499999999999998,0.17499999999999999,1.3819999999999999,0.60899999999999999,0.23250000000000001,0.39850000000000002
0.60499999999999998,0.45500000000000002,0.16,1.1034999999999999,0.42099999999999999,0.30149999999999999,0.32500000000000001
0.61499999999999999,0.5,0.17499999999999999,1.377,0.5585,0.33000000000000002,0.29199999999999998
0.61499999999999999,0.52000000000000002,0.14999999999999999,1.3434999999999999,0.629,0.26050000000000001,0.34499999999999997
0.61499999999999999,0.51000000000000001,0.14999999999999999,1.296,0.54500000000000004,0.33150000000000002,0.32000000000000001
0.61499999999999999,0.505,0.16500000000000001,1.3400000000000001,0.53149999999999997,0.28149999999999997,0.40999999999999998
0.62,0.505,0.16,1.3725000000000001,0.62849999999999995,0.27500000000000002,0.36849999999999999
0.62,0.5,0.16500000000000001,1.3069999999999999,0.63549999999999995,0.2545,0.315
0.625,0.48999999999999999,0.155,1.2084999999999999,0.46500000000000002,0.16200000000000001,0.41099999999999998
0.625,0.48999999999999999,0.20000000000000001,1.3825000000000001,0.58950000000000002,0.28499999999999998,0.38100000000000001
0.63,0.505,0.16500000000000001,1.26,0.45250000000000001,0.27550000000000002,0.40600000000000003
0.63500000000000001,0.51000000000000001,0.17000000000000001,1.3554999999999999,0.61899999999999999,0.30499999999999999,0.39000000000000001
0.63500000000000001,0.5,0.14999999999999999,1.3759999999999999,0.64949999999999997,0.36099999999999999,0.31
0.63500000000000001,0.48499999999999999,0.16500000000000001,1.2945,0.66800000000000004,0.26050000000000001,0.27150000000000002
0.64000000000000001,0.51000000000000001,0.16500000000000001,1.486,0.75949999999999995,0.33200000000000002,0.32100000000000001
0.65000000000000002,0.52500000000000002,0.17499999999999999,1.4715,0.67500000000000004,0.315,0.39900000000000002
0.65500000000000003,0.52000000000000002,0.16500000000000001,1.4095,0.58599999999999997,0.29099999999999998,0.40500000000000003
0.65500000000000003,0.57999999999999996,0.20499999999999999,2.0804999999999998,0.95899999999999996,0.34150000000000003,0.60099999999999998
0.66000000000000003,0.53000000000000003,0.17000000000000001,1.3905000000000001,0.59050000000000002,0.21199999999999999,0.45300000000000001
0.66000000000000003,0.52000000000000002,0.19,1.5580000000000001,0.755,0.29799999999999999,0.40000000000000002
0.67000000000000004,0.58499999999999996,0.16,1.3089999999999999,0.54449999999999998,0.29449999999999998,0.41299999999999998
0.67500000000000004,0.52500000000000002,0.17000000000000001,1.8095000000000001,0.78400000000000003,0.39100000000000001,0.45500000000000002
0.67500000000000004,0.52500000000000002,0.155,1.4784999999999999,0.628,0.34050000000000002,0.41999999999999998
0.68000000000000005,0.56000000000000005,0.19500000000000001,1.7775000000000001,0.86099999999999999,0.32200000000000001,0.41499999999999998
0.68500000000000005,0.54000000000000004,0.16,1.6675,0.83299999999999996,0.3775,0.47499999999999998
0.69499999999999995,0.56000000000000005,0.22,1.8340000000000001,0.84550000000000003,0.42199999999999999,0.45500000000000002
0.72999999999999998,0.59499999999999997,0.23000000000000001,2.8254999999999999,1.1465000000000001,0.41899999999999998,0.89700000000000002
0.20499999999999999,0.14000000000000001,0.050000000000000003,0.045999999999999999,0.016500000000000001,0.012,0.0135
0.23999999999999999,0.17499999999999999,0.055,0.070499999999999993,0.025000000000000001,0.014,0.021000000000000001
0.23999999999999999,0.17499999999999999,0.065000000000000002,0.066500000000000004,0.031,0.0135,0.017000000000000001
0.255,0.19,0.050000000000000003,0.083000000000000004,0.029499999999999998,0.021499999999999998,0.027
0.255,0.17999999999999999,0.055,0.083000000000000004,0.031,0.021499999999999998,0.02
0.26500000000000001,0.19500000000000001,0.059999999999999998,0.091999999999999998,0.034500000000000003,0.025000000000000001,0.024500000000000001
0.28000000000000003,0.12,0.074999999999999997,0.11700000000000001,0.045499999999999999,0.029000000000000001,0.034500000000000003
0.29499999999999998,0.23000000000000001,0.080000000000000002,0.16250000000000001,0.065000000000000002,0.050000000000000003,0.0385
0.29999999999999999,0.23499999999999999,0.080000000000000002,0.13100000000000001,0.050000000000000003,0.026499999999999999,0.042999999999999997
0.29999999999999999,0.23000000000000001,0.095000000000000001,0.13850000000000001,0.056000000000000001,0.036499999999999998,0.036999999999999998
0.30499999999999999,0.22,0.070000000000000007,0.14099999999999999,0.062,0.031,0.036999999999999998
0.315,0.23499999999999999,0.074999999999999997,0.14849999999999999,0.058500000000000003,0.037499999999999999,0.042500000000000003
0.315,0.23000000000000001,0.070000000000000007,0.14399999999999999,0.052999999999999999,0.030499999999999999,0.040000000000000001
0.32000000000000001,0.23999999999999999,0.089999999999999997,0.1575,0.070000000000000007,0.026499999999999999,0.042500000000000003
0.32500000000000001,0.23999999999999999,0.074999999999999997,0.187,0.082500000000000004,0.044499999999999998,0.050000000000000003
0.33000000000000002,0.26500000000000001,0.085000000000000006,0.19600000000000001,0.077499999999999999,0.030499999999999999,0.044499999999999998
0.33500000000000002,0.25,0.074999999999999997,0.1825,0.070499999999999993,0.043999999999999997,0.055
0.33500000000000002,0.25,0.074999999999999997,0.186,0.094500000000000001,0.037999999999999999,0.044499999999999998
0.34000000000000002,0.25,0.074999999999999997,0.17849999999999999,0.066500000000000004,0.045499999999999999,0.044999999999999998
0.34000000000000002,0.25,0.070000000000000007,0.2225,0.104,0.042500000000000003,0.055
0.34499999999999997,0.26500000000000001,0.10000000000000001,0.2455,0.111,0.053499999999999999,0.065000000000000002
0.37,0.28999999999999998,0.095000000000000001,0.249,0.1045,0.058000000000000003,0.067000000000000004
0.37,0.28000000000000003,0.095000000000000001,0.28649999999999998,0.15049999999999999,0.069000000000000006,0.079500000000000001
0.375,0.28000000000000003,0.089999999999999997,0.215,0.084000000000000005,0.059999999999999998,0.055
0.38500000000000001,0.26500000000000001,0.080000000000000002,0.251,0.124,0.036999999999999998,0.070000000000000007
0.40999999999999998,0.31,0.089999999999999997,0.33900000000000002,0.155,0.069500000000000006,0.089999999999999997
0.40999999999999998,0.30499999999999999,0.089999999999999997,0.35349999999999998,0.157,0.074499999999999997,0.10000000000000001
0.40999999999999998,0.31,0.089999999999999997,0.33350000000000002,0.16350000000000001,0.060999999999999999,0.090999999999999998
0.41499999999999998,0.33000000000000002,0.089999999999999997,0.35949999999999999,0.17000000000000001,0.081000000000000003,0.089999999999999997
0.41999999999999998,0.32000000000000001,0.115,0.376,0.16900000000000001,0.091999999999999998,0.10000000000000001
0.41999999999999998,0.315,0.10000000000000001,0.34350000000000003,0.157,0.079500000000000001,0.089999999999999997
0.42499999999999999,0.34000000000000002,0.10000000000000001,0.38200000000000001,0.16400000000000001,0.096000000000000002,0.10000000000000001
0.42499999999999999,0.315,0.10000000000000001,0.377,0.16450000000000001,0.071999999999999995,0.105
0.42999999999999999,0.32500000000000001,0.10000000000000001,0.36449999999999999,0.1575,0.082500000000000004,0.105
0.42999999999999999,0.32500000000000001,0.089999999999999997,0.42499999999999999,0.217,0.086999999999999994,0.095000000000000001
0.435,0.32500000000000001,0.12,0.39950000000000002,0.18149999999999999,0.060999999999999999,0.1125
0.435,0.34000000000000002,0.115,0.39250000000000002,0.1825,0.078,0.1145
0.44,0.34499999999999997,0.13,0.44950000000000001,0.20899999999999999,0.083500000000000005,0.13400000000000001
0.44,0.32500000000000001,0.089999999999999997,0.34999999999999998,0.14799999999999999,0.067000000000000004,0.105
0.44500000000000001,0.33500000000000002,0.11,0.4355,0.20250000000000001,0.1095,0.1195
0.44500000000000001,0.34999999999999998,0.13,0.41949999999999998,0.16950000000000001,0.094500000000000001,0.1195
0.45000000000000001,0.35999999999999999,0.13,0.47799999999999998,0.191,0.127,0.13700000000000001
0.45000000000000001,0.35499999999999998,0.105,0.44450000000000001,0.19700000000000001,0.092999999999999999,0.13350000000000001
0.45000000000000001,0.34499999999999997,0.11,0.46999999999999997,0.23549999999999999,0.085500000000000007,0.1135
0.45000000000000001,0.33500000000000002,0.105,0.44700000000000001,0.23350000000000001,0.153,0.11899999999999999
0.45500000000000002,0.35499999999999998,0.125,0.53249999999999997,0.22500000000000001,0.126,0.14649999999999999
0.45500000000000002,0.375,0.12,0.497,0.23549999999999999,0.1055,0.1295
0.46000000000000002,0.35999999999999999,0.10000000000000001,0.46350000000000002,0.23250000000000001,0.092999999999999999,0.115
0.46000000000000002,0.34499999999999997,0.105,0.44900000000000001,0.19600000000000001,0.094500000000000001,0.1265
0.46500000000000002,0.36499999999999999,0.115,0.46700000000000003,0.23150000000000001,0.092499999999999999,0.113
0.46500000000000002,0.37,0.115,0.53400000000000003,0.26100000000000001,0.098000000000000004,0.14299999999999999
0.46500000000000002,0.34499999999999997,0.11,0.4415,0.17549999999999999,0.090499999999999997,0.12
0.46500000000000002,0.34999999999999998,0.125,0.48199999999999998,0.23000000000000001,0.106,0.1095
0.46999999999999997,0.36499999999999999,0.12,0.61199999999999999,0.32700000000000001,0.14999999999999999,0.14000000000000001
0.46999999999999997,0.36499999999999999,0.12,0.58199999999999996,0.28999999999999998,0.091999999999999998,0.14599999999999999
0.47499999999999998,0.37,0.125,0.53700000000000003,0.222,0.1215,0.14999999999999999
0.47499999999999998,0.35999999999999999,0.12,0.59150000000000003,0.32450000000000001,0.11,0.127
0.47999999999999998,0.375,0.115,0.67649999999999999,0.32050000000000001,0.1065,0.17000000000000001
0.47999999999999998,0.38500000000000001,0.14499999999999999,0.64000000000000001,0.29249999999999998,0.14050000000000001,0.1575
0.47999999999999998,0.35999999999999999,0.10000000000000001,0.439,0.19400000000000001,0.099000000000000005,0.115
0.47999999999999998,0.36499999999999999,0.12,0.60150000000000003,0.312,0.11700000000000001,0.14000000000000001
0.48499999999999999,0.37,0.115,0.47849999999999998,0.19950000000000001,0.095500000000000002,0.129
0.48999999999999999,0.38500000000000001,0.125,0.64900000000000002,0.32000000000000001,0.124,0.16950000000000001
0.495,0.39500000000000002,0.13500000000000001,0.63349999999999995,0.30349999999999999,0.1295,0.14949999999999999
0.495,0.40000000000000002,0.13500000000000001,0.60999999999999999,0.27200000000000002,0.14349999999999999,0.14399999999999999
0.5,0.39000000000000001,0.13500000000000001,0.65949999999999998,0.3145,0.1535,0.1565
0.5,0.38500000000000001,0.12,0.56000000000000005,0.28349999999999997,0.10299999999999999,0.13500000000000001
0.5,0.38500000000000001,0.13500000000000001,0.64249999999999996,0.31950000000000001,0.129,0.1535
0.5,0.40000000000000002,0.125,0.67249999999999999,0.33600000000000002,0.12,0.1825
0.505,0.39000000000000001,0.13,0.67400000000000004,0.3165,0.14099999999999999,0.17849999999999999
0.505,0.39000000000000001,0.14999999999999999,0.68500000000000005,0.36199999999999999,0.13100000000000001,0.156
0.505,0.40999999999999998,0.125,0.64200000000000002,0.28899999999999998,0.13300000000000001,0.155
0.505,0.35499999999999998,0.125,0.60099999999999998,0.25,0.1205,0.185
0.51000000000000001,0.39000000000000001,0.13500000000000001,0.76900000000000002,0.39350000000000002,0.14549999999999999,0.19
0.51000000000000001,0.375,0.10000000000000001,0.57850000000000001,0.23799999999999999,0.1225,0.17499999999999999
0.51000000000000001,0.40500000000000003,0.13500000000000001,0.76900000000000002,0.36549999999999999,0.1585,0.17999999999999999
0.51000000000000001,0.40500000000000003,0.14999999999999999,0.70350000000000001,0.34699999999999998,0.13400000000000001,0.1885
0.51000000000000001,0.40999999999999998,0.14499999999999999,0.79600000000000004,0.38650000000000001,0.18149999999999999,0.19550000000000001
0.51500000000000001,0.42999999999999999,0.14000000000000001,0.83399999999999996,0.36699999999999999,0.20000000000000001,0.23000000000000001
0.51500000000000001,0.39000000000000001,0.155,0.71250000000000002,0.3695,0.13700000000000001,0.155
0.52500000000000002,0.41499999999999998,0.14000000000000001,0.72399999999999998,0.34749999999999998,0.17299999999999999,0.17499999999999999
0.52500000000000002,0.40000000000000002,0.14000000000000001,0.73250000000000004,0.33400000000000002,0.1575,0.17000000000000001
0.53000000000000003,0.42499999999999999,0.13,0.75849999999999995,0.32500000000000001,0.19700000000000001,0.20499999999999999
0.53000000000000003,0.42499999999999999,0.14999999999999999,0.84950000000000003,0.32800000000000001,0.23200000000000001,0.20200000000000001
0.53000000000000003,0.40500000000000003,0.125,0.65149999999999997,0.27150000000000002,0.1605,0.186
0.53500000000000003,0.40000000000000002,0.13500000000000001,0.82150000000000001,0.39350000000000002,0.19600000000000001,0.20499999999999999
0.53500000000000003,0.42999999999999999,0.14000000000000001,0.71650000000000003,0.28549999999999998,0.1595,0.2155
0.53500000000000003,0.435,0.14000000000000001,0.874,0.3735,0.22900000000000001,0.2195
0.55000000000000004,0.44500000000000001,0.155,0.99050000000000005,0.54400000000000004,0.17799999999999999,0.218
0.55000000000000004,0.42999999999999999,0.14000000000000001,0.8105,0.36799999999999999,0.161,0.27500000000000002
0.56000000000000005,0.45500000000000002,0.16,0.96699999999999997,0.45250000000000001,0.20699999999999999,0.27400000000000002
0.56499999999999995,0.40000000000000002,0.13,0.69750000000000001,0.3075,0.16650000000000001,0.17999999999999999
0.56999999999999995,0.45000000000000001,0.155,1.1950000000000001,0.5625,0.25650000000000001,0.29499999999999998
0.56999999999999995,0.45000000000000001,0.155,1.1935,0.51300000000000001,0.20999999999999999,0.34300000000000003
0.56999999999999995,0.45500000000000002,0.14999999999999999,1.107,0.54000000000000004,0.255,0.27000000000000002
0.56999999999999995,0.44500000000000001,0.14000000000000001,1.0634999999999999,0.52649999999999997,0.2195,0.23999999999999999
0.56999999999999995,0.46000000000000002,0.17000000000000001,0.90349999999999997,0.40749999999999997,0.19350000000000001,0.214
0.57499999999999996,0.47499999999999998,0.16,1.1140000000000001,0.4955,0.27450000000000002,0.28999999999999998
0.57499999999999996,0.46000000000000002,0.16,1.103,0.53800000000000003,0.221,0.249
0.57999999999999996,0.46000000000000002,0.14999999999999999,1.1154999999999999,0.5575,0.22550000000000001,0.28999999999999998
0.57999999999999996,0.46000000000000002,0.17999999999999999,1.0515000000000001,0.40949999999999998,0.25950000000000001,0.27600000000000002
0.57999999999999996,0.45500000000000002,0.14999999999999999,1.012,0.4985,0.21149999999999999,0.28349999999999997
0.57999999999999996,0.45000000000000001,0.14499999999999999,1.137,0.5585,0.22,0.28999999999999998
0.57999999999999996,0.48999999999999999,0.13,1.1335,0.58599999999999997,0.25650000000000001,0.23699999999999999
0.58999999999999997,0.46500000000000002,0.155,1.1359999999999999,0.52449999999999997,0.26150000000000001,0.27500000000000002
0.58999999999999997,0.46999999999999997,0.16,1.206,0.47899999999999998,0.24249999999999999,0.309
0.58999999999999997,0.45500000000000002,0.14499999999999999,1.0629999999999999,0.51549999999999996,0.2445,0.25
0.59499999999999997,0.46999999999999997,0.155,1.121,0.45150000000000001,0.17799999999999999,0.155
0.59499999999999997,0.45000000000000001,0.14999999999999999,1.1140000000000001,0.58650000000000002,0.2205,0.25
0.59499999999999997,0.47499999999999998,0.16500000000000001,1.2130000000000001,0.621,0.24349999999999999,0.27400000000000002
0.59499999999999997,0.46000000000000002,0.14000000000000001,1.0044999999999999,0.46550000000000002,0.20949999999999999,0.2515
0.59499999999999997,0.45500000000000002,0.14999999999999999,1.044,0.51800000000000002,0.2205,0.27000000000000002
0.60499999999999998,0.48999999999999999,0.14999999999999999,1.1345000000000001,0.52649999999999997,0.26450000000000001,0.29499999999999998
0.60499999999999998,0.47499999999999998,0.155,1.161,0.57199999999999995,0.2455,0.27500000000000002
0.60499999999999998,0.46999999999999997,0.16500000000000001,1.2315,0.60250000000000004,0.26200000000000001,0.29249999999999998
0.60999999999999999,0.46999999999999997,0.14999999999999999,1.1625000000000001,0.56499999999999995,0.25800000000000001,0.3085
0.60999999999999999,0.47499999999999998,0.155,1.1679999999999999,0.55400000000000005,0.23899999999999999,0.32950000000000002
0.61499999999999999,0.47999999999999998,0.16,1.2524999999999999,0.58499999999999996,0.25950000000000001,0.33000000000000002
0.62,0.51000000000000001,0.17999999999999999,1.3314999999999999,0.59399999999999997,0.27600000000000002,0.38800000000000001
0.625,0.47999999999999998,0.17000000000000001,1.3525,0.62350000000000005,0.27800000000000002,0.36499999999999999
0.625,0.48999999999999999,0.17499999999999999,1.3325,0.57050000000000001,0.27100000000000002,0.40500000000000003
0.625,0.47499999999999998,0.17499999999999999,1.1435,0.47549999999999998,0.2475,0.34899999999999998
0.625,0.5,0.16500000000000001,1.288,0.57299999999999995,0.30349999999999999,0.315
0.625,0.48499999999999999,0.20000000000000001,1.3799999999999999,0.58450000000000002,0.30199999999999999,0.40100000000000002
0.63,0.48499999999999999,0.155,1.278,0.63700000000000001,0.27500000000000002,0.31
0.63,0.495,0.16500000000000001,1.3075000000000001,0.59899999999999998,0.28399999999999997,0.315
0.63,0.47999999999999998,0.14999999999999999,1.1785000000000001,0.51849999999999996,0.248,0.32350000000000001
0.63500000000000001,0.48999999999999999,0.17499999999999999,1.375,0.623,0.27050000000000002,0.39500000000000002
0.63500000000000001,0.52500000000000002,0.185,1.4065000000000001,0.68400000000000005,0.29999999999999999,0.3745
0.64000000000000001,0.505,0.155,1.4025000000000001,0.70499999999999996,0.26550000000000001,0.33500000000000002
0.64000000000000001,0.5,0.17000000000000001,1.5175000000000001,0.69299999999999995,0.32600000000000001,0.40899999999999997
0.64000000000000001,0.5,0.17499999999999999,1.3939999999999999,0.49349999999999999,0.29099999999999998,0.40000000000000002
0.64500000000000002,0.5,0.155,1.2204999999999999,0.61450000000000005,0.23599999999999999,0.31850000000000001
0.64500000000000002,0.52000000000000002,0.17499999999999999,1.6359999999999999,0.77900000000000003,0.34200000000000003,0.432
0.64500000000000002,0.52000000000000002,0.17499999999999999,1.5609999999999999,0.70899999999999996,0.35549999999999998,0.40000000000000002
0.64500000000000002,0.505,0.16500000000000001,1.4325000000000001,0.68400000000000005,0.308,0.33600000000000002
0.64500000000000002,0.5,0.17499999999999999,1.3385,0.63300000000000001,0.29899999999999999,0.34899999999999998
0.64500000000000002,0.5,0.16,1.2464999999999999,0.54749999999999999,0.32700000000000001,0.29999999999999999
0.64500000000000002,0.51500000000000001,0.14999999999999999,1.212,0.51500000000000001,0.20549999999999999,0.38500000000000001
0.65000000000000002,0.495,0.16,1.304,0.56999999999999995,0.312,0.3725
0.65000000000000002,0.52000000000000002,0.20999999999999999,1.6785000000000001,0.66649999999999998,0.308,0.46000000000000002
0.65000000000000002,0.52500000000000002,0.185,1.6220000000000001,0.66449999999999998,0.32250000000000001,0.47699999999999998
0.65500000000000003,0.46000000000000002,0.16,1.494,0.6895,0.33100000000000002,0.1825
0.65500000000000003,0.51000000000000001,0.17499999999999999,1.6525000000000001,0.85150000000000003,0.33650000000000002,0.40300000000000002
0.66000000000000003,0.505,0.185,1.528,0.68999999999999995,0.30249999999999999,0.441
0.66000000000000003,0.53500000000000003,0.19,1.5905,0.64249999999999996,0.29699999999999999,0.51749999999999996
0.66000000000000003,0.495,0.19500000000000001,1.6274999999999999,0.59399999999999997,0.35949999999999999,0.48499999999999999
0.66000000000000003,0.47499999999999998,0.17999999999999999,1.3694999999999999,0.64100000000000001,0.29399999999999998,0.33500000000000002
0.67000000000000004,0.52500000000000002,0.16500000000000001,1.6085,0.68200000000000005,0.3145,0.40050000000000002
0.67500000000000004,0.56999999999999995,0.22500000000000001,1.587,0.73899999999999999,0.29949999999999999,0.435
0.67500000000000004,0.56499999999999995,0.19500000000000001,1.8374999999999999,0.76449999999999996,0.36149999999999999,0.55300000000000005
0.68000000000000005,0.53500000000000003,0.185,1.607,0.72450000000000003,0.32150000000000001,0.498
0.68999999999999995,0.52500000000000002,0.17499999999999999,1.7004999999999999,0.82550000000000001,0.36199999999999999,0.40500000000000003
0.68999999999999995,0.505,0.20000000000000001,1.8720000000000001,0.89300000000000002,0.40150000000000002,0.47999999999999998
0.69499999999999995,0.53500000000000003,0.17499999999999999,1.8385,0.80349999999999999,0.39600000000000002,0.503
0.70499999999999996,0.53500000000000003,0.17999999999999999,1.6850000000000001,0.69299999999999995,0.41999999999999998,0.40450000000000003
0.70999999999999996,0.56499999999999995,0.20499999999999999,2.198,1.012,0.52249999999999996,0.54749999999999999
0.71499999999999997,0.56499999999999995,0.17499999999999999,1.9524999999999999,0.76449999999999996,0.41849999999999998,0.41349999999999998
0.71499999999999997,0.52500000000000002,0.185,1.5600000000000001,0.66549999999999998,0.38300000000000001,0.40500000000000003
0.73499999999999999,0.59999999999999998,0.22,2.5550000000000002,1.1335,0.44,0.59999999999999998
0.76500000000000001,0.59999999999999998,0.22,2.302,1.0069999999999999,0.50900000000000001,0.62050000000000005
0.185,0.13,0.044999999999999998,0.029000000000000001,0.012,0.0074999999999999997,0.0094999999999999998
0.19500000000000001,0.14999999999999999,0.044999999999999998,0.037499999999999999,0.017999999999999999,0.0060000000000000001,0.010999999999999999
0.19500000000000001,0.13500000000000001,0.040000000000000001,0.032500000000000001,0.0135,0.0050000000000000001,0.0094999999999999998
0.20000000000000001,0.155,0.040000000000000001,0.043499999999999997,0.0155,0.0089999999999999993,0.0070000000000000001
0.22500000000000001,0.16500000000000001,0.055,0.058999999999999997,0.027,0.012500000000000001,0.014999999999999999
0.245,0.17999999999999999,0.065000000000000002,0.070999999999999994,0.029999999999999999,0.012999999999999999,0.021499999999999998
0.25,0.17999999999999999,0.065000000000000002,0.068500000000000005,0.024500000000000001,0.0155,0.022499999999999999
0.26500000000000001,0.19500000000000001,0.055,0.084000000000000005,0.036499999999999998,0.017500000000000002,0.025000000000000001
0.27500000000000002,0.19500000000000001,0.065000000000000002,0.106,0.053999999999999999,0.02,0.028000000000000001
0.28000000000000003,0.20999999999999999,0.085000000000000006,0.1075,0.041500000000000002,0.024,0.034000000000000002
0.28499999999999998,0.22,0.065000000000000002,0.096000000000000002,0.040500000000000001,0.020500000000000001,0.029999999999999999
0.29999999999999999,0.22,0.080000000000000002,0.1255,0.055,0.026499999999999999,0.039
0.315,0.23499999999999999,0.055,0.151,0.065000000000000002,0.027,0.039
0.32000000000000001,0.22500000000000001,0.085000000000000006,0.14149999999999999,0.067500000000000004,0.029499999999999998,0.040500000000000001
0.34000000000000002,0.26500000000000001,0.080000000000000002,0.20150000000000001,0.089999999999999997,0.047500000000000001,0.055
0.37,0.28000000000000003,0.10000000000000001,0.221,0.11650000000000001,0.026499999999999999,0.063500000000000001
0.375,0.28000000000000003,0.080000000000000002,0.23449999999999999,0.1125,0.045499999999999999,0.067000000000000004
0.375,0.27500000000000002,0.10000000000000001,0.23250000000000001,0.11650000000000001,0.042000000000000003,0.065000000000000002
0.38500000000000001,0.28999999999999998,0.080000000000000002,0.2485,0.122,0.049500000000000002,0.065000000000000002
0.40000000000000002,0.32000000000000001,0.095000000000000001,0.34799999999999998,0.19400000000000001,0.052999999999999999,0.086999999999999994
0.40500000000000003,0.29999999999999999,0.11,0.32000000000000001,0.17199999999999999,0.043999999999999997,0.092999999999999999
0.40999999999999998,0.29999999999999999,0.10000000000000001,0.28199999999999997,0.1255,0.057000000000000002,0.087499999999999994
0.40999999999999998,0.32500000000000001,0.10000000000000001,0.32450000000000001,0.13200000000000001,0.071999999999999995,0.106
0.41999999999999998,0.29999999999999999,0.105,0.316,0.1255,0.070000000000000007,0.10349999999999999
0.41999999999999998,0.32000000000000001,0.11,0.36249999999999999,0.17399999999999999,0.063500000000000001,0.105
0.41999999999999998,0.31,0.095000000000000001,0.27900000000000003,0.1255,0.050999999999999997,0.087999999999999995
0.42499999999999999,0.32500000000000001,0.115,0.36849999999999999,0.16200000000000001,0.086499999999999994,0.1045
0.42999999999999999,0.33500000000000002,0.12,0.39700000000000002,0.19850000000000001,0.086499999999999994,0.10349999999999999
0.435,0.33000000000000002,0.11,0.41299999999999998,0.20549999999999999,0.096000000000000002,0.096000000000000002
0.435,0.34499999999999997,0.115,0.41799999999999998,0.222,0.073499999999999996,0.106
0.44,0.33000000000000002,0.11,0.3705,0.1545,0.084000000000000005,0.12
0.44500000000000001,0.34499999999999997,0.105,0.40899999999999997,0.16750000000000001,0.10150000000000001,0.11700000000000001
0.44500000000000001,0.34000000000000002,0.14499999999999999,0.434,0.19450000000000001,0.090499999999999997,0.13
0.44500000000000001,0.33500000000000002,0.11,0.41099999999999998,0.19850000000000001,0.0935,0.109
0.45000000000000001,0.36499999999999999,0.125,0.46200000000000002,0.2135,0.098500000000000004,0.13150000000000001
0.45000000000000001,0.34000000000000002,0.12,0.49249999999999999,0.24099999999999999,0.1075,0.12
0.45000000000000001,0.33000000000000002,0.105,0.3715,0.1865,0.0785,0.097500000000000003
0.45000000000000001,0.33000000000000002,0.10000000000000001,0.41099999999999998,0.19450000000000001,0.10000000000000001,0.098000000000000004
0.45000000000000001,0.33000000000000002,0.11,0.36849999999999999,0.16,0.088499999999999995,0.10199999999999999
0.46000000000000002,0.34999999999999998,0.115,0.41549999999999998,0.17999999999999999,0.098000000000000004,0.11749999999999999
0.46999999999999997,0.35999999999999999,0.105,0.54400000000000004,0.27000000000000002,0.13950000000000001,0.129
0.46999999999999997,0.38,0.125,0.48449999999999999,0.21099999999999999,0.1075,0.14199999999999999
0.47499999999999998,0.34999999999999998,0.11,0.45650000000000002,0.20599999999999999,0.099000000000000005,0.13
0.47499999999999998,0.34999999999999998,0.10000000000000001,0.45450000000000002,0.2165,0.111,0.115
0.47999999999999998,0.38,0.125,0.62450000000000006,0.33950000000000002,0.1085,0.16650000000000001
0.48999999999999999,0.46500000000000002,0.125,0.52249999999999996,0.23499999999999999,0.13,0.14099999999999999
0.5,0.375,0.14000000000000001,0.54949999999999999,0.248,0.112,0.1585
0.5,0.375,0.12,0.54200000000000004,0.215,0.11600000000000001,0.17000000000000001
0.5,0.38,0.125,0.51900000000000002,0.2485,0.1135,0.13400000000000001
0.5,0.39000000000000001,0.125,0.52149999999999996,0.2485,0.11700000000000001,0.13100000000000001
0.505,0.39000000000000001,0.125,0.54449999999999998,0.246,0.14999999999999999,0.14050000000000001
0.51000000000000001,0.40500000000000003,0.125,0.67949999999999999,0.34649999999999997,0.13950000000000001,0.182
0.51000000000000001,0.40000000000000002,0.125,0.54500000000000004,0.26100000000000001,0.115,0.13850000000000001
0.51000000000000001,0.40000000000000002,0.125,0.5575,0.26150000000000001,0.1195,0.1525
0.51000000000000001,0.38,0.115,0.51549999999999996,0.215,0.1135,0.16600000000000001
0.51500000000000001,0.38500000000000001,0.125,0.61150000000000004,0.3175,0.1265,0.14999999999999999
0.52000000000000002,0.40000000000000002,0.14499999999999999,0.77649999999999997,0.35249999999999998,0.1845,0.185
0.52000000000000002,0.38,0.13500000000000001,0.53949999999999998,0.22950000000000001,0.13300000000000001,0.157
0.52000000000000002,0.38,0.125,0.55449999999999999,0.28799999999999998,0.1295,0.16700000000000001
0.52000000000000002,0.46000000000000002,0.14999999999999999,1.0189999999999999,0.52300000000000002,0.19850000000000001,0.254
0.52500000000000002,0.40000000000000002,0.13,0.64549999999999996,0.32500000000000001,0.1245,0.17000000000000001
0.52500000000000002,0.40000000000000002,0.14000000000000001,0.60099999999999998,0.26250000000000001,0.1285,0.1835
0.52500000000000002,0.40500000000000003,0.12,0.75549999999999995,0.3755,0.1555,0.20100000000000001
0.52500000000000002,0.39500000000000002,0.12,0.60799999999999998,0.29699999999999999,0.13950000000000001,0.14050000000000001
0.53000000000000003,0.40000000000000002,0.125,0.61699999999999999,0.27900000000000003,0.127,0.19
0.53500000000000003,0.39000000000000001,0.125,0.59899999999999998,0.25950000000000001,0.14899999999999999,0.16900000000000001
0.54000000000000004,0.41999999999999998,0.14000000000000001,0.66649999999999998,0.3125,0.13800000000000001,0.1895
0.54500000000000004,0.39000000000000001,0.13500000000000001,0.78349999999999997,0.42249999999999999,0.18149999999999999,0.156
0.54500000000000004,0.40999999999999998,0.12,0.79300000000000004,0.434,0.14050000000000001,0.19
0.54500000000000004,0.41499999999999998,0.14000000000000001,0.81999999999999995,0.46150000000000002,0.127,0.218
0.55000000000000004,0.41499999999999998,0.13500000000000001,0.8145,0.42699999999999999,0.1855,0.17499999999999999
0.55000000000000004,0.42999999999999999,0.14999999999999999,0.83999999999999997,0.39500000000000002,0.19500000000000001,0.223
0.55000000000000004,0.42499999999999999,0.14999999999999999,0.83150000000000002,0.41099999999999998,0.17649999999999999,0.2165
0.56000000000000005,0.42999999999999999,0.14499999999999999,0.89949999999999997,0.46400000000000002,0.17749999999999999,0.23400000000000001
0.56000000000000005,0.44500000000000001,0.16,0.89649999999999996,0.41999999999999998,0.2175,0.2215
0.56000000000000005,0.44,0.155,0.64049999999999996,0.33600000000000002,0.17649999999999999,0.245
0.56000000000000005,0.41499999999999998,0.14499999999999999,0.85199999999999998,0.42999999999999999,0.1885,0.20499999999999999
0.56499999999999995,0.45500000000000002,0.14999999999999999,0.95950000000000002,0.45650000000000002,0.23949999999999999,0.23000000000000001
0.56499999999999995,0.435,0.14999999999999999,0.98999999999999999,0.57950000000000002,0.1825,0.20599999999999999
0.56499999999999995,0.45000000000000001,0.17499999999999999,1.0095000000000001,0.44700000000000001,0.23749999999999999,0.26450000000000001
0.56999999999999995,0.46000000000000002,0.14999999999999999,1.0375000000000001,0.54149999999999998,0.20349999999999999,0.25
0.56999999999999995,0.44500000000000001,0.14499999999999999,0.87749999999999995,0.41199999999999998,0.217,0.22
0.56999999999999995,0.44,0.14999999999999999,0.755,0.34250000000000003,0.16,0.224
0.57499999999999996,0.46000000000000002,0.14499999999999999,0.99450000000000005,0.46600000000000003,0.22900000000000001,0.26500000000000001
0.57499999999999996,0.45000000000000001,0.16,1.0680000000000001,0.55600000000000005,0.214,0.25750000000000001
0.57499999999999996,0.435,0.14000000000000001,0.84550000000000003,0.40100000000000002,0.191,0.222
0.57499999999999996,0.46999999999999997,0.16500000000000001,0.86899999999999999,0.435,0.19700000000000001,0.23799999999999999
0.57499999999999996,0.45500000000000002,0.13500000000000001,0.90700000000000003,0.42449999999999999,0.19700000000000001,0.26000000000000001
0.57499999999999996,0.435,0.13,0.80500000000000005,0.3155,0.2155,0.245
0.57499999999999996,0.44500000000000001,0.17000000000000001,1.0225,0.54900000000000004,0.2175,0.22800000000000001
0.57499999999999996,0.44500000000000001,0.14499999999999999,0.84699999999999998,0.41499999999999998,0.19450000000000001,0.22
0.57999999999999996,0.45500000000000002,0.14999999999999999,1.1140000000000001,0.47649999999999998,0.2155,0.26500000000000001
0.57999999999999996,0.45500000000000002,0.19500000000000001,1.859,0.94499999999999995,0.42599999999999999,0.441
0.57999999999999996,0.44500000000000001,0.13500000000000001,0.81399999999999995,0.3775,0.1915,0.22
0.57999999999999996,0.45000000000000001,0.14000000000000001,0.96150000000000002,0.48599999999999999,0.18149999999999999,0.253
0.57999999999999996,0.45000000000000001,0.14499999999999999,1.0024999999999999,0.54700000000000004,0.19750000000000001,0.22950000000000001
0.57999999999999996,0.45000000000000001,0.155,0.93000000000000005,0.38500000000000001,0.246,0.26500000000000001
0.58499999999999996,0.46000000000000002,0.14499999999999999,0.9335,0.47799999999999998,0.1825,0.23499999999999999
0.58499999999999996,0.46500000000000002,0.16,0.95550000000000002,0.45950000000000002,0.23599999999999999,0.26500000000000001
0.58999999999999997,0.46999999999999997,0.14999999999999999,0.99550000000000005,0.48099999999999998,0.23200000000000001,0.23999999999999999
0.59999999999999998,0.47499999999999998,0.16,1.0265,0.48499999999999999,0.2495,0.25650000000000001
0.59999999999999998,0.45500000000000002,0.17000000000000001,1.1915,0.69599999999999995,0.23949999999999999,0.23999999999999999
0.59999999999999998,0.46500000000000002,0.14999999999999999,1.1025,0.54549999999999998,0.26200000000000001,0.25
0.59999999999999998,0.46500000000000002,0.155,1.0165,0.51200000000000001,0.2465,0.22500000000000001
0.60499999999999998,0.46999999999999997,0.16500000000000001,1.1775,0.61099999999999999,0.22750000000000001,0.29199999999999998
0.60499999999999998,0.47499999999999998,0.14000000000000001,1.1174999999999999,0.55500000000000005,0.25700000000000001,0.27400000000000002
0.60499999999999998,0.47999999999999998,0.17000000000000001,1.1835,0.58199999999999996,0.23649999999999999,0.317
0.60499999999999998,0.47499999999999998,0.16500000000000001,1.056,0.433,0.2195,0.35699999999999998
0.60999999999999999,0.48499999999999999,0.16,1.0145,0.53149999999999997,0.21199999999999999,0.24149999999999999
0.60999999999999999,0.48499999999999999,0.14499999999999999,1.3305,0.78300000000000003,0.22550000000000001,0.28649999999999998
0.60999999999999999,0.46999999999999997,0.16500000000000001,1.052,0.498,0.24199999999999999,0.26700000000000002
0.61499999999999999,0.46000000000000002,0.17000000000000001,1.0565,0.48149999999999998,0.27200000000000002,0.27000000000000002
0.61499999999999999,0.46500000000000002,0.14999999999999999,0.92300000000000004,0.46150000000000002,0.1825,0.24149999999999999
0.61499999999999999,0.47499999999999998,0.155,1.0269999999999999,0.44700000000000001,0.25,0.28499999999999998
0.62,0.46999999999999997,0.13500000000000001,1.0195000000000001,0.53149999999999997,0.20050000000000001,0.2475
0.62,0.45000000000000001,0.20000000000000001,0.85799999999999998,0.42849999999999999,0.1525,0.24049999999999999
0.62,0.47999999999999998,0.16,1.1125,0.5635,0.2445,0.28100000000000003
0.625,0.48499999999999999,0.17499999999999999,1.3745000000000001,0.73350000000000004,0.27150000000000002,0.33200000000000002
0.625,0.47999999999999998,0.185,1.2064999999999999,0.58699999999999997,0.28999999999999998,0.28599999999999998
0.63,0.46999999999999997,0.155,1.1325000000000001,0.58899999999999997,0.21099999999999999,0.28699999999999998
0.63,0.5,0.17499999999999999,1.2645,0.5635,0.30649999999999999,0.34250000000000003
0.63500000000000001,0.495,0.014999999999999999,1.1565000000000001,0.51149999999999995,0.308,0.28849999999999998
0.64000000000000001,0.51500000000000001,0.16500000000000001,1.369,0.63200000000000001,0.34150000000000003,0.35799999999999998
0.64500000000000002,0.53000000000000003,0.19500000000000001,1.3899999999999999,0.64649999999999996,0.29449999999999998,0.3735
0.64500000000000002,0.47999999999999998,0.17000000000000001,1.1345000000000001,0.52800000000000002,0.254,0.30499999999999999
0.65000000000000002,0.5,0.19,1.464,0.64149999999999996,0.33900000000000002,0.42449999999999999
0.65000000000000002,0.5,0.155,1.202,0.56499999999999995,0.3135,0.29399999999999998
0.65500000000000003,0.51500000000000001,0.16,1.3100000000000001,0.55300000000000005,0.36899999999999999,0.34499999999999997
0.65500000000000003,0.51000000000000001,0.17499999999999999,1.415,0.58850000000000002,0.3725,0.36399999999999999
0.66000000000000003,0.53000000000000003,0.185,1.3460000000000001,0.54600000000000004,0.27050000000000002,0.47599999999999998
0.66500000000000004,0.52500000000000002,0.16,1.363,0.629,0.27900000000000003,0.34000000000000002
0.66500000000000004,0.5,0.17000000000000001,1.2975000000000001,0.60350000000000004,0.29099999999999998,0.35949999999999999
0.67000000000000004,0.505,0.20499999999999999,1.3645,0.60750000000000004,0.30249999999999999,0.35299999999999998
0.68500000000000005,0.54000000000000004,0.215,1.7024999999999999,0.66400000000000003,0.36549999999999999,0.47349999999999998
0.68500000000000005,0.52000000000000002,0.16500000000000001,1.5189999999999999,0.69899999999999995,0.36849999999999999,0.40000000000000002
0.68999999999999995,0.54000000000000004,0.155,1.454,0.624,0.3105,0.39000000000000001
0.68999999999999995,0.53000000000000003,0.20999999999999999,1.583,0.73550000000000004,0.40500000000000003,0.38650000000000001
0.68999999999999995,0.53000000000000003,0.17000000000000001,1.5535000000000001,0.79449999999999998,0.34849999999999998,0.3695
0.69499999999999995,0.56000000000000005,0.185,1.74,0.88500000000000001,0.3715,0.4375
0.69999999999999996,0.56499999999999995,0.17999999999999999,1.7509999999999999,0.89500000000000002,0.33550000000000002,0.44600000000000001
0.69999999999999996,0.57499999999999996,0.19,2.2730000000000001,1.095,0.41799999999999998,0.63800000000000001
0.69999999999999996,0.52500000000000002,0.19,1.6465000000000001,0.85450000000000004,0.307,0.39950000000000002
0.70499999999999996,0.55000000000000004,0.17000000000000001,1.2190000000000001,0.63949999999999996,0.23599999999999999,0.30099999999999999
0.70999999999999996,0.56000000000000005,0.17999999999999999,1.6519999999999999,0.73499999999999999,0.38100000000000001,0.45250000000000001
0.71499999999999997,0.55000000000000004,0.19,2.0045000000000002,1.0465,0.40699999999999997,0.50749999999999995
0.71499999999999997,0.53500000000000003,0.19,1.6755,0.88900000000000001,0.313,0.41999999999999998
0.71999999999999997,0.57999999999999996,0.19500000000000001,2.1030000000000002,1.0265,0.47999999999999998,0.53749999999999998
0.71999999999999997,0.55000000000000004,0.20000000000000001,1.9964999999999999,0.90349999999999997,0.46899999999999997,0.52149999999999996
0.71999999999999997,0.56499999999999995,0.14499999999999999,1.1870000000000001,0.69099999999999995,0.19450000000000001,0.26850000000000002
0.72499999999999998,0.505,0.185,1.978,1.026,0.42549999999999999,0.45050000000000001
0.72999999999999998,0.57499999999999996,0.185,1.8794999999999999,0.93100000000000005,0.38,0.48249999999999998
0.73499999999999999,0.58499999999999996,0.185,2.1240000000000001,0.95199999999999996,0.55000000000000004,0.5
0.745,0.56499999999999995,0.215,1.931,0.89600000000000002,0.45850000000000002,0.5
0.75,0.56999999999999995,0.20999999999999999,2.2360000000000002,1.109,0.51949999999999996,0.54500000000000004
0.755,0.625,0.20999999999999999,2.5049999999999999,1.1964999999999999,0.51300000000000001,0.67849999999999999
0.755,0.57999999999999996,0.20499999999999999,2.0065,0.82950000000000002,0.40150000000000002,0.59499999999999997
0.78000000000000003,0.63,0.215,2.657,1.488,0.4985,0.58599999999999997
0.185,0.375,0.12,0.46450000000000002,0.19600000000000001,0.1045,0.14999999999999999
0.245,0.20499999999999999,0.059999999999999998,0.076499999999999999,0.034000000000000002,0.014,0.021499999999999998
0.25,0.185,0.065000000000000002,0.068500000000000005,0.029499999999999998,0.014,0.022499999999999999
0.25,0.19,0.065000000000000002,0.083500000000000005,0.039,0.014999999999999999,0.025000000000000001
0.27500000000000002,0.19500000000000001,0.089999999999999997,0.1125,0.0545,0.029499999999999998,0.035499999999999997
0.30499999999999999,0.215,0.065000000000000002,0.1075,0.043999999999999997,0.020500000000000001,0.037999999999999999
0.31,0.22500000000000001,0.070000000000000007,0.1055,0.435,0.014999999999999999,0.040000000000000001
0.315,0.23000000000000001,0.080000000000000002,0.13750000000000001,0.0545,0.031,0.044499999999999998
0.315,0.23000000000000001,0.070000000000000007,0.1145,0.045999999999999999,0.0235,0.0385
0.32500000000000001,0.22500000000000001,0.074999999999999997,0.13900000000000001,0.056500000000000002,0.032000000000000001,0.089999999999999997
0.33000000000000002,0.25,0.095000000000000001,0.20849999999999999,0.10199999999999999,0.0395,0.051999999999999998
0.33000000000000002,0.20499999999999999,0.095000000000000001,0.1595,0.076999999999999999,0.032000000000000001,0.043499999999999997
0.33500000000000002,0.245,0.089999999999999997,0.20150000000000001,0.096000000000000002,0.040500000000000001,0.048000000000000001
0.34000000000000002,0.25,0.089999999999999997,0.17899999999999999,0.077499999999999999,0.033000000000000002,0.055
0.34499999999999997,0.255,0.095000000000000001,0.19450000000000001,0.092499999999999999,0.036999999999999998,0.055
0.34499999999999997,0.255,0.085000000000000006,0.20050000000000001,0.105,0.036999999999999998,0.050000000000000003
0.34999999999999998,0.27000000000000002,0.074999999999999997,0.215,0.10000000000000001,0.035999999999999997,0.065000000000000002
0.34999999999999998,0.255,0.089999999999999997,0.17849999999999999,0.085500000000000007,0.030499999999999999,0.052499999999999998
0.35999999999999999,0.27000000000000002,0.085000000000000006,0.19600000000000001,0.087499999999999994,0.035000000000000003,0.064000000000000001
0.36499999999999999,0.27000000000000002,0.085000000000000006,0.1875,0.081000000000000003,0.042000000000000003,0.058000000000000003
0.36499999999999999,0.27000000000000002,0.085000000000000006,0.19600000000000001,0.082500000000000004,0.037499999999999999,0.059999999999999998
0.36499999999999999,0.26500000000000001,0.085000000000000006,0.21299999999999999,0.094500000000000001,0.049000000000000002,0.059999999999999998
0.37,0.28999999999999998,0.089999999999999997,0.2445,0.088999999999999996,0.065500000000000003,0.074999999999999997
0.37,0.28000000000000003,0.085000000000000006,0.217,0.1095,0.035000000000000003,0.062
0.375,0.28999999999999998,0.095000000000000001,0.21299999999999999,0.096000000000000002,0.041000000000000002,0.060999999999999999
0.375,0.28999999999999998,0.085000000000000006,0.23849999999999999,0.11799999999999999,0.044999999999999998,0.069500000000000006
0.375,0.27500000000000002,0.089999999999999997,0.218,0.092999999999999999,0.040500000000000001,0.075499999999999998
0.375,0.27500000000000002,0.095000000000000001,0.2465,0.11,0.041500000000000002,0.077499999999999999
0.375,0.28000000000000003,0.080000000000000002,0.20250000000000001,0.082500000000000004,0.048000000000000001,0.065000000000000002
0.375,0.27000000000000002,0.085000000000000006,0.218,0.094500000000000001,0.039,0.070000000000000007
0.38,0.27500000000000002,0.11,0.25600000000000001,0.11,0.053499999999999999,0.075499999999999998
0.38,0.27000000000000002,0.080000000000000002,0.21049999999999999,0.086499999999999994,0.042000000000000003,0.070000000000000007
0.38500000000000001,0.28999999999999998,0.089999999999999997,0.26150000000000001,0.111,0.059499999999999997,0.074499999999999997
0.38500000000000001,0.28000000000000003,0.085000000000000006,0.2175,0.097000000000000003,0.037999999999999999,0.067000000000000004
0.38500000000000001,0.29999999999999999,0.095000000000000001,0.30199999999999999,0.152,0.061499999999999999,0.073499999999999996
0.38500000000000001,0.28000000000000003,0.089999999999999997,0.22800000000000001,0.10249999999999999,0.042000000000000003,0.065500000000000003
0.39000000000000001,0.29999999999999999,0.095000000000000001,0.32650000000000001,0.16650000000000001,0.057500000000000002,0.088999999999999996
0.39500000000000002,0.30499999999999999,0.105,0.28399999999999997,0.1135,0.059499999999999997,0.094500000000000001
0.39500000000000002,0.29499999999999998,0.095000000000000001,0.27250000000000002,0.115,0.0625,0.085000000000000006
0.39500000000000002,0.27000000000000002,0.10000000000000001,0.29849999999999999,0.14449999999999999,0.060999999999999999,0.082000000000000003
0.40000000000000002,0.28999999999999998,0.10000000000000001,0.26750000000000002,0.1205,0.060499999999999998,0.076499999999999999
0.40500000000000003,0.28499999999999998,0.089999999999999997,0.26450000000000001,0.1265,0.050500000000000003,0.074999999999999997
0.40999999999999998,0.33500000000000002,0.11,0.33000000000000002,0.157,0.070499999999999993,0.17000000000000001
0.41999999999999998,0.30499999999999999,0.089999999999999997,0.32800000000000001,0.16800000000000001,0.061499999999999999,0.082000000000000003
0.42499999999999999,0.32500000000000001,0.11,0.33350000000000002,0.17299999999999999,0.044999999999999998,0.10000000000000001
0.42499999999999999,0.32000000000000001,0.10000000000000001,0.30549999999999999,0.126,0.059999999999999998,0.106
0.42499999999999999,0.31,0.089999999999999997,0.30099999999999999,0.13850000000000001,0.065000000000000002,0.080000000000000002
0.42999999999999999,0.315,0.095000000000000001,0.378,0.17499999999999999,0.080000000000000002,0.1045
0.435,0.315,0.11,0.36849999999999999,0.1615,0.071499999999999994,0.12
0.44,0.34000000000000002,0.12,0.438,0.21149999999999999,0.083000000000000004,0.12
0.45000000000000001,0.33000000000000002,0.105,0.44800000000000001,0.20799999999999999,0.088999999999999996,0.12
0.45500000000000002,0.34499999999999997,0.105,0.40050000000000002,0.16400000000000001,0.075499999999999998,0.126
0.45500000000000002,0.36499999999999999,0.115,0.43049999999999999,0.184,0.108,0.1245
0.45500000000000002,0.33000000000000002,0.10000000000000001,0.372,0.35799999999999998,0.077499999999999999,0.11
0.46000000000000002,0.35999999999999999,0.105,0.46600000000000003,0.2225,0.099000000000000005,0.11
0.46000000000000002,0.34999999999999998,0.105,0.3705,0.1575,0.076999999999999999,0.114
0.46000000000000002,0.36499999999999999,0.125,0.47849999999999998,0.20599999999999999,0.1045,0.14099999999999999
0.46500000000000002,0.34000000000000002,0.11,0.34599999999999997,0.14249999999999999,0.072999999999999995,0.113
0.46999999999999997,0.36499999999999999,0.10000000000000001,0.41099999999999998,0.17499999999999999,0.085500000000000007,0.13500000000000001
0.46999999999999997,0.35499999999999998,0.17999999999999999,0.47999999999999998,0.20549999999999999,0.105,0.15049999999999999
0.46999999999999997,0.35499999999999998,0.12,0.39300000000000002,0.16700000000000001,0.088499999999999995,0.115
0.47499999999999998,0.35499999999999998,0.10000000000000001,0.50349999999999995,0.2535,0.090999999999999998,0.14000000000000001
0.47499999999999998,0.38,0.12,0.441,0.17849999999999999,0.088499999999999995,0.15049999999999999
0.47499999999999998,0.35999999999999999,0.11,0.49199999999999999,0.21099999999999999,0.11,0.14999999999999999
0.47999999999999998,0.37,0.125,0.54349999999999998,0.24399999999999999,0.10100000000000001,0.16500000000000001
0.47999999999999998,0.35499999999999998,0.115,0.47249999999999998,0.20649999999999999,0.112,0.13200000000000001
0.47999999999999998,0.36499999999999999,0.10000000000000001,0.46100000000000002,0.2205,0.083500000000000005,0.13500000000000001
0.495,0.35499999999999998,0.12,0.4965,0.214,0.1045,0.14949999999999999
0.495,0.38,0.13,0.51249999999999996,0.2185,0.11600000000000001,0.16
0.495,0.39500000000000002,0.12,0.55300000000000005,0.224,0.13750000000000001,0.16700000000000001
0.5,0.38,0.13500000000000001,0.59399999999999997,0.29449999999999998,0.104,0.1565
0.5,0.41999999999999998,0.13500000000000001,0.67649999999999999,0.30199999999999999,0.14149999999999999,0.20649999999999999
0.5,0.375,0.14499999999999999,0.57950000000000002,0.23899999999999999,0.13750000000000001,0.185
0.5,0.40999999999999998,0.14000000000000001,0.66149999999999998,0.25850000000000001,0.16250000000000001,0.19600000000000001
0.5,0.375,0.125,0.56950000000000001,0.25900000000000001,0.124,0.157
0.5,0.39500000000000002,0.14000000000000001,0.62150000000000005,0.29249999999999998,0.1205,0.19500000000000001
0.505,0.40500000000000003,0.13,0.60150000000000003,0.30149999999999999,0.11,0.17999999999999999
0.505,0.38,0.12,0.59399999999999997,0.25950000000000001,0.14349999999999999,0.17999999999999999
0.505,0.39500000000000002,0.105,0.55100000000000005,0.248,0.10299999999999999,0.17100000000000001
0.51500000000000001,0.38,0.12,0.625,0.32650000000000001,0.1295,0.16
0.51500000000000001,0.41999999999999998,0.13500000000000001,0.71099999999999997,0.33700000000000002,0.14399999999999999,0.20499999999999999
0.51500000000000001,0.40000000000000002,0.13500000000000001,0.69650000000000001,0.32000000000000001,0.1255,0.17499999999999999
0.52000000000000002,0.40000000000000002,0.13,0.58250000000000002,0.23300000000000001,0.13650000000000001,0.17999999999999999
0.52000000000000002,0.39500000000000002,0.125,0.66300000000000003,0.30049999999999999,0.13100000000000001,0.1905
0.52500000000000002,0.40000000000000002,0.125,0.69650000000000001,0.36899999999999999,0.13850000000000001,0.16400000000000001
0.52500000000000002,0.41999999999999998,0.155,0.84199999999999997,0.42799999999999999,0.14149999999999999,0.20449999999999999
0.53000000000000003,0.41499999999999998,0.13,0.69399999999999995,0.39050000000000001,0.111,0.16700000000000001
0.53000000000000003,0.41999999999999998,0.155,0.81000000000000005,0.47249999999999998,0.111,0.192
0.53000000000000003,0.41499999999999998,0.11,0.57450000000000001,0.2525,0.1235,0.189
0.53000000000000003,0.42499999999999999,0.13,0.76749999999999996,0.41899999999999998,0.1205,0.20999999999999999
0.53500000000000003,0.40000000000000002,0.13500000000000001,0.60250000000000004,0.28949999999999998,0.121,0.154
0.53500000000000003,0.41499999999999998,0.14999999999999999,0.57650000000000001,0.35949999999999999,0.13500000000000001,0.22500000000000001
0.53500000000000003,0.40999999999999998,0.13,0.71450000000000002,0.33500000000000002,0.14399999999999999,0.20749999999999999
0.53500000000000003,0.435,0.14999999999999999,0.71699999999999997,0.34749999999999998,0.14449999999999999,0.19400000000000001
0.54000000000000004,0.41999999999999998,0.14499999999999999,0.86550000000000005,0.43149999999999999,0.16300000000000001,0.2175
0.54000000000000004,0.41999999999999998,0.14000000000000001,0.72650000000000003,0.32050000000000001,0.14449999999999999,0.22900000000000001
0.54500000000000004,0.435,0.13500000000000001,0.77149999999999996,0.372,0.14799999999999999,0.22700000000000001
0.54500000000000004,0.44500000000000001,0.14999999999999999,0.80000000000000004,0.35349999999999998,0.16300000000000001,0.20699999999999999
0.54500000000000004,0.42999999999999999,0.14999999999999999,0.72850000000000004,0.30199999999999999,0.13150000000000001,0.2545
0.54500000000000004,0.40500000000000003,0.13500000000000001,0.59450000000000003,0.27000000000000002,0.11849999999999999,0.185
0.55000000000000004,0.42999999999999999,0.14499999999999999,0.78949999999999998,0.3745,0.17100000000000001,0.223
0.55000000000000004,0.40500000000000003,0.125,0.65100000000000002,0.29649999999999999,0.13700000000000001,0.20000000000000001
0.55000000000000004,0.42999999999999999,0.14999999999999999,0.87450000000000006,0.41299999999999998,0.1905,0.248
0.55000000000000004,0.435,0.14000000000000001,0.75349999999999995,0.32850000000000001,0.1555,0.23250000000000001
0.55000000000000004,0.42499999999999999,0.13500000000000001,0.73050000000000004,0.33250000000000002,0.1545,0.215
0.55500000000000005,0.44,0.14000000000000001,0.87050000000000005,0.40699999999999997,0.156,0.255
0.55500000000000005,0.42999999999999999,0.155,0.73950000000000005,0.3135,0.14349999999999999,0.28000000000000003
0.55500000000000005,0.42999999999999999,0.14000000000000001,0.76649999999999996,0.34100000000000003,0.16500000000000001,0.23000000000000001
0.55500000000000005,0.42499999999999999,0.14499999999999999,0.79049999999999998,0.34849999999999998,0.17649999999999999,0.22500000000000001
0.56000000000000005,0.42499999999999999,0.13500000000000001,0.82050000000000001,0.3715,0.185,0.23599999999999999
0.56000000000000005,0.42499999999999999,0.14499999999999999,0.68799999999999994,0.3095,0.1305,0.2165
0.56000000000000005,0.44500000000000001,0.155,1.224,0.55649999999999999,0.32250000000000001,0.26950000000000002
0.56000000000000005,0.45500000000000002,0.14499999999999999,0.97399999999999998,0.54700000000000004,0.1615,0.23499999999999999
0.56499999999999995,0.44,0.17499999999999999,0.87350000000000005,0.41399999999999998,0.20999999999999999,0.20999999999999999
0.56499999999999995,0.45000000000000001,0.14499999999999999,0.84950000000000003,0.42149999999999999,0.16850000000000001,0.22500000000000001
0.56499999999999995,0.44500000000000001,0.14999999999999999,0.79600000000000004,0.36349999999999999,0.184,0.219
0.56499999999999995,0.39000000000000001,0.125,0.74399999999999999,0.35199999999999998,0.13,0.16850000000000001
0.56999999999999995,0.45000000000000001,0.14499999999999999,0.751,0.28249999999999997,0.2195,0.2215
0.56999999999999995,0.45000000000000001,0.13500000000000001,0.79400000000000004,0.38150000000000001,0.14149999999999999,0.245
0.56999999999999995,0.46000000000000002,0.13500000000000001,0.97950000000000004,0.39700000000000002,0.2525,0.26550000000000001
0.56999999999999995,0.435,0.17000000000000001,0.873,0.38200000000000001,0.183,0.27050000000000002
0.56999999999999995,0.44,0.13,0.76649999999999996,0.34699999999999998,0.17849999999999999,0.20200000000000001
0.56999999999999995,0.435,0.125,0.89649999999999996,0.38300000000000001,0.1835,0.27500000000000002
0.57499999999999996,0.41999999999999998,0.13500000000000001,0.85699999999999998,0.46100000000000002,0.14699999999999999,0.21249999999999999
0.57499999999999996,0.47999999999999998,0.16500000000000001,1.0780000000000001,0.51100000000000001,0.20949999999999999,0.30599999999999999
0.57499999999999996,0.46000000000000002,0.155,0.89200000000000002,0.4415,0.17599999999999999,0.22
0.57999999999999996,0.46000000000000002,0.155,1.4395,0.67149999999999999,0.27300000000000002,0.29549999999999998
0.57999999999999996,0.45500000000000002,0.13500000000000001,0.79549999999999998,0.40500000000000003,0.16700000000000001,0.20399999999999999
0.57999999999999996,0.44500000000000001,0.14999999999999999,0.85799999999999998,0.40000000000000002,0.156,0.253
0.58499999999999996,0.46500000000000002,0.155,0.91449999999999998,0.45550000000000002,0.19650000000000001,0.23499999999999999
0.58499999999999996,0.48999999999999999,0.185,1.171,0.52200000000000002,0.2535,0.33500000000000002
0.58499999999999996,0.47499999999999998,0.16,1.0505,0.47999999999999998,0.23400000000000001,0.28499999999999998
0.58499999999999996,0.46000000000000002,0.16500000000000001,1.1134999999999999,0.58250000000000002,0.23449999999999999,0.27400000000000002
0.58499999999999996,0.46999999999999997,0.16500000000000001,1.409,0.80000000000000004,0.22900000000000001,0.29499999999999998
0.58499999999999996,0.47499999999999998,0.14999999999999999,1.0649999999999999,0.53149999999999997,0.19900000000000001,0.28849999999999998
0.58499999999999996,0.45000000000000001,0.17999999999999999,0.79949999999999999,0.33600000000000002,0.1855,0.23699999999999999
0.58999999999999997,0.44500000000000001,0.13500000000000001,0.77149999999999996,0.32800000000000001,0.17449999999999999,0.23000000000000001
0.58999999999999997,0.46999999999999997,0.17999999999999999,1.1870000000000001,0.59850000000000003,0.22700000000000001,0.31
0.58999999999999997,0.45500000000000002,0.155,0.88549999999999995,0.38800000000000001,0.188,0.27500000000000002
0.59499999999999997,0.46500000000000002,0.14999999999999999,0.97999999999999998,0.41149999999999998,0.19600000000000001,0.22550000000000001
0.59499999999999997,0.46500000000000002,0.155,1.026,0.46450000000000002,0.112,0.30499999999999999
0.59999999999999998,0.47499999999999998,0.17000000000000001,1.1315,0.50800000000000001,0.27200000000000002,0.309
0.59999999999999998,0.47999999999999998,0.155,1.014,0.45100000000000001,0.1885,0.32500000000000001
0.59999999999999998,0.47499999999999998,0.14999999999999999,1.1200000000000001,0.56499999999999995,0.2465,0.27000000000000002
0.59999999999999998,0.46500000000000002,0.155,1.04,0.47549999999999998,0.25,0.28000000000000003
0.59999999999999998,0.45500000000000002,0.14499999999999999,0.88949999999999996,0.41899999999999998,0.17150000000000001,0.26900000000000002
0.59999999999999998,0.46000000000000002,0.155,0.95950000000000002,0.44550000000000001,0.189,0.29499999999999998
0.60499999999999998,0.48499999999999999,0.14999999999999999,1.238,0.63149999999999995,0.22600000000000001,0.33000000000000002
0.60499999999999998,0.48999999999999999,0.14000000000000001,0.97550000000000003,0.41899999999999998,0.20599999999999999,0.315
0.60499999999999998,0.435,0.13,0.90249999999999997,0.432,0.17399999999999999,0.26000000000000001
0.60499999999999998,0.47499999999999998,0.17499999999999999,1.0760000000000001,0.46300000000000002,0.2195,0.33500000000000002
0.60499999999999998,0.46999999999999997,0.16,1.0834999999999999,0.54049999999999998,0.2215,0.27500000000000002
0.60999999999999999,0.45000000000000001,0.14999999999999999,0.871,0.40699999999999997,0.1835,0.25
0.60999999999999999,0.47999999999999998,0.16500000000000001,1.244,0.63449999999999995,0.25700000000000001,0.30499999999999999
0.60999999999999999,0.47499999999999998,0.17000000000000001,1.0265,0.435,0.23350000000000001,0.30349999999999999
0.60999999999999999,0.46500000000000002,0.14999999999999999,0.96050000000000002,0.44950000000000001,0.17249999999999999,0.28599999999999998
0.60999999999999999,0.47999999999999998,0.17000000000000001,1.137,0.45650000000000002,0.28999999999999998,0.34699999999999998
0.60999999999999999,0.46000000000000002,0.16,1,0.49399999999999999,0.19700000000000001,0.27500000000000002
0.61499999999999999,0.47499999999999998,0.155,1.004,0.44750000000000001,0.193,0.28949999999999998
0.61499999999999999,0.46999999999999997,0.16500000000000001,1.1279999999999999,0.44650000000000001,0.2195,0.34000000000000002
0.61499999999999999,0.5,0.17000000000000001,1.054,0.48449999999999999,0.22800000000000001,0.29499999999999998
0.61499999999999999,0.47499999999999998,0.16500000000000001,1.0229999999999999,0.49049999999999999,0.19550000000000001,0.30349999999999999
0.61499999999999999,0.47499999999999998,0.17000000000000001,1.129,0.47949999999999998,0.30199999999999999,0.29999999999999999
0.61499999999999999,0.47999999999999998,0.17499999999999999,1.1180000000000001,0.44600000000000001,0.31950000000000001,0.29999999999999999
0.61499999999999999,0.47499999999999998,0.155,1.115,0.48399999999999999,0.21149999999999999,0.35499999999999998
0.62,0.51000000000000001,0.17499999999999999,1.2815000000000001,0.57150000000000001,0.23849999999999999,0.39000000000000001
0.62,0.495,0.17999999999999999,1.2555000000000001,0.57650000000000001,0.254,0.35499999999999998
0.62,0.5,0.14999999999999999,1.2929999999999999,0.59599999999999997,0.3135,0.35399999999999998
0.62,0.47499999999999998,0.16,1.1294999999999999,0.46300000000000002,0.26850000000000002,0.33000000000000002
0.625,0.45500000000000002,0.17000000000000001,1.0820000000000001,0.4955,0.23449999999999999,0.315
0.625,0.505,0.17499999999999999,1.1499999999999999,0.54749999999999999,0.25600000000000001,0.30449999999999999
0.625,0.51500000000000001,0.16,1.264,0.57150000000000001,0.32600000000000001,0.32100000000000001
0.625,0.47999999999999998,0.155,1.2035,0.58650000000000002,0.23899999999999999,0.31850000000000001
0.63,0.48499999999999999,0.17000000000000001,1.3205,0.59450000000000003,0.34499999999999997,0.34499999999999997
0.63,0.505,0.17999999999999999,1.272,0.60250000000000004,0.29499999999999998,0.315
0.63,0.48499999999999999,0.14499999999999999,1.0620000000000001,0.50649999999999995,0.17849999999999999,0.33650000000000002
0.63,0.47499999999999998,0.14499999999999999,1.0605,0.51649999999999996,0.2195,0.28000000000000003
0.63,0.495,0.16,1.093,0.497,0.221,0.315
0.63500000000000001,0.48999999999999999,0.16,1.101,0.53400000000000003,0.1865,0.34549999999999997
0.63500000000000001,0.5,0.16500000000000001,1.4595,0.70499999999999996,0.26450000000000001,0.39000000000000001
0.63500000000000001,0.495,0.17499999999999999,1.2110000000000001,0.70699999999999996,0.27250000000000002,0.32300000000000001
0.63500000000000001,0.47499999999999998,0.17000000000000001,1.1935,0.52049999999999996,0.26950000000000002,0.36649999999999999
0.63500000000000001,0.51000000000000001,0.155,0.98599999999999999,0.40500000000000003,0.22550000000000001,0.31
0.64000000000000001,0.56499999999999995,0.23000000000000001,1.5209999999999999,0.64400000000000002,0.372,0.40600000000000003
0.64000000000000001,0.52500000000000002,0.17999999999999999,1.3134999999999999,0.48649999999999999,0.29949999999999999,0.40749999999999997
0.64500000000000002,0.51000000000000001,0.16,1.1835,0.55600000000000005,0.23849999999999999,0.34499999999999997
0.64500000000000002,0.5,0.19500000000000001,1.401,0.61650000000000005,0.35149999999999998,0.3725
0.64500000000000002,0.52500000000000002,0.16,1.5075000000000001,0.74550000000000005,0.245,0.4325
0.65000000000000002,0.505,0.16500000000000001,1.1599999999999999,0.47849999999999998,0.27400000000000002,0.34899999999999998
0.65000000000000002,0.58999999999999997,0.22,1.6619999999999999,0.77000000000000002,0.378,0.435
0.65000000000000002,0.52500000000000002,0.17499999999999999,1.5365,0.6865,0.35849999999999999,0.40500000000000003
0.65000000000000002,0.51000000000000001,0.19,1.542,0.71550000000000002,0.3735,0.375
0.65000000000000002,0.51000000000000001,0.17000000000000001,1.5669999999999999,0.72450000000000003,0.34899999999999998,0.39100000000000001
0.65500000000000003,0.52500000000000002,0.19,1.3594999999999999,0.56399999999999995,0.32150000000000001,0.39850000000000002
0.65500000000000003,0.53500000000000003,0.20499999999999999,1.6445000000000001,0.73050000000000004,0.35949999999999999,0.46000000000000002
0.65500000000000003,0.52000000000000002,0.19,1.4544999999999999,0.59999999999999998,0.38650000000000001,0.38300000000000001
0.65500000000000003,0.48999999999999999,0.17499999999999999,1.3585,0.63949999999999996,0.29399999999999998,0.36499999999999999
0.66000000000000003,0.495,0.20999999999999999,1.548,0.72399999999999998,0.35249999999999998,0.39250000000000002
0.66000000000000003,0.51500000000000001,0.17000000000000001,1.337,0.61499999999999999,0.3125,0.35749999999999998
0.66500000000000004,0.53000000000000003,0.17999999999999999,1.4910000000000001,0.63449999999999995,0.34200000000000003,0.435
0.67000000000000004,0.53000000000000003,0.22500000000000001,1.5615000000000001,0.63,0.48699999999999999,0.3725
0.67000000000000004,0.505,0.17499999999999999,1.0145,0.4375,0.27100000000000002,0.3745
0.67500000000000004,0.54500000000000004,0.185,1.7375,0.876,0.3135,0.46899999999999997
0.68500000000000005,0.54500000000000004,0.20499999999999999,1.7925,0.8145,0.41599999999999998,0.46100000000000002
0.69499999999999995,0.56499999999999995,0.19,1.7635000000000001,0.74650000000000005,0.39900000000000002,0.4975
0.69999999999999996,0.54500000000000004,0.13,1.556,0.67249999999999999,0.374,0.19500000000000001
0.70499999999999996,0.56499999999999995,0.51500000000000001,2.21,1.1074999999999999,0.48649999999999999,0.51200000000000001
0.70499999999999996,0.55500000000000005,0.215,2.141,1.0465,0.38300000000000001,0.52800000000000002
0.70499999999999996,0.56999999999999995,0.17999999999999999,1.5345,0.95999999999999996,0.41949999999999998,0.42999999999999999
0.70999999999999996,0.55000000000000004,0.17000000000000001,1.6140000000000001,0.74299999999999999,0.34499999999999997,0.45000000000000001
0.71999999999999997,0.57499999999999996,0.17000000000000001,1.9335,0.91300000000000003,0.38900000000000001,0.51000000000000001
0.71999999999999997,0.57499999999999996,0.215,2.173,0.95150000000000001,0.56399999999999995,0.53649999999999998
0.72499999999999998,0.59999999999999998,0.20000000000000001,1.7370000000000001,0.69699999999999995,0.35849999999999999,0.59499999999999997
0.72999999999999998,0.57999999999999996,0.19,1.7375,0.67849999999999999,0.4345,0.52000000000000002
0.73499999999999999,0.56499999999999995,0.20499999999999999,2.1274999999999999,0.94899999999999995,0.46000000000000002,0.56499999999999995
0.745,0.56999999999999995,0.215,2.25,1.1565000000000001,0.44600000000000001,0.55800000000000005
0.75,0.60999999999999999,0.23499999999999999,2.5085000000000002,1.232,0.51900000000000002,0.61199999999999999
0.81499999999999995,0.65000000000000002,0.25,2.2549999999999999,0.89049999999999996,0.41999999999999998,0.79749999999999999
0.14000000000000001,0.105,0.035000000000000003,0.014,0.0054999999999999997,0.0025000000000000001,0.0040000000000000001
0.23000000000000001,0.16500000000000001,0.059999999999999998,0.051499999999999997,0.019,0.014500000000000001,0.035999999999999997
0.36499999999999999,0.26500000000000001,0.13500000000000001,0.2215,0.105,0.047,0.060499999999999998
0.36499999999999999,0.255,0.080000000000000002,0.19850000000000001,0.0785,0.034500000000000003,0.052999999999999999
0.37,0.27000000000000002,0.095000000000000001,0.23200000000000001,0.13250000000000001,0.041000000000000002,0.061499999999999999
0.375,0.28000000000000003,0.085000000000000006,0.3155,0.187,0.045999999999999999,0.067000000000000004
0.38500000000000001,0.29999999999999999,0.089999999999999997,0.247,0.1225,0.043999999999999997,0.067500000000000004
0.39500000000000002,0.29499999999999998,0.089999999999999997,0.30249999999999999,0.14299999999999999,0.066500000000000004,0.076499999999999999
0.40000000000000002,0.28999999999999998,0.11,0.32900000000000001,0.188,0.045499999999999999,0.082500000000000004
0.40000000000000002,0.29999999999999999,0.089999999999999997,0.28149999999999997,0.11849999999999999,0.060999999999999999,0.080000000000000002
0.40500000000000003,0.31,0.095000000000000001,0.34250000000000003,0.17849999999999999,0.064000000000000001,0.085500000000000007
0.40500000000000003,0.28999999999999998,0.089999999999999997,0.28249999999999997,0.112,0.074999999999999997,0.081500000000000003
0.40500000000000003,0.29999999999999999,0.105,0.30399999999999999,0.14549999999999999,0.060999999999999999,0.080500000000000002
0.40999999999999998,0.32000000000000001,0.095000000000000001,0.29049999999999998,0.14099999999999999,0.063,0.072999999999999995
0.41499999999999998,0.315,0.115,0.38950000000000001,0.20150000000000001,0.065000000000000002,0.10299999999999999
0.42499999999999999,0.34000000000000002,0.105,0.38900000000000001,0.20150000000000001,0.090499999999999997,0.087999999999999995
0.42999999999999999,0.34000000000000002,0.105,0.4405,0.23849999999999999,0.074499999999999997,0.1075
0.44,0.34000000000000002,0.105,0.36899999999999999,0.16400000000000001,0.080000000000000002,0.10150000000000001
0.44,0.32000000000000001,0.12,0.45650000000000002,0.24349999999999999,0.091999999999999998,0.10249999999999999
0.44,0.36499999999999999,0.11,0.44650000000000001,0.21299999999999999,0.088999999999999996,0.1135
0.45000000000000001,0.33500000000000002,0.125,0.44750000000000001,0.2165,0.126,0.11
0.45500000000000002,0.33500000000000002,0.13500000000000001,0.501,0.27400000000000002,0.099500000000000005,0.1065
0.46000000000000002,0.35499999999999998,0.11,0.436,0.19750000000000001,0.096000000000000002,0.125
0.46999999999999997,0.34499999999999997,0.14000000000000001,0.46150000000000002,0.22900000000000001,0.1105,0.11600000000000001
0.46999999999999997,0.34999999999999998,0.125,0.43149999999999999,0.19,0.11650000000000001,0.11749999999999999
0.46999999999999997,0.35499999999999998,0.12,0.36849999999999999,0.126,0.083500000000000005,0.13650000000000001
0.47499999999999998,0.37,0.125,0.64900000000000002,0.34699999999999998,0.13600000000000001,0.14199999999999999
0.47499999999999998,0.36499999999999999,0.115,0.45900000000000002,0.2175,0.092999999999999999,0.11650000000000001
0.47499999999999998,0.36499999999999999,0.115,0.56599999999999995,0.28100000000000003,0.11700000000000001,0.13350000000000001
0.47999999999999998,0.35999999999999999,0.125,0.54200000000000004,0.27950000000000003,0.10249999999999999,0.14699999999999999
0.48499999999999999,0.38,0.12,0.47249999999999998,0.20749999999999999,0.1075,0.14699999999999999
0.48499999999999999,0.39000000000000001,0.085000000000000006,0.64349999999999996,0.29449999999999998,0.10299999999999999,0.19800000000000001
0.48499999999999999,0.37,0.13,0.52600000000000002,0.2485,0.105,0.1555
0.495,0.38,0.12,0.57299999999999995,0.26550000000000001,0.1285,0.14399999999999999
0.505,0.38500000000000001,0.105,0.55249999999999999,0.23899999999999999,0.1245,0.1555
0.505,0.38,0.13500000000000001,0.6855,0.36099999999999999,0.1565,0.161
0.51500000000000001,0.39500000000000002,0.125,0.55600000000000005,0.26950000000000002,0.096000000000000002,0.17000000000000001
0.51500000000000001,0.42499999999999999,0.14499999999999999,0.9365,0.497,0.18099999999999999,0.2185
0.51500000000000001,0.40000000000000002,0.125,0.5625,0.25,0.1245,0.17000000000000001
0.52000000000000002,0.40000000000000002,0.125,0.55900000000000005,0.254,0.13900000000000001,0.14899999999999999
0.52500000000000002,0.40000000000000002,0.14000000000000001,0.72050000000000003,0.36849999999999999,0.14499999999999999,0.17349999999999999
0.53000000000000003,0.42999999999999999,0.13,0.70450000000000002,0.34599999999999997,0.14149999999999999,0.189
0.53000000000000003,0.40000000000000002,0.125,0.75749999999999995,0.39800000000000002,0.151,0.17499999999999999
0.54500000000000004,0.40999999999999998,0.14000000000000001,0.74050000000000005,0.35649999999999998,0.17749999999999999,0.20300000000000001
0.55000000000000004,0.42999999999999999,0.14000000000000001,0.83999999999999997,0.375,0.218,0.19450000000000001
0.55000000000000004,0.42499999999999999,0.16,0.79300000000000004,0.34300000000000003,0.20349999999999999,0.215
0.56000000000000005,0.42999999999999999,0.14999999999999999,0.87450000000000006,0.45300000000000001,0.161,0.22
0.56000000000000005,0.435,0.14999999999999999,0.87150000000000005,0.47549999999999998,0.1835,0.1835
0.56999999999999995,0.44500000000000001,0.14999999999999999,0.98750000000000004,0.504,0.20699999999999999,0.249
0.57499999999999996,0.46500000000000002,0.14999999999999999,1.0800000000000001,0.59499999999999997,0.20649999999999999,0.23799999999999999
0.57499999999999996,0.46000000000000002,0.16500000000000001,0.91549999999999998,0.40050000000000002,0.2465,0.23849999999999999
0.57999999999999996,0.46000000000000002,0.17499999999999999,1.165,0.65000000000000002,0.2205,0.30549999999999999
0.57999999999999996,0.435,0.14000000000000001,0.95299999999999996,0.47499999999999998,0.2165,0.20949999999999999
0.58499999999999996,0.45500000000000002,0.14999999999999999,0.90600000000000003,0.40949999999999998,0.23000000000000001,0.23350000000000001
0.58999999999999997,0.44,0.14999999999999999,0.87250000000000005,0.38700000000000001,0.215,0.245
0.58999999999999997,0.46500000000000002,0.14999999999999999,1.151,0.61299999999999999,0.23899999999999999,0.2515
0.58999999999999997,0.46000000000000002,0.14499999999999999,0.99050000000000005,0.45300000000000001,0.2205,0.27500000000000002
0.59499999999999997,0.45500000000000002,0.16,1.04,0.45200000000000001,0.26550000000000001,0.28799999999999998
0.59999999999999998,0.45500000000000002,0.155,0.94499999999999995,0.4365,0.20849999999999999,0.25
0.59999999999999998,0.46500000000000002,0.20000000000000001,1.2589999999999999,0.64049999999999996,0.19850000000000001,0.35699999999999998
0.60499999999999998,0.48499999999999999,0.16500000000000001,0.95150000000000001,0.45350000000000001,0.193,0.27650000000000002
0.60499999999999998,0.48499999999999999,0.16,1.2010000000000001,0.41699999999999998,0.28749999999999998,0.38
0.60499999999999998,0.51500000000000001,0.17000000000000001,1.2889999999999999,0.59999999999999998,0.29449999999999998,0.33150000000000002
0.60999999999999999,0.48499999999999999,0.17000000000000001,1.1005,0.51249999999999996,0.22900000000000001,0.30499999999999999
0.61499999999999999,0.47499999999999998,0.13,0.84250000000000003,0.35299999999999998,0.1915,0.251
0.62,0.48499999999999999,0.155,1.0489999999999999,0.46200000000000002,0.23100000000000001,0.25
0.62,0.435,0.155,1.012,0.47699999999999998,0.23599999999999999,0.27500000000000002
0.62,0.47999999999999998,0.16500000000000001,1.0725,0.48149999999999998,0.23499999999999999,0.312
0.625,0.52000000000000002,0.17499999999999999,1.4105000000000001,0.69099999999999995,0.32200000000000001,0.34649999999999997
0.625,0.46999999999999997,0.17999999999999999,1.1359999999999999,0.45100000000000001,0.32450000000000001,0.30499999999999999
0.63,0.46999999999999997,0.14499999999999999,1.1005,0.52000000000000002,0.26000000000000001,0.27600000000000002
0.63,0.5,0.17499999999999999,1.1105,0.46700000000000003,0.26800000000000002,0.32900000000000001
0.63,0.45500000000000002,0.14999999999999999,1.1315,0.48099999999999998,0.27450000000000002,0.30499999999999999
0.63,0.47999999999999998,0.14999999999999999,1.2709999999999999,0.66049999999999998,0.24249999999999999,0.31
0.63,0.48999999999999999,0.22500000000000001,1.3360000000000001,0.68049999999999999,0.25900000000000001,0.32450000000000001
0.63500000000000001,0.505,0.14499999999999999,1.1345000000000001,0.505,0.26550000000000001,0.315
0.63500000000000001,0.51000000000000001,0.185,1.3080000000000001,0.54400000000000004,0.318,0.377
0.64000000000000001,0.51500000000000001,0.20499999999999999,1.5335000000000001,0.66349999999999998,0.33450000000000002,0.40250000000000002
0.64500000000000002,0.51500000000000001,0.17499999999999999,1.546,0.70350000000000001,0.36499999999999999,0.41499999999999998
0.64500000000000002,0.51000000000000001,0.155,1.5389999999999999,0.64049999999999996,0.35849999999999999,0.42999999999999999
0.64500000000000002,0.505,0.16500000000000001,1.3180000000000001,0.55000000000000004,0.30149999999999999,0.33500000000000002
0.65000000000000002,0.54500000000000004,0.17499999999999999,1.5245,0.58999999999999997,0.32600000000000001,0.495
0.65000000000000002,0.51500000000000001,0.17499999999999999,1.466,0.67700000000000005,0.30449999999999999,0.40000000000000002
0.65000000000000002,0.5,0.16,1.3825000000000001,0.70199999999999996,0.30399999999999999,0.31950000000000001
0.65000000000000002,0.48499999999999999,0.14000000000000001,1.175,0.47499999999999998,0.24349999999999999,0.215
0.65500000000000003,0.54000000000000004,0.215,1.5555000000000001,0.69499999999999995,0.29599999999999999,0.44400000000000001
0.65500000000000003,0.51000000000000001,0.215,1.7835000000000001,0.88849999999999996,0.40949999999999998,0.41949999999999998
0.66000000000000003,0.505,0.16500000000000001,1.3740000000000001,0.58899999999999997,0.35099999999999998,0.34499999999999997
0.66500000000000004,0.51500000000000001,0.17999999999999999,1.389,0.59450000000000003,0.32400000000000001,0.39500000000000002
0.67000000000000004,0.54500000000000004,0.20000000000000001,1.7024999999999999,0.83299999999999996,0.374,0.40999999999999998
0.67000000000000004,0.51000000000000001,0.17499999999999999,1.5265,0.65100000000000002,0.44750000000000001,0.34499999999999997
0.67000000000000004,0.5,0.19,1.5189999999999999,0.61599999999999999,0.38800000000000001,0.41499999999999998
0.68000000000000005,0.5,0.185,1.7410000000000001,0.76649999999999996,0.32550000000000001,0.46850000000000003
0.68000000000000005,0.51500000000000001,0.17000000000000001,1.6114999999999999,0.84150000000000003,0.30599999999999999,0.39500000000000002
0.68999999999999995,0.52500000000000002,0.20000000000000001,1.7825,0.91649999999999998,0.33250000000000002,0.46100000000000002
0.69999999999999996,0.55000000000000004,0.17000000000000001,1.6839999999999999,0.75349999999999995,0.32650000000000001,0.32000000000000001
0.69999999999999996,0.55500000000000005,0.20000000000000001,1.8580000000000001,0.72999999999999998,0.36649999999999999,0.59499999999999997
0.70499999999999996,0.56000000000000005,0.16500000000000001,1.675,0.79700000000000004,0.40949999999999998,0.38800000000000001
0.71999999999999997,0.56499999999999995,0.20000000000000001,2.1055000000000001,1.0169999999999999,0.36299999999999999,0.49399999999999999
0.72499999999999998,0.57499999999999996,0.23999999999999999,2.21,1.351,0.41299999999999998,0.50149999999999995
0.73999999999999999,0.56999999999999995,0.17999999999999999,1.8725000000000001,0.91149999999999998,0.42699999999999999,0.44600000000000001
0.75,0.55000000000000004,0.17999999999999999,1.893,0.94199999999999995,0.39700000000000002,0.44500000000000001
0.20999999999999999,0.17000000000000001,0.044999999999999998,0.047500000000000001,0.019,0.010999999999999999,0.012999999999999999
0.28499999999999998,0.20999999999999999,0.055,0.10100000000000001,0.041500000000000002,0.017000000000000001,0.033500000000000002
0.29499999999999998,0.215,0.070000000000000007,0.121,0.047,0.0155,0.040500000000000001
0.29999999999999999,0.23000000000000001,0.085000000000000006,0.11700000000000001,0.050000000000000003,0.017500000000000002,0.041500000000000002
0.30499999999999999,0.22500000000000001,0.089999999999999997,0.14649999999999999,0.063,0.034000000000000002,0.041500000000000002
0.33500000000000002,0.255,0.080000000000000002,0.16800000000000001,0.079000000000000001,0.035499999999999997,0.050000000000000003
0.34999999999999998,0.26000000000000001,0.074999999999999997,0.17999999999999999,0.089999999999999997,0.024500000000000001,0.055
0.35499999999999998,0.27000000000000002,0.074999999999999997,0.17749999999999999,0.079000000000000001,0.0315,0.053999999999999999
0.35499999999999998,0.26000000000000001,0.089999999999999997,0.19850000000000001,0.071499999999999994,0.049500000000000002,0.058000000000000003
0.35999999999999999,0.27000000000000002,0.095000000000000001,0.20000000000000001,0.072999999999999995,0.056000000000000001,0.060999999999999999
0.35999999999999999,0.27500000000000002,0.074999999999999997,0.2205,0.098500000000000004,0.043999999999999997,0.066000000000000003
0.35999999999999999,0.26500000000000001,0.074999999999999997,0.1845,0.083000000000000004,0.036499999999999998,0.055
0.36499999999999999,0.27000000000000002,0.085000000000000006,0.2225,0.0935,0.052499999999999998,0.066000000000000003
0.37,0.27000000000000002,0.095000000000000001,0.2175,0.097000000000000003,0.045999999999999999,0.065000000000000002
0.375,0.28000000000000003,0.080000000000000002,0.2165,0.0935,0.092499999999999999,0.070000000000000007
0.38,0.28499999999999998,0.095000000000000001,0.24299999999999999,0.089499999999999996,0.066500000000000004,0.074999999999999997
0.38,0.28999999999999998,0.10000000000000001,0.23699999999999999,0.108,0.0395,0.082000000000000003
0.38500000000000001,0.28999999999999998,0.089999999999999997,0.23649999999999999,0.10000000000000001,0.050500000000000003,0.075999999999999998
0.38500000000000001,0.28000000000000003,0.095000000000000001,0.25700000000000001,0.11899999999999999,0.058999999999999997,0.070000000000000007
0.38500000000000001,0.29999999999999999,0.089999999999999997,0.308,0.1525,0.056000000000000001,0.083500000000000005
0.39000000000000001,0.29999999999999999,0.089999999999999997,0.252,0.1065,0.052999999999999999,0.080000000000000002
0.39000000000000001,0.28499999999999998,0.10000000000000001,0.28100000000000003,0.1275,0.062,0.076999999999999999
0.39000000000000001,0.28999999999999998,0.10000000000000001,0.2225,0.095000000000000001,0.0465,0.072999999999999995
0.40999999999999998,0.29999999999999999,0.089999999999999997,0.30399999999999999,0.129,0.070999999999999994,0.095500000000000002
0.40999999999999998,0.29999999999999999,0.089999999999999997,0.28000000000000003,0.14099999999999999,0.057500000000000002,0.074999999999999997
0.41499999999999998,0.32500000000000001,0.10000000000000001,0.313,0.13900000000000001,0.0625,0.096500000000000002
0.42499999999999999,0.32500000000000001,0.11,0.317,0.13500000000000001,0.048000000000000001,0.089999999999999997
0.42499999999999999,0.315,0.080000000000000002,0.30299999999999999,0.13100000000000001,0.058500000000000003,0.095000000000000001
0.435,0.33500000000000002,0.10000000000000001,0.32950000000000002,0.129,0.070000000000000007,0.11
0.435,0.32500000000000001,0.11,0.36699999999999999,0.1595,0.080000000000000002,0.105
0.45000000000000001,0.34000000000000002,0.095000000000000001,0.32450000000000001,0.13850000000000001,0.064000000000000001,0.105
0.45000000000000001,0.33500000000000002,0.11,0.41949999999999998,0.18099999999999999,0.085000000000000006,0.13450000000000001
0.45500000000000002,0.35999999999999999,0.115,0.45700000000000002,0.20849999999999999,0.085500000000000007,0.14699999999999999
0.46000000000000002,0.34999999999999998,0.11,0.40000000000000002,0.17599999999999999,0.083000000000000004,0.1205
0.46000000000000002,0.35499999999999998,0.11,0.42549999999999999,0.20150000000000001,0.081000000000000003,0.13
0.46500000000000002,0.37,0.12,0.4365,0.188,0.081500000000000003,0.14699999999999999
0.46500000000000002,0.34499999999999997,0.11,0.39300000000000002,0.1825,0.073499999999999996,0.12
0.46999999999999997,0.35499999999999998,0.125,0.499,0.20999999999999999,0.098500000000000004,0.155
0.47499999999999998,0.35999999999999999,0.14499999999999999,0.63249999999999995,0.28249999999999997,0.13700000000000001,0.19
0.47499999999999998,0.35999999999999999,0.10000000000000001,0.42849999999999999,0.19650000000000001,0.099000000000000005,0.112
0.47499999999999998,0.35999999999999999,0.125,0.49049999999999999,0.20499999999999999,0.1305,0.125
0.47999999999999998,0.37,0.125,0.47399999999999998,0.17899999999999999,0.10349999999999999,0.17499999999999999
0.47999999999999998,0.37,0.12,0.53600000000000003,0.251,0.114,0.14999999999999999
0.47999999999999998,0.35499999999999998,0.16,0.46400000000000002,0.221,0.106,0.23899999999999999
0.48499999999999999,0.375,0.13,0.60250000000000004,0.29349999999999998,0.1285,0.16
0.48999999999999999,0.375,0.115,0.46150000000000002,0.20399999999999999,0.094500000000000001,0.14299999999999999
0.48999999999999999,0.40000000000000002,0.13500000000000001,0.624,0.30349999999999999,0.1285,0.16900000000000001
0.495,0.37,0.125,0.47149999999999997,0.20749999999999999,0.090999999999999998,0.14999999999999999
0.495,0.40000000000000002,0.105,0.60199999999999998,0.2505,0.1265,0.19
0.5,0.40000000000000002,0.12,0.61599999999999999,0.26100000000000001,0.14299999999999999,0.19350000000000001
0.5,0.39000000000000001,0.12,0.59550000000000003,0.2455,0.14699999999999999,0.17299999999999999
0.5,0.375,0.14000000000000001,0.55900000000000005,0.23749999999999999,0.13500000000000001,0.16900000000000001
0.51000000000000001,0.39500000000000002,0.13,0.60250000000000004,0.28100000000000003,0.14299999999999999,0.16200000000000001
0.51500000000000001,0.375,0.11,0.60650000000000004,0.30049999999999999,0.13100000000000001,0.14999999999999999
0.51500000000000001,0.35999999999999999,0.125,0.47249999999999998,0.18149999999999999,0.125,0.13800000000000001
0.51500000000000001,0.34999999999999998,0.105,0.47449999999999998,0.21299999999999999,0.123,0.1275
0.51500000000000001,0.39500000000000002,0.125,0.66349999999999998,0.32000000000000001,0.14000000000000001,0.17000000000000001
0.51500000000000001,0.39000000000000001,0.125,0.57050000000000001,0.23799999999999999,0.1265,0.185
0.52000000000000002,0.40999999999999998,0.14499999999999999,0.64600000000000002,0.29649999999999999,0.1595,0.16500000000000001
0.52000000000000002,0.39000000000000001,0.13,0.55449999999999999,0.23549999999999999,0.1095,0.1895
0.52500000000000002,0.41499999999999998,0.14499999999999999,0.84499999999999997,0.35249999999999998,0.16350000000000001,0.28749999999999998
0.52500000000000002,0.39000000000000001,0.12,0.66400000000000003,0.3115,0.14699999999999999,0.17799999999999999
0.52500000000000002,0.38,0.13500000000000001,0.61499999999999999,0.26100000000000001,0.159,0.17499999999999999
0.52500000000000002,0.40000000000000002,0.14000000000000001,0.65400000000000003,0.30499999999999999,0.16,0.16900000000000001
0.52500000000000002,0.40000000000000002,0.155,0.70699999999999996,0.28199999999999997,0.1605,0.22500000000000001
0.53000000000000003,0.41999999999999998,0.12,0.59650000000000003,0.2555,0.14099999999999999,0.17699999999999999
0.53000000000000003,0.42999999999999999,0.13500000000000001,0.62549999999999994,0.245,0.14549999999999999,0.2135
0.53000000000000003,0.40000000000000002,0.14499999999999999,0.55500000000000005,0.19350000000000001,0.1305,0.19500000000000001
0.53000000000000003,0.41999999999999998,0.13,0.83650000000000002,0.3745,0.16700000000000001,0.249
0.53500000000000003,0.40000000000000002,0.13,0.65700000000000003,0.28349999999999997,0.16200000000000001,0.17499999999999999
0.54000000000000004,0.42999999999999999,0.17000000000000001,0.83599999999999997,0.3725,0.18149999999999999,0.23999999999999999
0.54000000000000004,0.42499999999999999,0.14000000000000001,0.74199999999999999,0.32000000000000001,0.13950000000000001,0.25
0.54000000000000004,0.42999999999999999,0.14000000000000001,0.81950000000000001,0.39350000000000002,0.17249999999999999,0.22950000000000001
0.54000000000000004,0.45500000000000002,0.14000000000000001,0.97199999999999998,0.41899999999999998,0.255,0.26900000000000002
0.54000000000000004,0.41999999999999998,0.14000000000000001,0.62749999999999995,0.2505,0.11749999999999999,0.23499999999999999
0.54000000000000004,0.42499999999999999,0.13,0.72050000000000003,0.29549999999999998,0.16900000000000001,0.22500000000000001
0.54000000000000004,0.42499999999999999,0.13500000000000001,0.68600000000000005,0.34749999999999998,0.1545,0.21299999999999999
0.54500000000000004,0.40000000000000002,0.13,0.68600000000000005,0.32850000000000001,0.14549999999999999,0.17999999999999999
0.54500000000000004,0.375,0.12,0.54300000000000004,0.23749999999999999,0.11550000000000001,0.17249999999999999
0.54500000000000004,0.41999999999999998,0.125,0.71699999999999997,0.35799999999999998,0.112,0.22
0.55000000000000004,0.435,0.14000000000000001,0.76249999999999996,0.32700000000000001,0.16850000000000001,0.25900000000000001
0.55000000000000004,0.42499999999999999,0.14999999999999999,0.63900000000000001,0.26900000000000002,0.13450000000000001,0.217
0.55000000000000004,0.41999999999999998,0.13500000000000001,0.81599999999999995,0.39950000000000002,0.14849999999999999,0.23000000000000001
0.55000000000000004,0.41499999999999998,0.14499999999999999,0.78149999999999997,0.373,0.16,0.2215
0.55000000000000004,0.42499999999999999,0.14999999999999999,0.76649999999999996,0.33900000000000002,0.17599999999999999,0.20999999999999999
0.55500000000000005,0.39500000000000002,0.13,0.5585,0.222,0.1245,0.17000000000000001
0.55500000000000005,0.435,0.14000000000000001,0.76500000000000001,0.39450000000000002,0.14999999999999999,0.20599999999999999
0.55500000000000005,0.46000000000000002,0.14499999999999999,0.90049999999999997,0.38450000000000001,0.158,0.27650000000000002
0.56000000000000005,0.44500000000000001,0.14999999999999999,0.82250000000000001,0.36849999999999999,0.187,0.23599999999999999
0.56000000000000005,0.44,0.13,0.72350000000000003,0.34899999999999998,0.14899999999999999,0.20000000000000001
0.56000000000000005,0.42499999999999999,0.13500000000000001,0.84899999999999998,0.32650000000000001,0.221,0.26450000000000001
0.56499999999999995,0.41999999999999998,0.155,0.74299999999999999,0.31,0.186,0.23100000000000001
0.56499999999999995,0.44,0.14999999999999999,0.86299999999999999,0.435,0.14899999999999999,0.27000000000000002
0.56499999999999995,0.44,0.125,0.80200000000000005,0.35949999999999999,0.1825,0.215
0.56499999999999995,0.42999999999999999,0.14999999999999999,0.83099999999999996,0.42449999999999999,0.17349999999999999,0.219
0.56999999999999995,0.45000000000000001,0.13500000000000001,0.78049999999999997,0.33450000000000002,0.185,0.20999999999999999
0.56999999999999995,0.45000000000000001,0.14000000000000001,0.79500000000000004,0.33850000000000002,0.14799999999999999,0.245
0.56999999999999995,0.435,0.17000000000000001,0.84799999999999998,0.40000000000000002,0.16600000000000001,0.25
0.56999999999999995,0.42999999999999999,0.14499999999999999,0.83299999999999996,0.35399999999999998,0.14399999999999999,0.28149999999999997
0.56999999999999995,0.44500000000000001,0.155,0.86699999999999999,0.3705,0.17050000000000001,0.28000000000000003
0.56999999999999995,0.44500000000000001,0.14499999999999999,0.74050000000000005,0.30599999999999999,0.17199999999999999,0.1825
0.57499999999999996,0.45500000000000002,0.16500000000000001,0.86699999999999999,0.3765,0.18049999999999999,0.26800000000000002
0.57499999999999996,0.42499999999999999,0.13500000000000001,0.79649999999999999,0.36399999999999999,0.19600000000000001,0.23899999999999999
0.57499999999999996,0.46999999999999997,0.155,1.1160000000000001,0.50900000000000001,0.23799999999999999,0.34000000000000002
0.57499999999999996,0.45000000000000001,0.125,0.78000000000000003,0.32750000000000001,0.188,0.23499999999999999
0.57499999999999996,0.46999999999999997,0.185,0.98499999999999999,0.3745,0.2175,0.35499999999999998
0.57499999999999996,0.46500000000000002,0.19500000000000001,0.99650000000000005,0.41699999999999998,0.247,0.46999999999999997
0.57499999999999996,0.44500000000000001,0.17000000000000001,0.80149999999999999,0.34749999999999998,0.14649999999999999,0.25
0.57499999999999996,0.45000000000000001,0.13500000000000001,0.80700000000000005,0.36149999999999999,0.17599999999999999,0.254
0.57499999999999996,0.435,0.14999999999999999,1.0305,0.46050000000000002,0.218,0.35999999999999999
0.57499999999999996,0.44500000000000001,0.16,0.83899999999999997,0.40050000000000002,0.19800000000000001,0.23899999999999999
0.57499999999999996,0.44,0.16,0.96150000000000002,0.48299999999999998,0.16600000000000001,0.27500000000000002
0.57999999999999996,0.435,0.14999999999999999,0.83399999999999996,0.42799999999999999,0.1515,0.23000000000000001
0.57999999999999996,0.46000000000000002,0.155,1.0335000000000001,0.46899999999999997,0.2225,0.29499999999999998
0.57999999999999996,0.42999999999999999,0.13,0.79800000000000004,0.36499999999999999,0.17299999999999999,0.22850000000000001
0.57999999999999996,0.44500000000000001,0.125,0.70950000000000002,0.30299999999999999,0.14050000000000001,0.23499999999999999
0.58499999999999996,0.44500000000000001,0.14000000000000001,0.91300000000000003,0.43049999999999999,0.2205,0.253
0.58999999999999997,0.48999999999999999,0.16500000000000001,1.2070000000000001,0.55900000000000005,0.23499999999999999,0.309
0.58999999999999997,0.45000000000000001,0.14499999999999999,1.022,0.42799999999999999,0.26800000000000002,0.26500000000000001
0.58999999999999997,0.46000000000000002,0.14499999999999999,0.90149999999999997,0.41899999999999998,0.17849999999999999,0.26000000000000001
0.59499999999999997,0.435,0.14999999999999999,0.90000000000000002,0.41749999999999998,0.17000000000000001,0.26500000000000001
0.59499999999999997,0.45000000000000001,0.14000000000000001,0.83799999999999997,0.39650000000000002,0.19400000000000001,0.217
0.59499999999999997,0.45000000000000001,0.14499999999999999,0.95899999999999996,0.46300000000000002,0.20649999999999999,0.2535
0.59499999999999997,0.46000000000000002,0.14999999999999999,0.83350000000000002,0.377,0.1925,0.23499999999999999
0.59999999999999998,0.46000000000000002,0.155,0.97350000000000003,0.42699999999999999,0.20449999999999999,0.29999999999999999
0.59999999999999998,0.47499999999999998,0.14999999999999999,1.1299999999999999,0.57499999999999996,0.19600000000000001,0.30499999999999999
0.59999999999999998,0.47999999999999998,0.16500000000000001,0.91649999999999998,0.41349999999999998,0.19650000000000001,0.27250000000000002
0.59999999999999998,0.47999999999999998,0.17000000000000001,0.91749999999999998,0.38,0.2225,0.28999999999999998
0.59999999999999998,0.47999999999999998,0.17999999999999999,1.0645,0.44950000000000001,0.2455,0.32500000000000001
0.59999999999999998,0.46999999999999997,0.16500000000000001,1.0589999999999999,0.504,0.24099999999999999,0.27500000000000002
0.59999999999999998,0.46999999999999997,0.16,1.194,0.5625,0.30449999999999999,0.26350000000000001
0.60499999999999998,0.45500000000000002,0.14499999999999999,0.97750000000000004,0.46800000000000003,0.17749999999999999,0.27500000000000002
0.60499999999999998,0.47499999999999998,0.14499999999999999,0.88400000000000001,0.38350000000000001,0.1905,0.27000000000000002
0.60499999999999998,0.46999999999999997,0.14499999999999999,0.80249999999999999,0.379,0.22650000000000001,0.22
0.60499999999999998,0.47999999999999998,0.14000000000000001,0.99099999999999999,0.47349999999999998,0.23449999999999999,0.23999999999999999
0.60499999999999998,0.46999999999999997,0.155,0.97399999999999998,0.39300000000000002,0.224,0.33450000000000002
0.60499999999999998,0.505,0.17999999999999999,1.4339999999999999,0.72850000000000004,0.26400000000000001,0.43099999999999999
0.60999999999999999,0.47499999999999998,0.155,0.98299999999999998,0.45650000000000002,0.22800000000000001,0.26600000000000001
0.60999999999999999,0.46500000000000002,0.16,1.0725,0.48349999999999999,0.2515,0.28000000000000003
0.60999999999999999,0.48499999999999999,0.14999999999999999,1.2404999999999999,0.60250000000000004,0.29149999999999998,0.3085
0.60999999999999999,0.46999999999999997,0.16,1.022,0.44900000000000001,0.23449999999999999,0.29449999999999998
0.60999999999999999,0.47499999999999998,0.16,1.1154999999999999,0.38350000000000001,0.223,0.379
0.60999999999999999,0.46500000000000002,0.125,0.92249999999999999,0.436,0.19,0.26000000000000001
0.60999999999999999,0.46999999999999997,0.17000000000000001,1.1185,0.52249999999999996,0.24049999999999999,0.31
0.60999999999999999,0.48499999999999999,0.17999999999999999,1.2795000000000001,0.57350000000000001,0.28549999999999998,0.35499999999999998
0.61499999999999999,0.46999999999999997,0.16,1.0175000000000001,0.47299999999999998,0.23949999999999999,0.28000000000000003
0.61499999999999999,0.47499999999999998,0.17499999999999999,1.224,0.60350000000000004,0.26100000000000001,0.311
0.62,0.48499999999999999,0.17999999999999999,1.1539999999999999,0.49349999999999999,0.25600000000000001,0.315
0.62,0.51500000000000001,0.155,1.3254999999999999,0.66849999999999998,0.26050000000000001,0.33500000000000002
0.62,0.51500000000000001,0.17499999999999999,1.2210000000000001,0.53500000000000003,0.24099999999999999,0.39500000000000002
0.62,0.54000000000000004,0.16500000000000001,1.139,0.4995,0.24349999999999999,0.35699999999999998
0.62,0.48999999999999999,0.16,1.0660000000000001,0.44600000000000001,0.246,0.30499999999999999
0.62,0.47999999999999998,0.17999999999999999,1.2215,0.58199999999999996,0.26950000000000002,0.313
0.62,0.46999999999999997,0.14000000000000001,0.85650000000000004,0.35949999999999999,0.16,0.29499999999999998
0.62,0.45000000000000001,0.13500000000000001,0.92400000000000004,0.35799999999999998,0.22650000000000001,0.29649999999999999
0.62,0.47999999999999998,0.14999999999999999,1.266,0.62849999999999995,0.25750000000000001,0.309
0.62,0.47999999999999998,0.17499999999999999,1.0405,0.46400000000000002,0.2225,0.29999999999999999
0.625,0.48999999999999999,0.16500000000000001,1.1165,0.48949999999999999,0.26150000000000001,0.33250000000000002
0.625,0.47499999999999998,0.16,1.0845,0.50049999999999994,0.23549999999999999,0.3105
0.625,0.5,0.17000000000000001,1.0985,0.46450000000000002,0.22,0.35399999999999998
0.625,0.46999999999999997,0.155,1.1955,0.64300000000000002,0.20549999999999999,0.3145
0.625,0.48499999999999999,0.17499999999999999,1.3620000000000001,0.67649999999999999,0.26150000000000001,0.3705
0.625,0.48499999999999999,0.14999999999999999,1.044,0.438,0.28649999999999998,0.27800000000000002
0.63,0.505,0.17000000000000001,1.0914999999999999,0.46150000000000002,0.26600000000000001,0.29999999999999999
0.63,0.5,0.17999999999999999,1.1964999999999999,0.51400000000000001,0.23250000000000001,0.39950000000000002
0.63,0.48999999999999999,0.17000000000000001,1.1745000000000001,0.52549999999999997,0.27300000000000002,0.33900000000000002
0.63,0.48499999999999999,0.16500000000000001,1.2330000000000001,0.65649999999999997,0.23150000000000001,0.30349999999999999
0.63,0.495,0.17499999999999999,1.2695000000000001,0.60499999999999998,0.27100000000000002,0.32800000000000001
0.63500000000000001,0.5,0.16500000000000001,1.4890000000000001,0.71499999999999997,0.34449999999999997,0.36149999999999999
0.63500000000000001,0.5,0.17000000000000001,1.4345000000000001,0.61099999999999999,0.309,0.41799999999999998
0.63500000000000001,0.48999999999999999,0.17499999999999999,1.2435,0.58050000000000002,0.313,0.30499999999999999
0.63500000000000001,0.48999999999999999,0.17000000000000001,1.2615000000000001,0.53849999999999998,0.26650000000000001,0.38
0.64000000000000001,0.505,0.16500000000000001,1.2235,0.52149999999999996,0.26950000000000002,0.35999999999999999
0.64000000000000001,0.51500000000000001,0.17999999999999999,1.2470000000000001,0.54749999999999999,0.29249999999999998,0.36849999999999999
0.64000000000000001,0.52500000000000002,0.185,1.7070000000000001,0.76300000000000001,0.42049999999999998,0.44350000000000001
0.64500000000000002,0.505,0.14999999999999999,1.1605000000000001,0.51900000000000002,0.26150000000000001,0.33500000000000002
0.64500000000000002,0.5,0.17499999999999999,1.286,0.5645,0.28799999999999998,0.38600000000000001
0.64500000000000002,0.5,0.19,1.5595000000000001,0.74099999999999999,0.3715,0.38450000000000001
0.64500000000000002,0.51000000000000001,0.19,1.4744999999999999,0.60499999999999998,0.34499999999999997,0.47999999999999998
0.64500000000000002,0.51000000000000001,0.19500000000000001,1.226,0.58850000000000002,0.2215,0.3745
0.64500000000000002,0.51000000000000001,0.16,1.3300000000000001,0.66649999999999998,0.309,0.317
0.64500000000000002,0.51000000000000001,0.16,1.2415,0.58150000000000002,0.27600000000000002,0.315
0.64500000000000002,0.5,0.17499999999999999,1.3374999999999999,0.55400000000000005,0.308,0.41499999999999998
0.64500000000000002,0.51000000000000001,0.19,1.363,0.57299999999999995,0.36199999999999999,0.35999999999999999
0.64500000000000002,0.48499999999999999,0.14999999999999999,1.2215,0.56950000000000001,0.27350000000000002,0.33000000000000002
0.64500000000000002,0.47999999999999998,0.19,1.371,0.6925,0.29049999999999998,0.34999999999999998
0.65000000000000002,0.495,0.155,1.337,0.61499999999999999,0.31950000000000001,0.33500000000000002
0.65000000000000002,0.505,0.19,1.274,0.58999999999999997,0.23000000000000001,0.39100000000000001
0.65000000000000002,0.52500000000000002,0.185,1.488,0.66500000000000004,0.33700000000000002,0.378
0.65000000000000002,0.51000000000000001,0.16,1.3835,0.63849999999999996,0.29049999999999998,0.36649999999999999
0.65500000000000003,0.55000000000000004,0.17999999999999999,1.274,0.58599999999999997,0.28100000000000003,0.36499999999999999
0.65500000000000003,0.51000000000000001,0.14999999999999999,1.0429999999999999,0.47949999999999998,0.223,0.30499999999999999
0.65500000000000003,0.505,0.19,1.3485,0.59350000000000003,0.27450000000000002,0.42499999999999999
0.65500000000000003,0.505,0.19500000000000001,1.4404999999999999,0.68799999999999994,0.3805,0.36299999999999999
0.66000000000000003,0.5,0.16500000000000001,1.3194999999999999,0.66700000000000004,0.26900000000000002,0.34100000000000003
0.66000000000000003,0.53500000000000003,0.17499999999999999,1.5175000000000001,0.71099999999999997,0.3125,0.41499999999999998
0.66000000000000003,0.53000000000000003,0.19500000000000001,1.5505,0.65049999999999997,0.32950000000000002,0.495
0.66000000000000003,0.51000000000000001,0.16500000000000001,1.6375,0.76849999999999996,0.35449999999999998,0.39250000000000002
0.66500000000000004,0.52500000000000002,0.17499999999999999,1.4430000000000001,0.66349999999999998,0.38450000000000001,0.35299999999999998
0.66500000000000004,0.505,0.16,1.2889999999999999,0.61450000000000005,0.253,0.36649999999999999
0.66500000000000004,0.505,0.16,1.2915000000000001,0.63100000000000001,0.29249999999999998,0.32000000000000001
0.66500000000000004,0.52000000000000002,0.17499999999999999,1.3725000000000001,0.60599999999999998,0.32000000000000001,0.39500000000000002
0.66500000000000004,0.5,0.17499999999999999,1.2975000000000001,0.60750000000000004,0.314,0.315
0.67000000000000004,0.505,0.16,1.2585,0.62549999999999994,0.311,0.308
0.67000000000000004,0.52000000000000002,0.16500000000000001,1.3899999999999999,0.71099999999999997,0.28649999999999998,0.29999999999999999
0.67000000000000004,0.52000000000000002,0.19,1.3200000000000001,0.52349999999999997,0.3095,0.42749999999999999
0.67000000000000004,0.55000000000000004,0.155,1.5660000000000001,0.85799999999999998,0.33900000000000002,0.35399999999999998
0.67000000000000004,0.54000000000000004,0.19500000000000001,1.619,0.73999999999999999,0.33050000000000002,0.46500000000000002
0.67500000000000004,0.52500000000000002,0.16,1.2835000000000001,0.57199999999999995,0.27550000000000002,0.35449999999999998
0.67500000000000004,0.51000000000000001,0.19500000000000001,1.3819999999999999,0.60450000000000004,0.3175,0.39650000000000002
0.68000000000000005,0.52000000000000002,0.19500000000000001,1.4535,0.59199999999999997,0.39100000000000001,0.41249999999999998
0.68000000000000005,0.51000000000000001,0.20000000000000001,1.6074999999999999,0.71399999999999997,0.33900000000000002,0.47049999999999997
0.68500000000000005,0.52000000000000002,0.14999999999999999,1.3734999999999999,0.71850000000000003,0.29299999999999998,0.32000000000000001
0.68500000000000005,0.56499999999999995,0.17499999999999999,1.6379999999999999,0.77749999999999997,0.375,0.438
0.68999999999999995,0.55000000000000004,0.20000000000000001,1.569,0.68700000000000006,0.36749999999999999,0.46000000000000002
0.69999999999999996,0.56499999999999995,0.17499999999999999,1.8565,0.84450000000000003,0.39350000000000002,0.54000000000000004
0.69999999999999996,0.53500000000000003,0.17499999999999999,1.7729999999999999,0.68049999999999999,0.47999999999999998,0.51200000000000001
0.70499999999999996,0.54500000000000004,0.17000000000000001,1.5800000000000001,0.64349999999999996,0.45650000000000002,0.26500000000000001
0.70999999999999996,0.57499999999999996,0.215,2.0089999999999999,0.98950000000000005,0.44750000000000001,0.502
0.70999999999999996,0.56999999999999995,0.19500000000000001,1.9804999999999999,0.99250000000000005,0.49249999999999999,0.47999999999999998
0.70999999999999996,0.54000000000000004,0.20499999999999999,1.5805,0.80200000000000005,0.28699999999999998,0.435
0.70999999999999996,0.56000000000000005,0.22,2.0150000000000001,0.92149999999999999,0.45400000000000001,0.56599999999999995
0.71999999999999997,0.56999999999999995,0.20000000000000001,1.8274999999999999,0.91900000000000004,0.36599999999999999,0.48499999999999999
0.71999999999999997,0.55000000000000004,0.20499999999999999,2.125,1.1455,0.4425,0.51100000000000001
0.71999999999999997,0.52500000000000002,0.17999999999999999,1.4450000000000001,0.63100000000000001,0.32150000000000001,0.435
0.72499999999999998,0.56499999999999995,0.20999999999999999,2.1425000000000001,1.03,0.48699999999999999,0.503
0.72999999999999998,0.56000000000000005,0.19,1.9424999999999999,0.79900000000000004,0.51949999999999996,0.5655
0.73499999999999999,0.58999999999999997,0.215,1.7470000000000001,0.72750000000000004,0.40300000000000002,0.55700000000000005
0.73999999999999999,0.56499999999999995,0.20499999999999999,2.1190000000000002,0.96550000000000002,0.51849999999999996,0.48199999999999998
0.75,0.56499999999999995,0.215,1.9379999999999999,0.77349999999999997,0.48249999999999998,0.57499999999999996
0.75,0.59499999999999997,0.20499999999999999,2.2204999999999999,1.083,0.42099999999999999,0.63
0.77000000000000002,0.62,0.19500000000000001,2.5154999999999998,1.1154999999999999,0.64149999999999996,0.64200000000000002
0.77500000000000002,0.63,0.25,2.7795000000000001,1.3485,0.76000000000000001,0.57799999999999996
0.27500000000000002,0.17499999999999999,0.089999999999999997,0.23150000000000001,0.096000000000000002,0.057000000000000002,0.070499999999999993
0.375,0.245,0.10000000000000001,0.39400000000000002,0.16600000000000001,0.090999999999999998,0.1125
0.375,0.27000000000000002,0.13500000000000001,0.59699999999999998,0.27200000000000002,0.13100000000000001,0.16750000000000001
0.39000000000000001,0.28000000000000003,0.125,0.56399999999999995,0.30349999999999999,0.095500000000000002,0.14299999999999999
0.435,0.29999999999999999,0.12,0.59650000000000003,0.25900000000000001,0.13900000000000001,0.16450000000000001
0.44500000000000001,0.32000000000000001,0.12,0.41399999999999998,0.19900000000000001,0.089999999999999997,0.11700000000000001
0.45500000000000002,0.33500000000000002,0.105,0.42199999999999999,0.22900000000000001,0.086499999999999994,0.10000000000000001
0.45500000000000002,0.32500000000000001,0.13500000000000001,0.81999999999999995,0.40050000000000002,0.17150000000000001,0.21099999999999999
0.45500000000000002,0.34499999999999997,0.11,0.434,0.20699999999999999,0.085500000000000007,0.1215
0.46500000000000002,0.32500000000000001,0.14000000000000001,0.76149999999999995,0.36199999999999999,0.1535,0.20899999999999999
0.46500000000000002,0.35999999999999999,0.115,0.57950000000000002,0.29499999999999998,0.13950000000000001,0.12
0.48499999999999999,0.36499999999999999,0.105,0.52049999999999996,0.19500000000000001,0.123,0.182
0.48499999999999999,0.37,0.155,0.96799999999999997,0.41899999999999998,0.2455,0.23649999999999999
0.48499999999999999,0.34499999999999997,0.16,0.86899999999999999,0.3085,0.185,0.31900000000000001
0.48999999999999999,0.35499999999999998,0.16,0.87949999999999995,0.34849999999999998,0.215,0.28249999999999997
0.5,0.37,0.14999999999999999,1.0615000000000001,0.49399999999999999,0.223,0.29599999999999999
0.51500000000000001,0.34999999999999998,0.155,0.92249999999999999,0.41849999999999998,0.19800000000000001,0.27300000000000002
0.51500000000000001,0.39500000000000002,0.13500000000000001,1.0069999999999999,0.47199999999999998,0.2495,0.252
0.52500000000000002,0.36499999999999999,0.17000000000000001,0.96050000000000002,0.438,0.2225,0.27600000000000002
0.52500000000000002,0.38,0.125,0.65000000000000002,0.30299999999999999,0.155,0.159
0.53000000000000003,0.40999999999999998,0.14000000000000001,0.75449999999999995,0.34949999999999998,0.17150000000000001,0.21049999999999999
0.53500000000000003,0.42499999999999999,0.13500000000000001,0.77100000000000002,0.3765,0.18149999999999999,0.17949999999999999
0.53500000000000003,0.38500000000000001,0.17999999999999999,1.0834999999999999,0.4955,0.22950000000000001,0.30399999999999999
0.54500000000000004,0.41999999999999998,0.16500000000000001,0.89349999999999996,0.42349999999999999,0.2195,0.22800000000000001
0.54500000000000004,0.41499999999999998,0.20000000000000001,1.3580000000000001,0.56699999999999995,0.318,0.40300000000000002
0.54500000000000004,0.38500000000000001,0.14999999999999999,1.1185,0.54249999999999998,0.2445,0.28449999999999998
0.55000000000000004,0.38,0.16500000000000001,1.2050000000000001,0.54300000000000004,0.29399999999999998,0.33450000000000002
0.55000000000000004,0.41999999999999998,0.16,1.3405,0.63249999999999995,0.311,0.34399999999999997
0.56999999999999995,0.45500000000000002,0.17499999999999999,1.02,0.48049999999999998,0.2145,0.28999999999999998
0.57499999999999996,0.44,0.185,1.0249999999999999,0.50749999999999995,0.22450000000000001,0.2485
0.57499999999999996,0.45000000000000001,0.13,0.8145,0.40300000000000002,0.17150000000000001,0.21299999999999999
0.57999999999999996,0.42999999999999999,0.17000000000000001,1.48,0.65349999999999997,0.32400000000000001,0.41549999999999998
0.58499999999999996,0.45500000000000002,0.14499999999999999,0.95299999999999996,0.39450000000000002,0.26850000000000002,0.25800000000000001
0.58499999999999996,0.45000000000000001,0.14999999999999999,0.89149999999999996,0.39750000000000002,0.20349999999999999,0.253
0.59999999999999998,0.495,0.17499999999999999,1.3005,0.61950000000000005,0.28399999999999997,0.32850000000000001
0.59999999999999998,0.46500000000000002,0.16500000000000001,1.038,0.4975,0.2205,0.251
0.60499999999999998,0.47499999999999998,0.17499999999999999,1.2524999999999999,0.5575,0.30549999999999999,0.34300000000000003
0.60499999999999998,0.47499999999999998,0.14999999999999999,1.1499999999999999,0.57499999999999996,0.23200000000000001,0.29699999999999999
0.60999999999999999,0.47499999999999998,0.14999999999999999,1.1134999999999999,0.51949999999999996,0.25750000000000001,0.30049999999999999
0.61499999999999999,0.45500000000000002,0.14499999999999999,1.1154999999999999,0.50449999999999995,0.23799999999999999,0.315
0.62,0.46999999999999997,0.14499999999999999,1.0865,0.51100000000000001,0.27150000000000002,0.25650000000000001
0.625,0.495,0.17499999999999999,1.254,0.58150000000000002,0.28599999999999998,0.31850000000000001
0.625,0.48999999999999999,0.185,1.169,0.52749999999999997,0.2535,0.34399999999999997
0.63500000000000001,0.495,0.19500000000000001,1.1719999999999999,0.44500000000000001,0.3115,0.34749999999999998
0.63500000000000001,0.47499999999999998,0.14999999999999999,1.1845000000000001,0.53300000000000003,0.307,0.29099999999999998
0.64000000000000001,0.47499999999999998,0.14000000000000001,1.0725,0.48949999999999999,0.22950000000000001,0.31
0.64500000000000002,0.5,0.16,1.3815,0.67200000000000004,0.32600000000000001,0.315
0.65000000000000002,0.52500000000000002,0.19,1.6125,0.77700000000000002,0.36849999999999999,0.39650000000000002
0.65000000000000002,0.48499999999999999,0.16,1.7395,0.57150000000000001,0.27850000000000003,0.3075
0.65500000000000003,0.52000000000000002,0.20000000000000001,1.5475000000000001,0.71299999999999997,0.314,0.46600000000000003
0.65500000000000003,0.54500000000000004,0.19,1.4245000000000001,0.63249999999999995,0.33300000000000002,0.378
0.66500000000000004,0.51500000000000001,0.185,1.3405,0.5595,0.29299999999999998,0.4375
0.67500000000000004,0.53000000000000003,0.17499999999999999,1.4464999999999999,0.67749999999999999,0.33000000000000002,0.38900000000000001
0.68500000000000005,0.53500000000000003,0.17499999999999999,1.5845,0.71750000000000003,0.3775,0.42149999999999999
0.69499999999999995,0.55000000000000004,0.185,1.679,0.80500000000000005,0.40150000000000002,0.39650000000000002
0.69499999999999995,0.53000000000000003,0.19,1.726,0.76249999999999996,0.436,0.45500000000000002
0.70499999999999996,0.54500000000000004,0.17999999999999999,1.5395000000000001,0.60750000000000004,0.36749999999999999,0.46450000000000002
0.71999999999999997,0.55000000000000004,0.19500000000000001,2.073,1.0714999999999999,0.42649999999999999,0.50149999999999995
0.71999999999999997,0.56000000000000005,0.17999999999999999,1.5865,0.69099999999999995,0.375,0.4425
0.72999999999999998,0.57499999999999996,0.20999999999999999,2.069,0.92849999999999999,0.40899999999999997,0.64300000000000002
0.185,0.13500000000000001,0.040000000000000001,0.027,0.010500000000000001,0.0054999999999999997,0.0089999999999999993
0.23999999999999999,0.17999999999999999,0.055,0.055500000000000001,0.0235,0.012999999999999999,0.017999999999999999
0.31,0.215,0.074999999999999997,0.1275,0.056500000000000002,0.0275,0.035999999999999997
0.34000000000000002,0.26000000000000001,0.085000000000000006,0.1885,0.081500000000000003,0.033500000000000002,0.059999999999999998
0.34999999999999998,0.26500000000000001,0.080000000000000002,0.20000000000000001,0.089999999999999997,0.042000000000000003,0.059999999999999998
0.36499999999999999,0.27000000000000002,0.085000000000000006,0.19700000000000001,0.081500000000000003,0.032500000000000001,0.065000000000000002
0.36499999999999999,0.27500000000000002,0.085000000000000006,0.223,0.098000000000000004,0.037499999999999999,0.074999999999999997
0.36499999999999999,0.27000000000000002,0.074999999999999997,0.2215,0.095000000000000001,0.044499999999999998,0.070000000000000007
0.39000000000000001,0.31,0.105,0.26650000000000001,0.11849999999999999,0.052499999999999998,0.081000000000000003
0.40500000000000003,0.29999999999999999,0.089999999999999997,0.26900000000000002,0.10299999999999999,0.067000000000000004,0.11
0.40999999999999998,0.315,0.095000000000000001,0.28050000000000003,0.114,0.034500000000000003,0.11
0.40999999999999998,0.33500000000000002,0.105,0.33050000000000002,0.14050000000000001,0.064000000000000001,0.105
0.41499999999999998,0.31,0.089999999999999997,0.28149999999999997,0.1245,0.061499999999999999,0.085000000000000006
0.41499999999999998,0.31,0.10000000000000001,0.28050000000000003,0.114,0.056500000000000002,0.097500000000000003
0.41499999999999998,0.31,0.095000000000000001,0.311,0.1125,0.0625,0.115
0.41999999999999998,0.32500000000000001,0.10000000000000001,0.36799999999999999,0.16750000000000001,0.0625,0.1135
0.42999999999999999,0.34000000000000002,0.10000000000000001,0.34050000000000002,0.13950000000000001,0.066500000000000004,0.12
0.435,0.33500000000000002,0.10000000000000001,0.32450000000000001,0.13500000000000001,0.0785,0.098000000000000004
0.435,0.33000000000000002,0.11,0.38,0.1515,0.094500000000000001,0.11
0.435,0.33000000000000002,0.105,0.33500000000000002,0.156,0.055500000000000001,0.105
0.435,0.34499999999999997,0.12,0.32150000000000001,0.13,0.056000000000000001,0.11849999999999999
0.44500000000000001,0.33000000000000002,0.11,0.35799999999999998,0.1525,0.067000000000000004,0.11849999999999999
0.46500000000000002,0.37,0.11,0.44500000000000001,0.16350000000000001,0.096000000000000002,0.16600000000000001
0.46999999999999997,0.375,0.12,0.48699999999999999,0.19600000000000001,0.099000000000000005,0.13500000000000001
0.47499999999999998,0.34000000000000002,0.105,0.45350000000000001,0.20300000000000001,0.080000000000000002,0.14649999999999999
0.48499999999999999,0.38500000000000001,0.13,0.56799999999999995,0.2505,0.17799999999999999,0.154
0.48499999999999999,0.35999999999999999,0.12,0.51549999999999996,0.2465,0.10249999999999999,0.14699999999999999
0.48499999999999999,0.37,0.115,0.45700000000000002,0.1885,0.096500000000000002,0.14999999999999999
0.495,0.38,0.13500000000000001,0.50949999999999995,0.20649999999999999,0.11650000000000001,0.16500000000000001
0.495,0.38,0.14499999999999999,0.5,0.20499999999999999,0.14799999999999999,0.15049999999999999
0.495,0.375,0.14000000000000001,0.49399999999999999,0.18099999999999999,0.097500000000000003,0.191
0.5,0.38,0.11,0.5605,0.28000000000000003,0.106,0.14999999999999999
0.505,0.40500000000000003,0.13,0.59899999999999998,0.22450000000000001,0.11749999999999999,0.22500000000000001
0.505,0.40000000000000002,0.14499999999999999,0.70450000000000002,0.33400000000000002,0.14249999999999999,0.20699999999999999
0.51000000000000001,0.40000000000000002,0.12,0.70050000000000001,0.34699999999999998,0.1105,0.19500000000000001
0.51500000000000001,0.41499999999999998,0.13500000000000001,0.71250000000000002,0.28499999999999998,0.152,0.245
0.51500000000000001,0.41999999999999998,0.14999999999999999,0.67249999999999999,0.2555,0.13350000000000001,0.23499999999999999
0.51500000000000001,0.38500000000000001,0.11,0.57850000000000001,0.253,0.16,0.14000000000000001
0.52000000000000002,0.40999999999999998,0.11,0.51849999999999996,0.2165,0.091499999999999998,0.184
0.52000000000000002,0.41499999999999998,0.14000000000000001,0.63749999999999996,0.308,0.13350000000000001,0.16800000000000001
0.52000000000000002,0.39500000000000002,0.125,0.58050000000000002,0.2445,0.14599999999999999,0.16500000000000001
0.52000000000000002,0.38,0.115,0.66449999999999998,0.32850000000000001,0.17000000000000001,0.14249999999999999
0.52000000000000002,0.38500000000000001,0.115,0.58099999999999996,0.2555,0.156,0.14299999999999999
0.52500000000000002,0.41499999999999998,0.12,0.59599999999999997,0.28050000000000003,0.12,0.16950000000000001
0.52500000000000002,0.40500000000000003,0.14499999999999999,0.69650000000000001,0.30449999999999999,0.1535,0.20999999999999999
0.52500000000000002,0.40000000000000002,0.14499999999999999,0.60950000000000004,0.248,0.159,0.17499999999999999
0.53000000000000003,0.42999999999999999,0.14000000000000001,0.67700000000000005,0.29799999999999999,0.096500000000000002,0.23000000000000001
0.53000000000000003,0.42999999999999999,0.16,0.72450000000000003,0.32100000000000001,0.1275,0.23999999999999999
0.53000000000000003,0.39500000000000002,0.13,0.57499999999999996,0.247,0.115,0.183
0.53000000000000003,0.40500000000000003,0.12,0.63200000000000001,0.27150000000000002,0.14799999999999999,0.1875
0.53500000000000003,0.45500000000000002,0.14000000000000001,1.0015000000000001,0.53000000000000003,0.17649999999999999,0.24399999999999999
0.54000000000000004,0.42499999999999999,0.16,0.94550000000000001,0.36749999999999999,0.20050000000000001,0.29499999999999998
0.54000000000000004,0.39500000000000002,0.13500000000000001,0.65549999999999997,0.27050000000000002,0.155,0.192
0.54000000000000004,0.39000000000000001,0.125,0.62549999999999994,0.2525,0.158,0.19
0.54500000000000004,0.42499999999999999,0.14000000000000001,0.8145,0.30499999999999999,0.23100000000000001,0.24399999999999999
0.54500000000000004,0.42999999999999999,0.14000000000000001,0.68700000000000006,0.26150000000000001,0.14050000000000001,0.25
0.55000000000000004,0.435,0.14000000000000001,0.79949999999999999,0.29499999999999998,0.1905,0.23799999999999999
0.55000000000000004,0.45000000000000001,0.13,0.80400000000000005,0.33750000000000002,0.14050000000000001,0.23000000000000001
0.55500000000000005,0.435,0.14000000000000001,0.74950000000000006,0.34100000000000003,0.16450000000000001,0.214
0.55500000000000005,0.40999999999999998,0.125,0.59899999999999998,0.23449999999999999,0.14649999999999999,0.19400000000000001
0.55500000000000005,0.40000000000000002,0.13,0.70750000000000002,0.33200000000000002,0.1585,0.17999999999999999
0.55500000000000005,0.45000000000000001,0.17499999999999999,0.73799999999999999,0.30399999999999999,0.17549999999999999,0.22
0.55500000000000005,0.45500000000000002,0.13500000000000001,0.83699999999999997,0.38200000000000001,0.17100000000000001,0.23499999999999999
0.56000000000000005,0.44500000000000001,0.16500000000000001,0.83199999999999996,0.34549999999999997,0.17899999999999999,0.27900000000000003
0.56499999999999995,0.44500000000000001,0.125,0.83050000000000002,0.3135,0.17849999999999999,0.23000000000000001
0.56499999999999995,0.41499999999999998,0.125,0.66700000000000004,0.30199999999999999,0.1545,0.185
0.56499999999999995,0.45500000000000002,0.155,0.9355,0.42099999999999999,0.183,0.26000000000000001
0.56499999999999995,0.435,0.14499999999999999,0.84450000000000003,0.39750000000000002,0.158,0.255
0.56499999999999995,0.45000000000000001,0.16,0.89500000000000002,0.41499999999999998,0.19500000000000001,0.246
0.56499999999999995,0.46000000000000002,0.155,0.87150000000000005,0.3755,0.215,0.25
0.56999999999999995,0.46000000000000002,0.155,1.0004999999999999,0.45400000000000001,0.20499999999999999,0.26500000000000001
0.56999999999999995,0.45500000000000002,0.155,0.83199999999999996,0.35849999999999999,0.17399999999999999,0.27700000000000002
0.56999999999999995,0.44,0.17499999999999999,0.9415,0.3805,0.22850000000000001,0.28299999999999997
0.56999999999999995,0.41499999999999998,0.13,0.88,0.42749999999999999,0.19550000000000001,0.23799999999999999
0.56999999999999995,0.44,0.12,0.80300000000000005,0.38200000000000001,0.1525,0.23400000000000001
0.57499999999999996,0.45000000000000001,0.13,0.78500000000000003,0.318,0.193,0.22650000000000001
0.57499999999999996,0.45000000000000001,0.155,0.97650000000000003,0.495,0.2145,0.23499999999999999
0.57499999999999996,0.435,0.13500000000000001,0.99199999999999999,0.432,0.2225,0.23899999999999999
0.57499999999999996,0.45500000000000002,0.155,1.0129999999999999,0.46850000000000003,0.20849999999999999,0.29499999999999998
0.57499999999999996,0.44500000000000001,0.14499999999999999,0.876,0.3795,0.1615,0.27000000000000002
0.57499999999999996,0.46500000000000002,0.17499999999999999,1.099,0.47349999999999998,0.20200000000000001,0.34999999999999998
0.57499999999999996,0.45000000000000001,0.13500000000000001,0.87150000000000005,0.45000000000000001,0.16200000000000001,0.22500000000000001
0.57499999999999996,0.45000000000000001,0.13500000000000001,0.82450000000000001,0.33750000000000002,0.21149999999999999,0.23899999999999999
0.57499999999999996,0.42999999999999999,0.155,0.79549999999999998,0.34849999999999998,0.1925,0.22
0.57499999999999996,0.47499999999999998,0.14499999999999999,0.85699999999999998,0.36649999999999999,0.17299999999999999,0.26900000000000002
0.57999999999999996,0.45000000000000001,0.19500000000000001,0.82650000000000001,0.40350000000000003,0.17299999999999999,0.22500000000000001
0.57999999999999996,0.5,0.16500000000000001,0.92500000000000004,0.37,0.185,0.30049999999999999
0.57999999999999996,0.44,0.14999999999999999,1.0465,0.51800000000000002,0.2185,0.27950000000000003
0.57999999999999996,0.44,0.14499999999999999,0.79049999999999998,0.35249999999999998,0.16450000000000001,0.24199999999999999
0.57999999999999996,0.44,0.16,0.82950000000000002,0.33650000000000002,0.20050000000000001,0.2485
0.59499999999999997,0.45500000000000002,0.14999999999999999,0.88600000000000001,0.43149999999999999,0.20100000000000001,0.223
0.59999999999999998,0.46999999999999997,0.13500000000000001,0.96999999999999997,0.46550000000000002,0.19550000000000001,0.26400000000000001
0.59999999999999998,0.46000000000000002,0.17000000000000001,1.1805000000000001,0.45600000000000002,0.33700000000000002,0.32900000000000001
0.59999999999999998,0.47499999999999998,0.14999999999999999,0.98999999999999999,0.38600000000000001,0.2195,0.3105
0.59999999999999998,0.46500000000000002,0.16,1.133,0.46600000000000003,0.28849999999999998,0.29799999999999999
0.60499999999999998,0.48999999999999999,0.16500000000000001,1.071,0.48199999999999998,0.19350000000000001,0.35199999999999998
0.60499999999999998,0.45500000000000002,0.14499999999999999,0.86199999999999999,0.33400000000000002,0.19850000000000001,0.29999999999999999
0.60499999999999998,0.46999999999999997,0.17999999999999999,1.1154999999999999,0.47899999999999998,0.25650000000000001,0.32100000000000001
0.60999999999999999,0.47999999999999998,0.14000000000000001,1.0309999999999999,0.4375,0.26150000000000001,0.27000000000000002
0.60999999999999999,0.46000000000000002,0.14499999999999999,1.1185,0.47799999999999998,0.29449999999999998,0.29849999999999999
0.60999999999999999,0.46000000000000002,0.155,0.95699999999999996,0.42549999999999999,0.19750000000000001,0.26500000000000001
0.60999999999999999,0.46999999999999997,0.16500000000000001,1.1785000000000001,0.56599999999999995,0.27850000000000003,0.29399999999999998
0.61499999999999999,0.46999999999999997,0.14499999999999999,1.0285,0.44350000000000001,0.28249999999999997,0.28499999999999998
0.61499999999999999,0.46999999999999997,0.14999999999999999,1.0874999999999999,0.4975,0.28299999999999997,0.26850000000000002
0.61499999999999999,0.495,0.16,1.2549999999999999,0.58150000000000002,0.31950000000000001,0.32250000000000001
0.61499999999999999,0.495,0.20000000000000001,1.2190000000000001,0.56399999999999995,0.22700000000000001,0.38850000000000001
0.62,0.48999999999999999,0.16,1.0349999999999999,0.44,0.2525,0.28499999999999998
0.62,0.48999999999999999,0.14999999999999999,1.1950000000000001,0.46050000000000002,0.30199999999999999,0.35499999999999998
0.62,0.495,0.17000000000000001,1.0620000000000001,0.372,0.21299999999999999,0.34000000000000002
0.62,0.495,0.19500000000000001,1.5145,0.57899999999999996,0.34599999999999997,0.51949999999999996
0.62,0.46999999999999997,0.14999999999999999,1.3089999999999999,0.58699999999999997,0.4405,0.32500000000000001
0.62,0.48499999999999999,0.155,1.0295000000000001,0.42499999999999999,0.23150000000000001,0.33500000000000002
0.625,0.495,0.155,1.0485,0.48699999999999999,0.21199999999999999,0.32150000000000001
0.625,0.51500000000000001,0.17000000000000001,1.331,0.57250000000000001,0.30049999999999999,0.36099999999999999
0.625,0.505,0.185,1.1565000000000001,0.52000000000000002,0.24049999999999999,0.35349999999999998
0.625,0.44500000000000001,0.16,1.0900000000000001,0.46000000000000002,0.29649999999999999,0.30399999999999999
0.625,0.52000000000000002,0.17999999999999999,1.3540000000000001,0.48449999999999999,0.35099999999999998,0.375
0.625,0.46999999999999997,0.14499999999999999,0.98399999999999999,0.47499999999999998,0.20000000000000001,0.26500000000000001
0.63,0.48999999999999999,0.155,1.2524999999999999,0.63,0.246,0.28899999999999998
0.63500000000000001,0.48499999999999999,0.16500000000000001,1.2695000000000001,0.5635,0.30649999999999999,0.33950000000000002
0.63500000000000001,0.52000000000000002,0.16500000000000001,1.3405,0.50649999999999995,0.29599999999999999,0.41199999999999998
0.63500000000000001,0.505,0.155,1.2895000000000001,0.59399999999999997,0.314,0.34499999999999997
0.63500000000000001,0.52500000000000002,0.16,1.1950000000000001,0.54349999999999998,0.246,0.33500000000000002
0.63500000000000001,0.5,0.16500000000000001,1.2729999999999999,0.65349999999999997,0.21299999999999999,0.36499999999999999
0.63500000000000001,0.51500000000000001,0.16500000000000001,1.2290000000000001,0.50549999999999995,0.29749999999999999,0.35349999999999998
0.64000000000000001,0.53000000000000003,0.16500000000000001,1.1895,0.47649999999999998,0.29999999999999999,0.34999999999999998
0.64000000000000001,0.47999999999999998,0.14499999999999999,1.1145,0.50800000000000001,0.23999999999999999,0.34000000000000002
0.64000000000000001,0.51500000000000001,0.16500000000000001,1.3115000000000001,0.4945,0.2555,0.40999999999999998
0.64000000000000001,0.48999999999999999,0.13500000000000001,1.1000000000000001,0.48799999999999999,0.2505,0.29249999999999998
0.64000000000000001,0.48999999999999999,0.155,1.1285000000000001,0.47699999999999998,0.26900000000000002,0.34000000000000002
0.64000000000000001,0.48499999999999999,0.185,1.4195,0.67349999999999999,0.34649999999999997,0.32550000000000001
0.64500000000000002,0.51000000000000001,0.17999999999999999,1.6194999999999999,0.78149999999999997,0.32200000000000001,0.46750000000000003
0.64500000000000002,0.48999999999999999,0.17499999999999999,1.3200000000000001,0.65249999999999997,0.23749999999999999,0.33850000000000002
0.64500000000000002,0.52000000000000002,0.20999999999999999,1.5535000000000001,0.61599999999999999,0.36549999999999999,0.47399999999999998
0.65000000000000002,0.52000000000000002,0.14999999999999999,1.238,0.54949999999999999,0.29599999999999999,0.33050000000000002
0.65000000000000002,0.51000000000000001,0.155,1.1890000000000001,0.48299999999999998,0.27800000000000002,0.36449999999999999
0.65000000000000002,0.51000000000000001,0.185,1.375,0.53100000000000003,0.38400000000000001,0.39850000000000002
0.65500000000000003,0.51500000000000001,0.17999999999999999,1.4119999999999999,0.61950000000000005,0.2485,0.497
0.65500000000000003,0.52500000000000002,0.17499999999999999,1.3480000000000001,0.58550000000000002,0.26050000000000001,0.39400000000000002
0.65500000000000003,0.52000000000000002,0.17000000000000001,1.1445000000000001,0.53000000000000003,0.223,0.34799999999999998
0.66000000000000003,0.53500000000000003,0.20499999999999999,1.4415,0.59250000000000003,0.27750000000000002,0.48999999999999999
0.66000000000000003,0.51000000000000001,0.17499999999999999,1.218,0.50549999999999995,0.30299999999999999,0.37
0.66500000000000004,0.5,0.14999999999999999,1.2475000000000001,0.46250000000000002,0.29549999999999998,0.35949999999999999
0.66500000000000004,0.51500000000000001,0.20000000000000001,1.2695000000000001,0.51149999999999995,0.26750000000000002,0.436
0.66500000000000004,0.52500000000000002,0.17999999999999999,1.429,0.67149999999999999,0.28999999999999998,0.40000000000000002
0.67000000000000004,0.53000000000000003,0.20499999999999999,1.4015,0.64300000000000002,0.2465,0.41599999999999998
0.67500000000000004,0.51500000000000001,0.14999999999999999,1.3120000000000001,0.55600000000000005,0.28449999999999998,0.41149999999999998
0.67500000000000004,0.51000000000000001,0.185,1.4730000000000001,0.62949999999999995,0.30249999999999999,0.42449999999999999
0.68000000000000005,0.54000000000000004,0.19,1.623,0.71650000000000003,0.35399999999999998,0.47149999999999997
0.68000000000000005,0.54000000000000004,0.155,1.534,0.67100000000000004,0.379,0.38400000000000001
0.68500000000000005,0.53500000000000003,0.155,1.3845000000000001,0.66149999999999998,0.2145,0.40749999999999997
0.68999999999999995,0.55000000000000004,0.17999999999999999,1.6915,0.66549999999999998,0.40200000000000002,0.5
0.69499999999999995,0.54500000000000004,0.185,1.5714999999999999,0.66449999999999998,0.38350000000000001,0.45050000000000001
0.69999999999999996,0.57499999999999996,0.20499999999999999,1.7729999999999999,0.60499999999999998,0.44700000000000001,0.53800000000000003
0.69999999999999996,0.55000000000000004,0.17499999999999999,1.4404999999999999,0.65649999999999997,0.29849999999999999,0.375
0.69999999999999996,0.55000000000000004,0.19500000000000001,1.6245000000000001,0.67500000000000004,0.34699999999999998,0.53500000000000003
0.70499999999999996,0.53500000000000003,0.22,1.8660000000000001,0.92900000000000005,0.38350000000000001,0.4395
0.71999999999999997,0.57499999999999996,0.17999999999999999,1.6705000000000001,0.73199999999999998,0.36049999999999999,0.501
0.71999999999999997,0.56499999999999995,0.19,2.081,1.0814999999999999,0.43049999999999999,0.503
0.72499999999999998,0.56999999999999995,0.20499999999999999,1.6194999999999999,0.74399999999999999,0.315,0.48799999999999999
0.75,0.55000000000000004,0.19500000000000001,1.8325,0.82999999999999996,0.36599999999999999,0.44
0.76000000000000001,0.60499999999999998,0.215,2.173,0.80100000000000005,0.49149999999999999,0.64600000000000002
0.13500000000000001,0.13,0.040000000000000001,0.029000000000000001,0.012500000000000001,0.0064999999999999997,0.0080000000000000002
0.16,0.11,0.025000000000000001,0.0195,0.0074999999999999997,0.0050000000000000001,0.0060000000000000001
0.20999999999999999,0.14999999999999999,0.055,0.0465,0.017000000000000001,0.012,0.014999999999999999
0.28000000000000003,0.20999999999999999,0.074999999999999997,0.1195,0.052999999999999999,0.026499999999999999,0.029999999999999999
0.28000000000000003,0.20000000000000001,0.065000000000000002,0.089499999999999996,0.035999999999999997,0.018499999999999999,0.029999999999999999
0.28499999999999998,0.215,0.059999999999999998,0.0935,0.031,0.023,0.029999999999999999
0.28999999999999998,0.20999999999999999,0.070000000000000007,0.1115,0.048000000000000001,0.020500000000000001,0.029999999999999999
0.28999999999999998,0.20999999999999999,0.059999999999999998,0.1195,0.056000000000000001,0.0235,0.029999999999999999
0.28999999999999998,0.20999999999999999,0.065000000000000002,0.097000000000000003,0.037499999999999999,0.021999999999999999,0.029999999999999999
0.32000000000000001,0.23999999999999999,0.070000000000000007,0.13300000000000001,0.058500000000000003,0.025499999999999998,0.041000000000000002
0.32500000000000001,0.25,0.070000000000000007,0.17449999999999999,0.087499999999999994,0.035499999999999997,0.040000000000000001
0.33500000000000002,0.25,0.080000000000000002,0.16950000000000001,0.069500000000000006,0.043999999999999997,0.049500000000000002
0.34999999999999998,0.23499999999999999,0.080000000000000002,0.17000000000000001,0.072499999999999995,0.0465,0.049500000000000002
0.34999999999999998,0.25,0.070000000000000007,0.1605,0.071499999999999994,0.033500000000000002,0.045999999999999999
0.35499999999999998,0.27000000000000002,0.105,0.27100000000000002,0.14249999999999999,0.052499999999999998,0.073499999999999996
0.35999999999999999,0.27000000000000002,0.085000000000000006,0.2185,0.1065,0.037999999999999999,0.062
0.35999999999999999,0.27000000000000002,0.085000000000000006,0.19600000000000001,0.090499999999999997,0.034000000000000002,0.052999999999999999
0.375,0.28000000000000003,0.080000000000000002,0.22600000000000001,0.105,0.047,0.065000000000000002
0.375,0.27500000000000002,0.085000000000000006,0.22,0.109,0.050000000000000003,0.060499999999999998
0.39500000000000002,0.28999999999999998,0.095000000000000001,0.29999999999999999,0.158,0.068000000000000005,0.078
0.40500000000000003,0.25,0.089999999999999997,0.28749999999999998,0.128,0.063,0.080500000000000002
0.41499999999999998,0.32500000000000001,0.11,0.316,0.13850000000000001,0.079500000000000001,0.092499999999999999
0.42499999999999999,0.315,0.095000000000000001,0.36749999999999999,0.1865,0.067500000000000004,0.098500000000000004
0.42999999999999999,0.32000000000000001,0.11,0.36749999999999999,0.16750000000000001,0.10199999999999999,0.105
0.435,0.32500000000000001,0.12,0.34599999999999997,0.159,0.084000000000000005,0.095000000000000001
0.45000000000000001,0.33000000000000002,0.105,0.4955,0.25750000000000001,0.082000000000000003,0.129
0.46000000000000002,0.34999999999999998,0.11,0.46750000000000003,0.21249999999999999,0.099000000000000005,0.13750000000000001
0.46999999999999997,0.36499999999999999,0.13500000000000001,0.52200000000000002,0.23949999999999999,0.1525,0.14499999999999999
0.46999999999999997,0.375,0.105,0.441,0.16700000000000001,0.086499999999999994,0.14499999999999999
0.47499999999999998,0.36499999999999999,0.12,0.51849999999999996,0.26800000000000002,0.1095,0.13650000000000001
0.505,0.39000000000000001,0.12,0.65300000000000002,0.33150000000000002,0.13850000000000001,0.16700000000000001
0.505,0.39500000000000002,0.13500000000000001,0.59150000000000003,0.28799999999999998,0.13150000000000001,0.185
0.505,0.38500000000000001,0.115,0.48249999999999998,0.20999999999999999,0.10349999999999999,0.1535
0.51000000000000001,0.45500000000000002,0.13500000000000001,0.6855,0.28749999999999998,0.154,0.20349999999999999
0.51500000000000001,0.40000000000000002,0.14000000000000001,0.63349999999999995,0.28799999999999998,0.14499999999999999,0.16800000000000001
0.52500000000000002,0.40999999999999998,0.13,0.6875,0.34350000000000003,0.14949999999999999,0.17649999999999999
0.53000000000000003,0.42999999999999999,0.14999999999999999,0.74099999999999999,0.32500000000000001,0.1855,0.19600000000000001
0.53000000000000003,0.40500000000000003,0.13,0.63549999999999995,0.26350000000000001,0.1565,0.185
0.54500000000000004,0.44,0.14000000000000001,0.83950000000000002,0.35599999999999998,0.1905,0.23849999999999999
0.55000000000000004,0.46999999999999997,0.14999999999999999,0.92049999999999998,0.38100000000000001,0.24349999999999999,0.26750000000000002
0.56000000000000005,0.40999999999999998,0.16,0.82150000000000001,0.34200000000000003,0.184,0.253
0.56499999999999995,0.44500000000000001,0.14499999999999999,0.92549999999999999,0.4345,0.21199999999999999,0.2475
0.56999999999999995,0.435,0.14999999999999999,0.82950000000000002,0.38750000000000001,0.156,0.245
0.57999999999999996,0.46000000000000002,0.16,1.0629999999999999,0.51300000000000001,0.27050000000000002,0.26250000000000001
0.58999999999999997,0.46500000000000002,0.16500000000000001,1.115,0.51649999999999996,0.27300000000000002,0.27500000000000002
0.59999999999999998,0.45000000000000001,0.14000000000000001,0.83699999999999997,0.37,0.17699999999999999,0.24249999999999999
0.60499999999999998,0.44500000000000001,0.14000000000000001,0.98199999999999998,0.42949999999999999,0.20849999999999999,0.29499999999999998
0.60999999999999999,0.48999999999999999,0.16,1.1120000000000001,0.46500000000000002,0.22800000000000001,0.34100000000000003
0.625,0.51500000000000001,0.17999999999999999,1.3485,0.52549999999999997,0.252,0.39250000000000002
0.66000000000000003,0.51500000000000001,0.19500000000000001,1.5654999999999999,0.73450000000000004,0.35299999999999998,0.38600000000000001
0.255,0.19,0.059999999999999998,0.085999999999999993,0.040000000000000001,0.018499999999999999,0.025000000000000001
0.27000000000000002,0.19500000000000001,0.065000000000000002,0.1065,0.047500000000000001,0.022499999999999999,0.028500000000000001
0.28000000000000003,0.215,0.080000000000000002,0.13200000000000001,0.071999999999999995,0.021999999999999999,0.033000000000000002
0.28499999999999998,0.215,0.070000000000000007,0.1075,0.050999999999999997,0.022499999999999999,0.027
0.32000000000000001,0.255,0.085000000000000006,0.17449999999999999,0.071999999999999995,0.033000000000000002,0.057000000000000002
0.32500000000000001,0.23999999999999999,0.070000000000000007,0.152,0.056500000000000002,0.030499999999999999,0.053999999999999999
0.38500000000000001,0.28000000000000003,0.10000000000000001,0.27550000000000002,0.1305,0.060999999999999999,0.072499999999999995
0.39500000000000002,0.29499999999999998,0.10000000000000001,0.29299999999999998,0.14000000000000001,0.062,0.082000000000000003
0.40000000000000002,0.30499999999999999,0.16,0.36799999999999999,0.17299999999999999,0.070499999999999993,0.105
0.40500000000000003,0.31,0.089999999999999997,0.312,0.13800000000000001,0.059999999999999998,0.086999999999999994
0.41499999999999998,0.30499999999999999,0.12,0.33600000000000002,0.16500000000000001,0.075999999999999998,0.080500000000000002
0.41999999999999998,0.315,0.115,0.35499999999999998,0.1895,0.065000000000000002,0.086999999999999994
0.44,0.30499999999999999,0.115,0.379,0.16200000000000001,0.090999999999999998,0.11
0.44500000000000001,0.32000000000000001,0.12,0.378,0.152,0.082500000000000004,0.12
0.45000000000000001,0.34999999999999998,0.13,0.46550000000000002,0.20749999999999999,0.1045,0.13500000000000001
0.45500000000000002,0.35499999999999998,1.1299999999999999,0.59399999999999997,0.33200000000000002,0.11600000000000001,0.13350000000000001
0.46000000000000002,0.34499999999999997,0.12,0.49349999999999999,0.24349999999999999,0.11749999999999999,0.13200000000000001
0.46000000000000002,0.34499999999999997,0.11,0.45950000000000002,0.23499999999999999,0.088499999999999995,0.11600000000000001
0.46500000000000002,0.35999999999999999,0.11,0.4955,0.26650000000000001,0.085000000000000006,0.121
0.46500000000000002,0.35499999999999998,0.089999999999999997,0.4325,0.20050000000000001,0.073999999999999996,0.1275
0.47499999999999998,0.38,0.14000000000000001,0.68899999999999995,0.3165,0.13150000000000001,0.19550000000000001
0.47999999999999998,0.34999999999999998,0.13500000000000001,0.54649999999999999,0.27350000000000002,0.099500000000000005,0.158
0.48499999999999999,0.39000000000000001,0.13500000000000001,0.61699999999999999,0.25,0.13450000000000001,0.16350000000000001
0.48999999999999999,0.37,0.11,0.53800000000000003,0.27100000000000002,0.10349999999999999,0.13900000000000001
0.5,0.39000000000000001,0.13500000000000001,0.78149999999999997,0.36099999999999999,0.1575,0.23849999999999999
0.5,0.38,0.14000000000000001,0.63549999999999995,0.27700000000000002,0.14299999999999999,0.17849999999999999
0.505,0.38500000000000001,0.13,0.64349999999999996,0.3135,0.14899999999999999,0.1515
0.52500000000000002,0.38500000000000001,0.10000000000000001,0.51149999999999995,0.246,0.10050000000000001,0.14549999999999999
0.53500000000000003,0.41999999999999998,0.125,0.73799999999999999,0.35499999999999998,0.1895,0.17949999999999999
0.53500000000000003,0.41999999999999998,0.13,0.69899999999999995,0.3125,0.1565,0.20349999999999999
0.54000000000000004,0.38500000000000001,0.14000000000000001,0.76549999999999996,0.32650000000000001,0.11600000000000001,0.23649999999999999
0.54000000000000004,0.41999999999999998,0.13,0.75049999999999994,0.36799999999999999,0.16750000000000001,0.1845
0.54500000000000004,0.42999999999999999,0.16,0.84399999999999997,0.39450000000000002,0.1855,0.23100000000000001
0.55000000000000004,0.40999999999999998,0.13,0.87050000000000005,0.44550000000000001,0.21149999999999999,0.21299999999999999
0.55000000000000004,0.41999999999999998,0.115,0.66800000000000004,0.29249999999999998,0.13700000000000001,0.20899999999999999
0.56499999999999995,0.44,0.13500000000000001,0.82999999999999996,0.39300000000000002,0.17349999999999999,0.23799999999999999
0.57999999999999996,0.45000000000000001,0.12,0.86850000000000005,0.41799999999999998,0.14749999999999999,0.26050000000000001
0.57999999999999996,0.435,0.14999999999999999,0.83899999999999997,0.34849999999999998,0.20699999999999999,0.192
0.58499999999999996,0.48499999999999999,0.14999999999999999,1.079,0.41449999999999998,0.21149999999999999,0.35599999999999998
0.59499999999999997,0.46500000000000002,0.14999999999999999,0.91900000000000004,0.4335,0.17649999999999999,0.26200000000000001
0.59999999999999998,0.46999999999999997,0.19,1.1345000000000001,0.49199999999999999,0.25950000000000001,0.33750000000000002
0.60999999999999999,0.42999999999999999,0.14000000000000001,0.90900000000000003,0.438,0.20000000000000001,0.22
0.60999999999999999,0.47999999999999998,0.16500000000000001,1.2435,0.5575,0.26750000000000002,0.372
0.62,0.48999999999999999,0.16,1.056,0.49299999999999999,0.24399999999999999,0.27250000000000002
0.64500000000000002,0.495,0.14999999999999999,1.2095,0.60299999999999998,0.2225,0.33900000000000002
0.65000000000000002,0.5,0.14000000000000001,1.238,0.61650000000000005,0.23549999999999999,0.32000000000000001
0.66500000000000004,0.52500000000000002,0.20999999999999999,1.6439999999999999,0.81799999999999995,0.33950000000000002,0.42749999999999999
0.68500000000000005,0.55000000000000004,0.20000000000000001,1.7725,0.81299999999999994,0.38700000000000001,0.48999999999999999
0.68999999999999995,0.54000000000000004,0.19500000000000001,1.2524999999999999,0.72999999999999998,0.39750000000000002,0.46200000000000002
0.70499999999999996,0.56999999999999995,0.185,1.7609999999999999,0.747,0.3725,0.48799999999999999
0.70999999999999996,0.5,0.14999999999999999,1.3165,0.6835,0.28149999999999997,0.28000000000000003
0.71999999999999997,0.58499999999999996,0.22,1.9139999999999999,0.91549999999999998,0.44800000000000001,0.47899999999999998
0.71999999999999997,0.57499999999999996,0.215,2.1000000000000001,0.85650000000000004,0.48249999999999998,0.60199999999999998
0.72999999999999998,0.55500000000000005,0.17999999999999999,1.6895,0.65549999999999997,0.19650000000000001,0.49349999999999999
0.77500000000000002,0.56999999999999995,0.22,2.032,0.73499999999999999,0.47549999999999998,0.65849999999999997
0.505,0.39000000000000001,0.115,0.66000000000000003,0.30449999999999999,0.1555,0.17499999999999999
0.53000000000000003,0.42499999999999999,0.13,0.74550000000000005,0.29949999999999999,0.13550000000000001,0.245
0.505,0.38500000000000001,0.115,0.61599999999999999,0.24299999999999999,0.1075,0.20999999999999999
0.40500000000000003,0.30499999999999999,0.089999999999999997,0.28249999999999997,0.114,0.057500000000000002,0.095000000000000001
0.41499999999999998,0.29999999999999999,0.10000000000000001,0.33550000000000002,0.1545,0.068500000000000005,0.095000000000000001
0.5,0.39000000000000001,0.14499999999999999,0.65100000000000002,0.27300000000000002,0.13200000000000001,0.22
0.42499999999999999,0.33000000000000002,0.080000000000000002,0.36099999999999999,0.13400000000000001,0.082500000000000004,0.125
0.46999999999999997,0.34999999999999998,0.10000000000000001,0.47749999999999998,0.1885,0.088499999999999995,0.17499999999999999
0.40000000000000002,0.31,0.115,0.34649999999999997,0.14749999999999999,0.069500000000000006,0.115
0.37,0.28999999999999998,0.10000000000000001,0.25,0.10249999999999999,0.050500000000000003,0.085000000000000006
0.5,0.38,0.155,0.66000000000000003,0.26550000000000001,0.13650000000000001,0.215
0.40999999999999998,0.31,0.11,0.315,0.124,0.082000000000000003,0.095000000000000001
0.375,0.28999999999999998,0.10000000000000001,0.27600000000000002,0.11749999999999999,0.056500000000000002,0.085000000000000006
0.48999999999999999,0.38500000000000001,0.125,0.53949999999999998,0.2175,0.128,0.16500000000000001
0.58499999999999996,0.47999999999999998,0.185,1.04,0.434,0.26500000000000001,0.28499999999999998
0.59499999999999997,0.45500000000000002,0.155,1.0409999999999999,0.41599999999999998,0.21049999999999999,0.36499999999999999
0.67500000000000004,0.55000000000000004,0.17999999999999999,1.6884999999999999,0.56200000000000006,0.3705,0.59999999999999998
0.66500000000000004,0.53500000000000003,0.22500000000000001,2.1835,0.75349999999999995,0.39100000000000001,0.88500000000000001
0.62,0.48999999999999999,0.17000000000000001,1.2104999999999999,0.51849999999999996,0.2555,0.33500000000000002
0.32500000000000001,0.25,0.055,0.16600000000000001,0.075999999999999998,0.050999999999999997,0.044999999999999998
0.45500000000000002,0.35499999999999998,0.080000000000000002,0.45200000000000001,0.2165,0.099500000000000005,0.125
0.52500000000000002,0.40500000000000003,0.13,0.71850000000000003,0.32650000000000001,0.19750000000000001,0.17499999999999999
0.38500000000000001,0.28999999999999998,0.089999999999999997,0.23200000000000001,0.085500000000000007,0.049500000000000002,0.080000000000000002
0.13,0.095000000000000001,0.035000000000000003,0.010500000000000001,0.0050000000000000001,0.0064999999999999997,0.0035000000000000001
0.17999999999999999,0.13,0.044999999999999998,0.0275,0.012500000000000001,0.01,0.0089999999999999993
0.31,0.22500000000000001,0.050000000000000003,0.14449999999999999,0.067500000000000004,0.0385,0.044999999999999998
0.375,0.28999999999999998,0.080000000000000002,0.28199999999999997,0.14050000000000001,0.072499999999999995,0.080000000000000002
0.47999999999999998,0.38,0.12,0.60799999999999998,0.27050000000000002,0.14050000000000001,0.185
0.45500000000000002,0.37,0.125,0.433,0.20100000000000001,0.1265,0.14499999999999999
0.42499999999999999,0.32500000000000001,0.10000000000000001,0.32950000000000002,0.13650000000000001,0.072499999999999995,0.11
0.47499999999999998,0.35999999999999999,0.11,0.45550000000000002,0.17699999999999999,0.096500000000000002,0.14499999999999999
0.435,0.34999999999999998,0.12,0.45850000000000002,0.192,0.10000000000000001,0.13
0.28999999999999998,0.20999999999999999,0.074999999999999997,0.27500000000000002,0.113,0.067500000000000004,0.035000000000000003
0.38500000000000001,0.29499999999999998,0.095000000000000001,0.33500000000000002,0.14699999999999999,0.094,0.089999999999999997
0.46999999999999997,0.375,0.115,0.42649999999999999,0.16850000000000001,0.075499999999999998,0.14999999999999999
0.5,0.40000000000000002,0.125,0.57650000000000001,0.23949999999999999,0.126,0.185
0.40000000000000002,0.31,0.10000000000000001,0.127,0.106,0.070999999999999994,0.085000000000000006
0.62,0.51000000000000001,0.17499999999999999,1.1505000000000001,0.4375,0.22650000000000001,0.40000000000000002
0.59499999999999997,0.46999999999999997,0.14999999999999999,0.89149999999999996,0.35899999999999999,0.21049999999999999,0.245
0.58499999999999996,0.45500000000000002,0.14000000000000001,0.96999999999999997,0.46200000000000002,0.185,0.29499999999999998
0.32000000000000001,0.23999999999999999,0.080000000000000002,0.17999999999999999,0.080000000000000002,0.0385,0.055
0.52000000000000002,0.40999999999999998,0.125,0.69850000000000001,0.29449999999999998,0.16250000000000001,0.215
0.44,0.34999999999999998,0.11,0.45850000000000002,0.20000000000000001,0.088499999999999995,0.13
0.44,0.33000000000000002,0.115,0.40050000000000002,0.14299999999999999,0.113,0.12
0.56499999999999995,0.42499999999999999,0.10000000000000001,0.71450000000000002,0.30549999999999999,0.16600000000000001,0.17999999999999999
0.56000000000000005,0.42499999999999999,0.125,0.93200000000000005,0.36099999999999999,0.21299999999999999,0.33500000000000002
0.58999999999999997,0.45500000000000002,0.17499999999999999,0.96599999999999997,0.39100000000000001,0.2455,0.31
0.56999999999999995,0.46500000000000002,0.17999999999999999,0.99950000000000006,0.40500000000000003,0.27700000000000002,0.29499999999999998
0.68000000000000005,0.53000000000000003,0.20499999999999999,1.496,0.58250000000000002,0.33700000000000002,0.46500000000000002
0.45000000000000001,0.35999999999999999,0.125,0.50649999999999995,0.222,0.105,0.16
0.32000000000000001,0.23999999999999999,0.074999999999999997,0.17349999999999999,0.075999999999999998,0.035499999999999997,0.050000000000000003
0.46000000000000002,0.34999999999999998,0.11,0.39450000000000002,0.16850000000000001,0.086499999999999994,0.125
0.46999999999999997,0.37,0.105,0.46650000000000003,0.20250000000000001,0.10150000000000001,0.155
0.45500000000000002,0.34999999999999998,0.105,0.40100000000000002,0.1575,0.083000000000000004,0.13500000000000001
0.41499999999999998,0.32500000000000001,0.115,0.34549999999999997,0.14050000000000001,0.076499999999999999,0.11
0.46500000000000002,0.34999999999999998,0.12,0.52049999999999996,0.20150000000000001,0.16250000000000001,0.185
0.46000000000000002,0.375,0.13500000000000001,0.49349999999999999,0.186,0.084500000000000006,0.17000000000000001
0.41499999999999998,0.31,0.089999999999999997,0.32450000000000001,0.1305,0.073499999999999996,0.115
0.27000000000000002,0.19500000000000001,0.070000000000000007,0.106,0.0465,0.017999999999999999,0.035999999999999997
0.44500000000000001,0.35499999999999998,0.11,0.4415,0.18049999999999999,0.10349999999999999,0.15049999999999999
0.745,0.58499999999999996,0.19,1.966,0.84350000000000003,0.437,0.58550000000000002
0.40000000000000002,0.29999999999999999,0.115,0.30249999999999999,0.13350000000000001,0.0465,0.0935
0.28000000000000003,0.20000000000000001,0.074999999999999997,0.1225,0.0545,0.0115,0.035000000000000003
0.55000000000000004,0.44,0.13500000000000001,0.879,0.36799999999999999,0.20949999999999999,0.26500000000000001
0.57999999999999996,0.46000000000000002,0.16500000000000001,1.2275,0.47299999999999998,0.19650000000000001,0.435
0.60999999999999999,0.5,0.16500000000000001,1.2715000000000001,0.49149999999999999,0.185,0.48999999999999999
0.62,0.495,0.17499999999999999,1.806,0.64300000000000002,0.32850000000000001,0.72499999999999998
0.56000000000000005,0.41999999999999998,0.19500000000000001,0.8085,0.30249999999999999,0.17949999999999999,0.28499999999999998
0.64000000000000001,0.51000000000000001,0.20000000000000001,1.3905000000000001,0.60999999999999999,0.33150000000000002,0.40999999999999998
0.68999999999999995,0.55000000000000004,0.20000000000000001,1.8465,0.73199999999999998,0.47199999999999998,0.56999999999999995
0.71499999999999997,0.56499999999999995,0.23999999999999999,2.1995,0.72450000000000003,0.46500000000000002,0.88500000000000001
0.70999999999999996,0.56499999999999995,0.19500000000000001,1.8169999999999999,0.78500000000000003,0.49199999999999999,0.48999999999999999
0.55000000000000004,0.46999999999999997,0.14999999999999999,0.89700000000000002,0.377,0.184,0.28999999999999998
0.375,0.30499999999999999,0.089999999999999997,0.32450000000000001,0.13950000000000001,0.056500000000000002,0.095000000000000001
0.60999999999999999,0.45000000000000001,0.16,1.1359999999999999,0.41399999999999998,0.311,0.29999999999999999
0.38,0.28000000000000003,0.085000000000000006,0.27350000000000002,0.115,0.060999999999999999,0.085000000000000006
0.37,0.27500000000000002,0.085000000000000006,0.24049999999999999,0.104,0.053499999999999999,0.070000000000000007
0.33500000000000002,0.23499999999999999,0.085000000000000006,0.1545,0.066000000000000003,0.034500000000000003,0.044999999999999998
0.16500000000000001,0.115,0.014999999999999999,0.014500000000000001,0.0054999999999999997,0.0030000000000000001,0.0050000000000000001
0.28499999999999998,0.20999999999999999,0.074999999999999997,0.11849999999999999,0.055,0.028500000000000001,0.040000000000000001
0.19,0.13,0.029999999999999999,0.029499999999999998,0.0155,0.014999999999999999,0.01
0.215,0.14999999999999999,0.029999999999999999,0.0385,0.0115,0.0050000000000000001,0.01
0.59499999999999997,0.46500000000000002,0.125,0.79900000000000004,0.32450000000000001,0.20000000000000001,0.23000000000000001
0.64500000000000002,0.5,0.17000000000000001,1.1845000000000001,0.48049999999999998,0.27400000000000002,0.35499999999999998
0.57499999999999996,0.45000000000000001,0.185,0.92500000000000004,0.34200000000000003,0.19700000000000001,0.34999999999999998
0.56999999999999995,0.45000000000000001,0.17000000000000001,1.0980000000000001,0.41399999999999998,0.187,0.40500000000000003
0.57999999999999996,0.45000000000000001,0.23499999999999999,1.071,0.29999999999999999,0.20599999999999999,0.39500000000000002
0.59499999999999997,0.47999999999999998,0.20000000000000001,0.97499999999999998,0.35799999999999998,0.20349999999999999,0.34000000000000002
0.59499999999999997,0.46999999999999997,0.25,1.2829999999999999,0.46200000000000002,0.2475,0.44500000000000001
0.625,0.41999999999999998,0.16500000000000001,1.0595000000000001,0.35799999999999998,0.16500000000000001,0.44500000000000001
0.53500000000000003,0.41999999999999998,0.16500000000000001,0.91949999999999998,0.33550000000000002,0.19850000000000001,0.26000000000000001
0.55000000000000004,0.42999999999999999,0.16,0.92949999999999999,0.317,0.17349999999999999,0.35499999999999998
0.495,0.40000000000000002,0.155,0.8085,0.23449999999999999,0.11550000000000001,0.34999999999999998
0.32000000000000001,0.23499999999999999,0.080000000000000002,0.14849999999999999,0.064000000000000001,0.031,0.044999999999999998
0.44500000000000001,0.34000000000000002,0.12,0.44750000000000001,0.193,0.10349999999999999,0.13
0.52000000000000002,0.40000000000000002,0.125,0.6865,0.29499999999999998,0.17150000000000001,0.185
0.495,0.38500000000000001,0.13500000000000001,0.63349999999999995,0.20000000000000001,0.1225,0.26000000000000001
0.46999999999999997,0.37,0.13500000000000001,0.54700000000000004,0.222,0.13250000000000001,0.17000000000000001
0.48999999999999999,0.37,0.14000000000000001,0.58499999999999996,0.24299999999999999,0.115,0.19500000000000001
0.57999999999999996,0.46999999999999997,0.16500000000000001,0.92700000000000005,0.32150000000000001,0.19850000000000001,0.315
0.64500000000000002,0.495,0.185,1.4935,0.52649999999999997,0.27850000000000003,0.45500000000000002
0.57499999999999996,0.48499999999999999,0.16500000000000001,1.0405,0.41899999999999998,0.26400000000000001,0.29999999999999999
0.215,0.17000000000000001,0.055,0.060499999999999998,0.020500000000000001,0.014,0.02
0.42999999999999999,0.32500000000000001,0.11,0.36749999999999999,0.13550000000000001,0.0935,0.12
0.26000000000000001,0.215,0.080000000000000002,0.099000000000000005,0.036999999999999998,0.025499999999999998,0.044999999999999998
0.37,0.28000000000000003,0.089999999999999997,0.23300000000000001,0.090499999999999997,0.0545,0.070000000000000007
0.40500000000000003,0.30499999999999999,0.105,0.36249999999999999,0.1565,0.070499999999999993,0.125
0.27000000000000002,0.19,0.080000000000000002,0.081000000000000003,0.026499999999999999,0.0195,0.029999999999999999
0.68000000000000005,0.55000000000000004,0.20000000000000001,1.5960000000000001,0.52500000000000002,0.40749999999999997,0.58499999999999996
0.65000000000000002,0.51500000000000001,0.19500000000000001,1.4005000000000001,0.51949999999999996,0.35999999999999999,0.44
0.64500000000000002,0.48999999999999999,0.215,1.4059999999999999,0.42649999999999999,0.22850000000000001,0.51000000000000001
0.56999999999999995,0.40500000000000003,0.16,0.92449999999999999,0.34449999999999997,0.2185,0.29499999999999998
0.61499999999999999,0.47999999999999998,0.19,1.3600000000000001,0.53049999999999997,0.23749999999999999,0.46999999999999997
0.41999999999999998,0.34499999999999997,0.105,0.42999999999999999,0.17499999999999999,0.096000000000000002,0.13
0.27500000000000002,0.22,0.080000000000000002,0.13650000000000001,0.056500000000000002,0.028500000000000001,0.042000000000000003
0.28999999999999998,0.22500000000000001,0.074999999999999997,0.14000000000000001,0.051499999999999997,0.0235,0.040000000000000001
0.41999999999999998,0.34000000000000002,0.115,0.42149999999999999,0.17499999999999999,0.092999999999999999,0.13500000000000001
0.625,0.52500000000000002,0.215,1.5765,0.51149999999999995,0.25950000000000001,0.66500000000000004
0.55000000000000004,0.46500000000000002,0.17999999999999999,1.2124999999999999,0.32450000000000001,0.20499999999999999,0.52500000000000002
0.66000000000000003,0.505,0.20000000000000001,1.6305000000000001,0.48649999999999999,0.29699999999999999,0.60999999999999999
0.56499999999999995,0.46999999999999997,0.19500000000000001,1.1419999999999999,0.38700000000000001,0.25800000000000001,0.34999999999999998
0.59499999999999997,0.495,0.23499999999999999,1.3660000000000001,0.50649999999999995,0.219,0.52000000000000002
0.63,0.51000000000000001,0.23000000000000001,1.5389999999999999,0.5635,0.28149999999999997,0.56999999999999995
0.42999999999999999,0.32500000000000001,0.12,0.44500000000000001,0.16500000000000001,0.099500000000000005,0.155
0.45500000000000002,0.34999999999999998,0.14000000000000001,0.57250000000000001,0.19650000000000001,0.13250000000000001,0.17499999999999999
0.33000000000000002,0.26000000000000001,0.080000000000000002,0.19,0.076499999999999999,0.0385,0.065000000000000002
0.51500000000000001,0.41499999999999998,0.13,0.76400000000000001,0.27600000000000002,0.19600000000000001,0.25
0.495,0.39000000000000001,0.14999999999999999,0.85299999999999998,0.32850000000000001,0.189,0.27000000000000002
0.48499999999999999,0.375,0.14499999999999999,0.58850000000000002,0.23849999999999999,0.11550000000000001,0.19
0.53500000000000003,0.46000000000000002,0.14499999999999999,0.78749999999999998,0.33950000000000002,0.20050000000000001,0.20000000000000001
0.57999999999999996,0.46500000000000002,0.17499999999999999,1.0349999999999999,0.40100000000000002,0.1865,0.38500000000000001
0.625,0.52500000000000002,0.19500000000000001,1.3520000000000001,0.45050000000000001,0.2445,0.53000000000000003
0.55500000000000005,0.45500000000000002,0.17999999999999999,0.95799999999999996,0.29599999999999999,0.19500000000000001,0.39000000000000001
0.55000000000000004,0.42499999999999999,0.14499999999999999,0.79700000000000004,0.29699999999999999,0.14999999999999999,0.26500000000000001
0.58999999999999997,0.47499999999999998,0.155,0.85699999999999998,0.35599999999999998,0.17399999999999999,0.28000000000000003
0.35499999999999998,0.28000000000000003,0.11,0.2235,0.081500000000000003,0.052499999999999998,0.080000000000000002
0.27500000000000002,0.20000000000000001,0.074999999999999997,0.085999999999999993,0.030499999999999999,0.019,0.029999999999999999
0.505,0.39000000000000001,0.17499999999999999,0.69199999999999995,0.26700000000000002,0.14999999999999999,0.215
0.37,0.28000000000000003,0.095000000000000001,0.2225,0.080500000000000002,0.050999999999999997,0.074999999999999997
0.55500000000000005,0.42999999999999999,0.16500000000000001,0.75749999999999995,0.27350000000000002,0.16350000000000001,0.27500000000000002
0.505,0.40000000000000002,0.16500000000000001,0.72899999999999998,0.26750000000000002,0.155,0.25
0.56000000000000005,0.44500000000000001,0.17999999999999999,0.90300000000000002,0.35749999999999998,0.20449999999999999,0.29499999999999998
0.59499999999999997,0.47499999999999998,0.17000000000000001,1.0965,0.41899999999999998,0.22900000000000001,0.34999999999999998
0.56999999999999995,0.45000000000000001,0.16500000000000001,0.90300000000000002,0.33050000000000002,0.1845,0.29499999999999998
0.59999999999999998,0.47999999999999998,0.17499999999999999,1.2290000000000001,0.41249999999999998,0.27350000000000002,0.41499999999999998
0.56000000000000005,0.435,0.185,1.1060000000000001,0.42199999999999999,0.24349999999999999,0.33000000000000002
0.58499999999999996,0.46500000000000002,0.19,1.171,0.39050000000000001,0.23549999999999999,0.40000000000000002
0.46000000000000002,0.33500000000000002,0.11,0.44400000000000001,0.22500000000000001,0.074499999999999997,0.11
0.46000000000000002,0.35999999999999999,0.115,0.47549999999999998,0.21049999999999999,0.105,0.16
0.41499999999999998,0.315,0.125,0.38800000000000001,0.068000000000000005,0.089999999999999997,0.125
0.435,0.32000000000000001,0.12,0.3785,0.152,0.091499999999999998,0.125
0.47499999999999998,0.38,0.13500000000000001,0.48599999999999999,0.17349999999999999,0.070000000000000007,0.185
0.46500000000000002,0.35999999999999999,0.13,0.52649999999999997,0.21049999999999999,0.11849999999999999,0.16500000000000001
0.35499999999999998,0.28000000000000003,0.10000000000000001,0.22750000000000001,0.0935,0.045499999999999999,0.085000000000000006
0.46000000000000002,0.375,0.14000000000000001,0.51049999999999995,0.192,0.1045,0.20499999999999999
0.38,0.32500000000000001,0.11,0.3105,0.12,0.073999999999999996,0.105
0.46999999999999997,0.36499999999999999,0.12,0.54300000000000004,0.22950000000000001,0.14949999999999999,0.14999999999999999
0.35999999999999999,0.27000000000000002,0.089999999999999997,0.2225,0.083000000000000004,0.052999999999999999,0.074999999999999997
0.58499999999999996,0.45500000000000002,0.16500000000000001,0.998,0.34499999999999997,0.2495,0.315
0.65500000000000003,0.58999999999999997,0.20000000000000001,1.5455000000000001,0.65400000000000003,0.3765,0.41499999999999998
0.59999999999999998,0.48499999999999999,0.17499999999999999,1.2675000000000001,0.4995,0.28149999999999997,0.38
0.56999999999999995,0.46000000000000002,0.17000000000000001,1.1000000000000001,0.41249999999999998,0.2205,0.38
0.64500000000000002,0.5,0.20000000000000001,1.4285000000000001,0.63900000000000001,0.30499999999999999,0.35999999999999999
0.65000000000000002,0.495,0.17999999999999999,1.7929999999999999,0.80049999999999999,0.33900000000000002,0.53000000000000003
0.51000000000000001,0.39500000000000002,0.14499999999999999,0.61850000000000005,0.216,0.13850000000000001,0.23999999999999999
0.52000000000000002,0.38,0.13500000000000001,0.58250000000000002,0.2505,0.1565,0.17499999999999999
0.495,0.41499999999999998,0.16500000000000001,0.74850000000000005,0.26400000000000001,0.13400000000000001,0.28499999999999998
0.42999999999999999,0.33500000000000002,0.115,0.40600000000000003,0.16600000000000001,0.0935,0.13500000000000001
0.58999999999999997,0.46500000000000002,0.16,1.1005,0.50600000000000001,0.2525,0.29499999999999998
0.55000000000000004,0.46000000000000002,0.17499999999999999,0.86899999999999999,0.3155,0.1825,0.32000000000000001
0.58499999999999996,0.42999999999999999,0.16,0.95499999999999996,0.36249999999999999,0.17599999999999999,0.27000000000000002
0.57999999999999996,0.45500000000000002,0.16,0.92149999999999999,0.312,0.19600000000000001,0.29999999999999999
0.62,0.51000000000000001,0.14999999999999999,1.456,0.58099999999999996,0.28749999999999998,0.32000000000000001
0.58999999999999997,0.45000000000000001,0.16,0.89300000000000002,0.27450000000000002,0.2185,0.34499999999999997
0.71999999999999997,0.57499999999999996,0.215,2.226,0.89549999999999996,0.40500000000000003,0.62
0.63500000000000001,0.51000000000000001,0.17499999999999999,1.2124999999999999,0.57350000000000001,0.26100000000000001,0.35999999999999999
0.60999999999999999,0.47999999999999998,0.17499999999999999,1.0674999999999999,0.39100000000000001,0.216,0.41999999999999998
0.54500000000000004,0.44500000000000001,0.17499999999999999,0.85250000000000004,0.34649999999999997,0.189,0.29499999999999998
0.56999999999999995,0.45000000000000001,0.16,0.86150000000000004,0.3725,0.2175,0.255
0.59999999999999998,0.47499999999999998,0.17999999999999999,1.1619999999999999,0.51100000000000001,0.26750000000000002,0.32000000000000001
0.52000000000000002,0.40999999999999998,0.17000000000000001,0.87050000000000005,0.3735,0.219,0.25
0.63500000000000001,0.51000000000000001,0.20999999999999999,1.5980000000000001,0.65349999999999997,0.28349999999999997,0.57999999999999996
0.67000000000000004,0.52000000000000002,0.14999999999999999,1.4059999999999999,0.51900000000000002,0.34799999999999998,0.37
0.69499999999999995,0.56999999999999995,0.20000000000000001,2.0329999999999999,0.751,0.42549999999999999,0.68500000000000005
0.65500000000000003,0.52500000000000002,0.185,1.2589999999999999,0.48699999999999999,0.2215,0.44500000000000001
0.62,0.47999999999999998,0.23000000000000001,1.0934999999999999,0.40300000000000002,0.245,0.35499999999999998
0.59999999999999998,0.47499999999999998,0.17999999999999999,1.1805000000000001,0.4345,0.2475,0.42499999999999999
0.51000000000000001,0.40500000000000003,0.13,0.71750000000000003,0.3725,0.158,0.17000000000000001
0.52500000000000002,0.40500000000000003,0.13500000000000001,0.75749999999999995,0.33050000000000002,0.216,0.19500000000000001
0.44,0.375,0.13,0.48699999999999999,0.22600000000000001,0.096500000000000002,0.155
0.48499999999999999,0.41499999999999998,0.14000000000000001,0.57050000000000001,0.25,0.13400000000000001,0.185
0.495,0.38500000000000001,0.13,0.6905,0.3125,0.17899999999999999,0.17499999999999999
0.435,0.34499999999999997,0.12,0.44750000000000001,0.221,0.112,0.125
0.40500000000000003,0.315,0.105,0.34699999999999998,0.1605,0.0785,0.10000000000000001
0.41999999999999998,0.33000000000000002,0.10000000000000001,0.35199999999999998,0.16350000000000001,0.088999999999999996,0.10000000000000001
0.5,0.39500000000000002,0.14999999999999999,0.71450000000000002,0.32350000000000001,0.17299999999999999,0.19500000000000001
0.38500000000000001,0.30499999999999999,0.105,0.33150000000000002,0.13650000000000001,0.074499999999999997,0.10000000000000001
0.33000000000000002,0.26500000000000001,0.089999999999999997,0.17999999999999999,0.068000000000000005,0.035999999999999997,0.059999999999999998
0.57999999999999996,0.47499999999999998,0.155,0.97399999999999998,0.43049999999999999,0.23000000000000001,0.28499999999999998
0.32500000000000001,0.27000000000000002,0.10000000000000001,0.185,0.080000000000000002,0.043499999999999997,0.065000000000000002
0.47499999999999998,0.375,0.12,0.56299999999999994,0.2525,0.1205,0.185
0.38,0.29999999999999999,0.089999999999999997,0.32150000000000001,0.1545,0.074999999999999997,0.095000000000000001
0.34000000000000002,0.26000000000000001,0.089999999999999997,0.17899999999999999,0.075999999999999998,0.052499999999999998,0.055
0.52500000000000002,0.42499999999999999,0.12,0.70199999999999996,0.33350000000000002,0.14649999999999999,0.22
0.52000000000000002,0.41499999999999998,0.14499999999999999,0.80449999999999999,0.33250000000000002,0.17249999999999999,0.28499999999999998
0.53500000000000003,0.45000000000000001,0.13500000000000001,0.8075,0.32200000000000001,0.18099999999999999,0.25
0.47499999999999998,0.35999999999999999,0.12,0.57799999999999996,0.28249999999999997,0.12,0.17000000000000001
0.41499999999999998,0.32500000000000001,0.10000000000000001,0.38500000000000001,0.16700000000000001,0.080000000000000002,0.125
0.495,0.38500000000000001,0.125,0.58499999999999996,0.27550000000000002,0.1235,0.16500000000000001
0.47999999999999998,0.40500000000000003,0.13,0.63749999999999996,0.27700000000000002,0.14449999999999999,0.20999999999999999
0.52000000000000002,0.42499999999999999,0.14999999999999999,0.81299999999999994,0.38500000000000001,0.20150000000000001,0.23000000000000001
0.46000000000000002,0.375,0.13,0.57350000000000001,0.2505,0.11899999999999999,0.19500000000000001
0.57999999999999996,0.45500000000000002,0.12,0.93999999999999995,0.39900000000000002,0.25700000000000001,0.26500000000000001
0.58999999999999997,0.48999999999999999,0.13500000000000001,1.008,0.42199999999999999,0.22450000000000001,0.28499999999999998
0.55000000000000004,0.41499999999999998,0.13500000000000001,0.77500000000000002,0.30199999999999999,0.17899999999999999,0.26000000000000001
0.65000000000000002,0.5,0.16500000000000001,1.1445000000000001,0.48499999999999999,0.218,0.36499999999999999
0.46500000000000002,0.375,0.13500000000000001,0.59999999999999998,0.2225,0.129,0.23000000000000001
0.45500000000000002,0.35499999999999998,0.13,0.51500000000000001,0.20000000000000001,0.1275,0.17499999999999999
0.46999999999999997,0.375,0.13,0.57950000000000002,0.2145,0.16400000000000001,0.19500000000000001
0.435,0.34999999999999998,0.11,0.38400000000000001,0.14299999999999999,0.10050000000000001,0.125
0.34999999999999998,0.26500000000000001,0.11,0.29649999999999999,0.13650000000000001,0.063,0.085000000000000006
0.315,0.23999999999999999,0.070000000000000007,0.13700000000000001,0.0545,0.0315,0.040000000000000001
0.59499999999999997,0.46999999999999997,0.14499999999999999,0.99099999999999999,0.40350000000000003,0.15049999999999999,0.34000000000000002
0.57999999999999996,0.47499999999999998,0.13500000000000001,0.92500000000000004,0.39100000000000001,0.16500000000000001,0.27500000000000002
0.57499999999999996,0.435,0.14999999999999999,0.80500000000000005,0.29299999999999998,0.16250000000000001,0.27000000000000002
0.53500000000000003,0.435,0.155,0.89149999999999996,0.34150000000000003,0.17699999999999999,0.25
0.51500000000000001,0.41999999999999998,0.14000000000000001,0.76900000000000002,0.2505,0.154,0.28999999999999998
0.505,0.38500000000000001,0.13500000000000001,0.61850000000000005,0.251,0.11749999999999999,0.20000000000000001
0.505,0.39500000000000002,0.14499999999999999,0.65149999999999997,0.26950000000000002,0.153,0.20499999999999999
0.40000000000000002,0.31,0.10000000000000001,0.28749999999999998,0.1145,0.063500000000000001,0.095000000000000001
0.48999999999999999,0.39500000000000002,0.13500000000000001,0.55449999999999999,0.21299999999999999,0.092499999999999999,0.215
0.53000000000000003,0.435,0.13500000000000001,0.73650000000000004,0.32750000000000001,0.13150000000000001,0.22
0.39500000000000002,0.32500000000000001,0.105,0.30599999999999999,0.111,0.073499999999999996,0.095000000000000001
0.66500000000000004,0.53500000000000003,0.19,1.496,0.57750000000000001,0.28149999999999997,0.47499999999999998
0.41499999999999998,0.30499999999999999,0.105,0.36049999999999999,0.12,0.082000000000000003,0.10000000000000001
0.42999999999999999,0.34499999999999997,0.115,0.30449999999999999,0.092499999999999999,0.055,0.12
0.47499999999999998,0.39500000000000002,0.13500000000000001,0.59199999999999997,0.2465,0.16450000000000001,0.20000000000000001
0.52500000000000002,0.42499999999999999,0.14499999999999999,0.79949999999999999,0.33450000000000002,0.20899999999999999,0.23999999999999999
0.47999999999999998,0.39000000000000001,0.14499999999999999,0.58250000000000002,0.23150000000000001,0.121,0.255
0.41999999999999998,0.34499999999999997,0.115,0.34350000000000003,0.1515,0.079500000000000001,0.115
0.58999999999999997,0.46000000000000002,0.155,0.90600000000000003,0.32700000000000001,0.14849999999999999,0.33500000000000002
0.51500000000000001,0.41999999999999998,0.13500000000000001,0.62949999999999995,0.28149999999999997,0.127,0.215
0.69499999999999995,0.55000000000000004,0.22,1.5515000000000001,0.56599999999999995,0.38350000000000001,0.44500000000000001
0.80000000000000004,0.63,0.19500000000000001,2.5259999999999998,0.93300000000000005,0.58999999999999997,0.62
0.60999999999999999,0.48999999999999999,0.14999999999999999,1.103,0.42499999999999999,0.20250000000000001,0.35999999999999999
0.56499999999999995,0.47999999999999998,0.17499999999999999,0.95699999999999996,0.38850000000000001,0.215,0.27500000000000002
0.56000000000000005,0.45500000000000002,0.16500000000000001,0.85999999999999999,0.40150000000000002,0.16950000000000001,0.245
0.65500000000000003,0.48499999999999999,0.19500000000000001,1.6200000000000001,0.62749999999999995,0.35799999999999998,0.48499999999999999
0.64000000000000001,0.52000000000000002,0.20000000000000001,1.407,0.56599999999999995,0.30399999999999999,0.45500000000000002
0.58999999999999997,0.46999999999999997,0.17000000000000001,0.90000000000000002,0.35499999999999998,0.1905,0.25
0.31,0.23999999999999999,0.089999999999999997,0.14549999999999999,0.060499999999999998,0.0315,0.044999999999999998
0.255,0.185,0.070000000000000007,0.074999999999999997,0.028000000000000001,0.017999999999999999,0.025000000000000001
0.17000000000000001,0.125,0.055,0.0235,0.0089999999999999993,0.0054999999999999997,0.0080000000000000002
0.67000000000000004,0.55000000000000004,0.17000000000000001,1.2470000000000001,0.47199999999999998,0.2455,0.40000000000000002
0.70999999999999996,0.56499999999999995,0.19500000000000001,1.7264999999999999,0.63800000000000001,0.33650000000000002,0.56499999999999995
0.56000000000000005,0.42999999999999999,0.125,0.80249999999999999,0.313,0.17150000000000001,0.26300000000000001
0.505,0.40000000000000002,0.13,0.76400000000000001,0.30349999999999999,0.189,0.2175
0.52500000000000002,0.42999999999999999,0.16500000000000001,0.86450000000000005,0.376,0.19450000000000001,0.2515
0.45000000000000001,0.35999999999999999,0.105,0.47149999999999997,0.20349999999999999,0.0935,0.14899999999999999
0.51500000000000001,0.435,0.17000000000000001,0.63100000000000001,0.27650000000000002,0.111,0.216
0.58999999999999997,0.47499999999999998,0.16,0.94550000000000001,0.38150000000000001,0.184,0.27000000000000002
0.69999999999999996,0.53000000000000003,0.19,1.3185,0.54800000000000004,0.23300000000000001,0.41999999999999998
0.71999999999999997,0.56000000000000005,0.17499999999999999,1.7264999999999999,0.63700000000000001,0.34150000000000003,0.52500000000000002
0.63500000000000001,0.495,0.14999999999999999,1.081,0.48249999999999998,0.24199999999999999,0.31
0.55500000000000005,0.44,0.13500000000000001,0.90249999999999997,0.3805,0.21049999999999999,0.28000000000000003
0.57499999999999996,0.46999999999999997,0.14999999999999999,1.1415,0.45150000000000001,0.20399999999999999,0.40000000000000002
0.58499999999999996,0.45500000000000002,0.125,1.0269999999999999,0.39100000000000001,0.21199999999999999,0.25
0.60999999999999999,0.48499999999999999,0.20999999999999999,1.3445,0.53500000000000003,0.2205,0.51500000000000001
0.64500000000000002,0.52500000000000002,0.20000000000000001,1.4490000000000001,0.60099999999999998,0.25650000000000001,0.505
0.54500000000000004,0.44,0.17499999999999999,0.77449999999999997,0.29849999999999999,0.1875,0.26500000000000001
0.55000000000000004,0.45000000000000001,0.155,0.78949999999999998,0.34300000000000003,0.159,0.25
0.66000000000000003,0.52500000000000002,0.20499999999999999,1.3665,0.50049999999999994,0.29099999999999998,0.40999999999999998
0.56999999999999995,0.47499999999999998,0.19500000000000001,1.0295000000000001,0.46350000000000002,0.1905,0.30499999999999999
0.59999999999999998,0.46999999999999997,0.20000000000000001,1.0309999999999999,0.39200000000000002,0.20349999999999999,0.28999999999999998
0.63,0.505,0.16500000000000001,1.0649999999999999,0.45950000000000002,0.216,0.315
0.69499999999999995,0.56999999999999995,0.23000000000000001,1.885,0.86650000000000005,0.435,0.5
0.65000000000000002,0.54500000000000004,0.16,1.2424999999999999,0.48699999999999999,0.29599999999999999,0.47999999999999998
0.71999999999999997,0.59499999999999997,0.22500000000000001,1.9690000000000001,0.80449999999999999,0.42299999999999999,0.66000000000000003
0.56000000000000005,0.44,0.17000000000000001,0.94450000000000001,0.35449999999999998,0.2175,0.29999999999999999
0.41999999999999998,0.32500000000000001,0.115,0.35399999999999998,0.16250000000000001,0.064000000000000001,0.105
0.17999999999999999,0.125,0.050000000000000003,0.023,0.0085000000000000006,0.0054999999999999997,0.01
0.40500000000000003,0.32500000000000001,0.11,0.35749999999999998,0.14499999999999999,0.072499999999999995,0.11
0.5,0.40500000000000003,0.14999999999999999,0.59650000000000003,0.253,0.126,0.185
0.435,0.33500000000000002,0.11,0.38300000000000001,0.1555,0.067500000000000004,0.13500000000000001
0.34000000000000002,0.27500000000000002,0.089999999999999997,0.20649999999999999,0.072499999999999995,0.042999999999999997,0.070000000000000007
0.42999999999999999,0.34000000000000002,0.11,0.38200000000000001,0.154,0.095500000000000002,0.109
0.53500000000000003,0.40999999999999998,0.155,0.63149999999999995,0.27450000000000002,0.14149999999999999,0.18149999999999999
0.41499999999999998,0.32500000000000001,0.115,0.32850000000000001,0.14050000000000001,0.050999999999999997,0.106
0.35999999999999999,0.26500000000000001,0.089999999999999997,0.2165,0.096000000000000002,0.036999999999999998,0.073499999999999996
0.17499999999999999,0.13500000000000001,0.040000000000000001,0.030499999999999999,0.010999999999999999,0.0074999999999999997,0.01
0.155,0.115,0.025000000000000001,0.024,0.0089999999999999993,0.0050000000000000001,0.0074999999999999997
0.52500000000000002,0.42999999999999999,0.14999999999999999,0.73650000000000004,0.32250000000000001,0.161,0.215
0.52500000000000002,0.39000000000000001,0.13500000000000001,0.60050000000000003,0.22650000000000001,0.13100000000000001,0.20999999999999999
0.44,0.34499999999999997,0.105,0.42849999999999999,0.16500000000000001,0.083000000000000004,0.13200000000000001
0.45000000000000001,0.34499999999999997,0.115,0.496,0.1905,0.11700000000000001,0.14000000000000001
0.48499999999999999,0.36499999999999999,0.14000000000000001,0.61950000000000005,0.25950000000000001,0.14449999999999999,0.17699999999999999
0.46999999999999997,0.34999999999999998,0.13500000000000001,0.56699999999999995,0.23150000000000001,0.14649999999999999,0.1525
0.51500000000000001,0.375,0.14000000000000001,0.65049999999999997,0.2495,0.14099999999999999,0.2215
0.41999999999999998,0.34000000000000002,0.125,0.44950000000000001,0.16500000000000001,0.1125,0.14399999999999999
0.45500000000000002,0.34999999999999998,0.125,0.44850000000000001,0.1585,0.10199999999999999,0.13350000000000001
0.37,0.28999999999999998,0.089999999999999997,0.24099999999999999,0.11,0.044999999999999998,0.069000000000000006
0.33000000000000002,0.25,0.089999999999999997,0.19700000000000001,0.085000000000000006,0.041000000000000002,0.060499999999999998
0.29999999999999999,0.22,0.089999999999999997,0.14249999999999999,0.057000000000000002,0.033500000000000002,0.042999999999999997
0.625,0.46000000000000002,0.16,1.2395,0.55000000000000004,0.27300000000000002,0.38
0.60999999999999999,0.47499999999999998,0.17000000000000001,1.0385,0.44350000000000001,0.24099999999999999,0.32000000000000001
0.625,0.46500000000000002,0.155,0.97199999999999998,0.40400000000000003,0.1845,0.34999999999999998
0.63500000000000001,0.505,0.19,1.3314999999999999,0.58050000000000002,0.252,0.435
0.5,0.38500000000000001,0.155,0.76200000000000001,0.3795,0.161,0.19
0.53000000000000003,0.42999999999999999,0.17000000000000001,0.77500000000000002,0.34999999999999998,0.152,0.23499999999999999
0.44500000000000001,0.33000000000000002,0.10000000000000001,0.437,0.16300000000000001,0.075499999999999998,0.17000000000000001
0.58499999999999996,0.41499999999999998,0.155,0.69850000000000001,0.29999999999999999,0.14599999999999999,0.19500000000000001
0.44,0.35499999999999998,0.16500000000000001,0.435,0.159,0.105,0.14000000000000001
0.28999999999999998,0.22500000000000001,0.080000000000000002,0.1295,0.053499999999999999,0.025999999999999999,0.044999999999999998
0.55500000000000005,0.45500000000000002,0.17000000000000001,0.84350000000000003,0.309,0.1905,0.29999999999999999
0.65500000000000003,0.51500000000000001,0.14499999999999999,1.25,0.52649999999999997,0.28299999999999997,0.315
0.57999999999999996,0.46000000000000002,0.185,1.0169999999999999,0.35149999999999998,0.20000000000000001,0.32000000000000001
0.625,0.42999999999999999,0.17499999999999999,1.411,0.57199999999999995,0.29699999999999999,0.39500000000000002
0.62,0.48499999999999999,0.17000000000000001,1.208,0.48049999999999998,0.30449999999999999,0.33000000000000002
0.64000000000000001,0.5,0.14999999999999999,1.0705,0.371,0.27050000000000002,0.35999999999999999
0.505,0.375,0.115,0.58950000000000002,0.26350000000000001,0.12,0.16700000000000001
0.5,0.39500000000000002,0.12,0.53700000000000003,0.2165,0.1085,0.17849999999999999
0.31,0.245,0.095000000000000001,0.14999999999999999,0.052499999999999998,0.034000000000000002,0.048000000000000001
0.505,0.38,0.14499999999999999,0.65100000000000002,0.29349999999999998,0.19,0.17000000000000001
0.41999999999999998,0.30499999999999999,0.11,0.28000000000000003,0.094,0.0785,0.095500000000000002
0.40000000000000002,0.315,0.105,0.28699999999999998,0.1135,0.036999999999999998,0.113
0.42499999999999999,0.315,0.125,0.35249999999999998,0.1135,0.056500000000000002,0.13
0.31,0.23499999999999999,0.059999999999999998,0.12,0.041500000000000002,0.033000000000000002,0.040000000000000001
0.46500000000000002,0.34999999999999998,0.13,0.49399999999999999,0.19450000000000001,0.10299999999999999,0.155
0.46500000000000002,0.35999999999999999,0.12,0.47649999999999998,0.192,0.1125,0.16
0.34999999999999998,0.255,0.085000000000000006,0.2145,0.10000000000000001,0.0465,0.059999999999999998
0.52000000000000002,0.41499999999999998,0.16,0.59499999999999997,0.21049999999999999,0.14199999999999999,0.26000000000000001
0.47499999999999998,0.36499999999999999,0.13,0.48049999999999998,0.1905,0.114,0.14749999999999999
0.40999999999999998,0.315,0.11,0.32100000000000001,0.1255,0.065500000000000003,0.095000000000000001
0.26000000000000001,0.20000000000000001,0.065000000000000002,0.096000000000000002,0.043999999999999997,0.027,0.029999999999999999
0.57499999999999996,0.45000000000000001,0.17000000000000001,0.93149999999999999,0.35799999999999998,0.2145,0.26000000000000001
0.56499999999999995,0.435,0.155,0.78200000000000003,0.27150000000000002,0.16800000000000001,0.28499999999999998
0.26000000000000001,0.19,0.074999999999999997,0.094500000000000001,0.044499999999999998,0.02,0.029999999999999999
0.53000000000000003,0.38500000000000001,0.125,0.66949999999999998,0.28899999999999998,0.151,0.17999999999999999
0.34000000000000002,0.255,0.095000000000000001,0.21299999999999999,0.081000000000000003,0.034000000000000002,0.070000000000000007
0.52000000000000002,0.38,0.14000000000000001,0.52500000000000002,0.17749999999999999,0.115,0.185
0.63500000000000001,0.5,0.17999999999999999,1.3120000000000001,0.52900000000000003,0.2485,0.48499999999999999
0.60999999999999999,0.48499999999999999,0.16500000000000001,1.087,0.42549999999999999,0.23200000000000001,0.38
0.66000000000000003,0.51500000000000001,0.17999999999999999,1.5229999999999999,0.54000000000000004,0.33650000000000002,0.55500000000000005
0.63500000000000001,0.5,0.17999999999999999,1.319,0.54849999999999999,0.29199999999999998,0.48999999999999999
0.46500000000000002,0.38,0.13500000000000001,0.57899999999999996,0.20799999999999999,0.1095,0.22
0.51500000000000001,0.40000000000000002,0.16,0.8175,0.2515,0.156,0.29999999999999999
0.33500000000000002,0.23999999999999999,0.095000000000000001,0.17000000000000001,0.062,0.039,0.055
0.51500000000000001,0.40000000000000002,0.17000000000000001,0.79600000000000004,0.25800000000000001,0.17549999999999999,0.28000000000000003
0.34499999999999997,0.255,0.10000000000000001,0.19700000000000001,0.070999999999999994,0.050999999999999997,0.059999999999999998
0.46500000000000002,0.35499999999999998,0.125,0.52549999999999997,0.20250000000000001,0.13500000000000001,0.14499999999999999
0.54000000000000004,0.41499999999999998,0.17000000000000001,0.879,0.33900000000000002,0.20799999999999999,0.255
0.47499999999999998,0.35499999999999998,0.125,0.46250000000000002,0.186,0.107,0.14499999999999999
0.44500000000000001,0.33500000000000002,0.14000000000000001,0.45650000000000002,0.17849999999999999,0.114,0.14000000000000001
0.5,0.35499999999999998,0.14000000000000001,0.52800000000000002,0.21249999999999999,0.14899999999999999,0.14000000000000001
0.5,0.38,0.13500000000000001,0.58350000000000002,0.22950000000000001,0.1265,0.17999999999999999
0.55000000000000004,0.435,0.17000000000000001,0.88400000000000001,0.28749999999999998,0.16450000000000001,0.28000000000000003
0.27500000000000002,0.20499999999999999,0.080000000000000002,0.096000000000000002,0.035999999999999997,0.018499999999999999,0.029999999999999999
0.34999999999999998,0.26500000000000001,0.089999999999999997,0.1855,0.074499999999999997,0.041500000000000002,0.059999999999999998
0.37,0.28499999999999998,0.105,0.27000000000000002,0.1125,0.058500000000000003,0.083500000000000005
0.41999999999999998,0.33000000000000002,0.125,0.46300000000000002,0.186,0.11,0.14499999999999999
0.34999999999999998,0.26000000000000001,0.089999999999999997,0.19800000000000001,0.072499999999999995,0.056000000000000001,0.059999999999999998
0.39500000000000002,0.30499999999999999,0.105,0.28199999999999997,0.097500000000000003,0.065000000000000002,0.096000000000000002
0.32500000000000001,0.20000000000000001,0.080000000000000002,0.099500000000000005,0.0395,0.022499999999999999,0.032000000000000001
0.27500000000000002,0.20000000000000001,0.065000000000000002,0.091999999999999998,0.0385,0.0235,0.027
0.23499999999999999,0.17000000000000001,0.065000000000000002,0.0625,0.023,0.014,0.021999999999999999
0.25,0.17999999999999999,0.059999999999999998,0.072999999999999995,0.028000000000000001,0.017000000000000001,0.022499999999999999
0.25,0.185,0.065000000000000002,0.070999999999999994,0.027,0.018499999999999999,0.022499999999999999
0.20000000000000001,0.14499999999999999,0.050000000000000003,0.035999999999999997,0.012500000000000001,0.0080000000000000002,0.010999999999999999
0.58499999999999996,0.46999999999999997,0.17000000000000001,1.099,0.39750000000000002,0.23250000000000001,0.35799999999999998
0.44500000000000001,0.34999999999999998,0.14000000000000001,0.59050000000000002,0.20250000000000001,0.158,0.19
0.5,0.38500000000000001,0.13,0.76800000000000002,0.26250000000000001,0.095000000000000001,0.27000000000000002
0.44,0.32500000000000001,0.080000000000000002,0.41299999999999998,0.14399999999999999,0.10150000000000001,0.13
0.51500000000000001,0.40500000000000003,0.14000000000000001,0.85050000000000003,0.312,0.14599999999999999,0.315
0.52000000000000002,0.40500000000000003,0.14000000000000001,0.6915,0.27600000000000002,0.13700000000000001,0.215
0.5,0.39000000000000001,0.13,0.70899999999999996,0.27500000000000002,0.16800000000000001,0.17999999999999999
0.42499999999999999,0.32500000000000001,0.12,0.3755,0.14199999999999999,0.1065,0.105
0.51000000000000001,0.41499999999999998,0.14000000000000001,0.81850000000000001,0.30249999999999999,0.2155,0.23499999999999999
0.37,0.27500000000000002,0.080000000000000002,0.22700000000000001,0.092999999999999999,0.0625,0.070000000000000007
0.54000000000000004,0.41499999999999998,0.13,0.82450000000000001,0.27200000000000002,0.22600000000000001,0.23999999999999999
0.61499999999999999,0.47499999999999998,0.17000000000000001,1.1825000000000001,0.47399999999999998,0.28949999999999998,0.23999999999999999
0.56499999999999995,0.44,0.17499999999999999,1.1220000000000001,0.39300000000000002,0.20000000000000001,0.375
0.64500000000000002,0.51500000000000001,0.17499999999999999,1.6114999999999999,0.67449999999999999,0.38400000000000001,0.38500000000000001
0.61499999999999999,0.46999999999999997,0.17499999999999999,1.2985,0.51349999999999996,0.34300000000000003,0.32000000000000001
0.60499999999999998,0.48999999999999999,0.14499999999999999,1.3,0.51700000000000002,0.32850000000000001,0.31
0.58999999999999997,0.45500000000000002,0.16500000000000001,1.161,0.38,0.2455,0.28000000000000003
0.64500000000000002,0.48499999999999999,0.155,1.4890000000000001,0.59150000000000003,0.312,0.38
0.56999999999999995,0.41999999999999998,0.155,1.008,0.377,0.193,0.34000000000000002
0.46999999999999997,0.35499999999999998,0.17999999999999999,0.441,0.1525,0.11650000000000001,0.13500000000000001
0.5,0.44,0.155,0.74199999999999999,0.20250000000000001,0.20050000000000001,0.21149999999999999
0.52000000000000002,0.42499999999999999,0.14499999999999999,0.69999999999999996,0.20699999999999999,0.1905,0.23999999999999999
0.39000000000000001,0.28499999999999998,0.095000000000000001,0.27100000000000002,0.11,0.059999999999999998,0.080000000000000002
0.52000000000000002,0.40000000000000002,0.16500000000000001,0.85650000000000004,0.27450000000000002,0.20100000000000001,0.20999999999999999
0.54000000000000004,0.41499999999999998,0.17499999999999999,0.89749999999999996,0.27500000000000002,0.24099999999999999,0.27500000000000002
0.46000000000000002,0.35999999999999999,0.13500000000000001,0.61050000000000004,0.19550000000000001,0.107,0.23499999999999999
0.35499999999999998,0.26000000000000001,0.089999999999999997,0.1925,0.076999999999999999,0.037999999999999999,0.065000000000000002
0.48999999999999999,0.40000000000000002,0.14499999999999999,0.66349999999999998,0.20999999999999999,0.1295,0.2515
0.63,0.51000000000000001,0.185,1.2350000000000001,0.51149999999999995,0.34899999999999998,0.30649999999999999
0.5,0.38500000000000001,0.14499999999999999,0.76149999999999995,0.246,0.19500000000000001,0.20399999999999999
0.48999999999999999,0.39000000000000001,0.13500000000000001,0.59199999999999997,0.24199999999999999,0.096000000000000002,0.1835
0.44,0.32500000000000001,0.115,0.39000000000000001,0.16300000000000001,0.086999999999999994,0.113
0.51500000000000001,0.39500000000000002,0.16500000000000001,0.75649999999999995,0.1905,0.17000000000000001,0.32050000000000001
0.47499999999999998,0.38,0.14499999999999999,0.56999999999999995,0.16700000000000001,0.11799999999999999,0.187
0.41999999999999998,0.31,0.10000000000000001,0.28649999999999998,0.115,0.073499999999999996,0.085000000000000006
0.40000000000000002,0.30499999999999999,0.13,0.29349999999999998,0.096000000000000002,0.067500000000000004,0.105
0.45000000000000001,0.35999999999999999,0.16,0.56699999999999995,0.17399999999999999,0.1245,0.22500000000000001
0.52000000000000002,0.40000000000000002,0.13,0.62450000000000006,0.215,0.20649999999999999,0.17000000000000001
0.505,0.40000000000000002,0.155,0.84150000000000003,0.27150000000000002,0.17749999999999999,0.28499999999999998
0.495,0.40000000000000002,0.14000000000000001,0.77749999999999997,0.20150000000000001,0.17999999999999999,0.25
0.54000000000000004,0.40999999999999998,0.14499999999999999,0.98899999999999999,0.28149999999999997,0.21299999999999999,0.35499999999999998
0.47999999999999998,0.39000000000000001,0.125,0.6905,0.219,0.155,0.20000000000000001
0.33000000000000002,0.26000000000000001,0.080000000000000002,0.20000000000000001,0.0625,0.050000000000000003,0.070000000000000007
0.28499999999999998,0.20999999999999999,0.070000000000000007,0.109,0.043999999999999997,0.026499999999999999,0.033000000000000002
0.29999999999999999,0.23000000000000001,0.074999999999999997,0.127,0.051999999999999998,0.029999999999999999,0.034500000000000003
0.31,0.23999999999999999,0.105,0.28849999999999998,0.11799999999999999,0.065000000000000002,0.083000000000000004
0.34000000000000002,0.255,0.074999999999999997,0.17999999999999999,0.074499999999999997,0.040000000000000001,0.052499999999999998
0.375,0.29999999999999999,0.074999999999999997,0.14399999999999999,0.058999999999999997,0.029999999999999999,0.043999999999999997
0.41499999999999998,0.32500000000000001,0.10000000000000001,0.46650000000000003,0.22850000000000001,0.1065,0.114
0.41499999999999998,0.315,0.105,0.33000000000000002,0.14050000000000001,0.070499999999999993,0.095000000000000001
0.41499999999999998,0.315,0.089999999999999997,0.36249999999999999,0.17499999999999999,0.083500000000000005,0.092999999999999999
0.41999999999999998,0.32000000000000001,0.10000000000000001,0.34000000000000002,0.17449999999999999,0.050000000000000003,0.094500000000000001
0.42499999999999999,0.31,0.105,0.36499999999999999,0.159,0.082500000000000004,0.105
0.46500000000000002,0.375,0.11,0.5,0.20999999999999999,0.113,0.15049999999999999
0.46500000000000002,0.34999999999999998,0.13500000000000001,0.62649999999999995,0.25900000000000001,0.14449999999999999,0.17499999999999999
0.46999999999999997,0.37,0.11,0.55549999999999999,0.25,0.115,0.16300000000000001
0.46999999999999997,0.375,0.12,0.60150000000000003,0.27650000000000002,0.14549999999999999,0.13500000000000001
0.47499999999999998,0.36499999999999999,0.12,0.53000000000000003,0.2505,0.097500000000000003,0.16250000000000001
0.47999999999999998,0.37,0.13500000000000001,0.63149999999999995,0.34449999999999997,0.10150000000000001,0.161
0.5,0.40000000000000002,0.13,0.77149999999999996,0.37,0.16,0.21099999999999999
0.505,0.39000000000000001,0.185,0.61250000000000004,0.26700000000000002,0.14199999999999999,0.17199999999999999
0.52500000000000002,0.42499999999999999,0.19,0.872,0.46250000000000002,0.17249999999999999,0.19900000000000001
0.54000000000000004,0.41999999999999998,0.12,0.8115,0.39200000000000002,0.14549999999999999,0.2235
0.54500000000000004,0.45000000000000001,0.14999999999999999,0.87949999999999995,0.38700000000000001,0.14999999999999999,0.26250000000000001
0.56499999999999995,0.44,0.14999999999999999,0.98299999999999998,0.44750000000000001,0.23549999999999999,0.2485
0.57999999999999996,0.46000000000000002,0.17999999999999999,1.145,0.47999999999999998,0.27700000000000002,0.32500000000000001
0.58999999999999997,0.45500000000000002,0.16,1.0900000000000001,0.5,0.2215,0.29199999999999998
0.58999999999999997,0.47999999999999998,0.16,1.262,0.56850000000000001,0.27250000000000002,0.33500000000000002
0.59499999999999997,0.48999999999999999,0.185,1.1850000000000001,0.48199999999999998,0.20150000000000001,0.36099999999999999
0.59999999999999998,0.47499999999999998,0.13500000000000001,1.4404999999999999,0.58850000000000002,0.191,0.3175
0.59999999999999998,0.5,0.155,1.3320000000000001,0.62350000000000005,0.28349999999999997,0.34999999999999998
0.59999999999999998,0.48499999999999999,0.16500000000000001,1.1405000000000001,0.58699999999999997,0.2175,0.28799999999999998
0.60499999999999998,0.47499999999999998,0.17499999999999999,1.2010000000000001,0.53949999999999998,0.27500000000000002,0.309
0.625,0.48999999999999999,0.155,1.3300000000000001,0.66749999999999998,0.25900000000000001,0.33000000000000002
0.63,0.5,0.185,1.3620000000000001,0.57850000000000001,0.3125,0.38400000000000001
0.64000000000000001,0.58499999999999996,0.19500000000000001,1.647,0.72250000000000003,0.33100000000000002,0.47099999999999997
0.64000000000000001,0.5,0.17999999999999999,1.4995000000000001,0.59299999999999997,0.314,0.43099999999999999
0.65500000000000003,0.54500000000000004,0.16500000000000001,1.6225000000000001,0.65549999999999997,0.29899999999999999,0.51300000000000001
0.66000000000000003,0.52500000000000002,0.215,1.786,0.67249999999999999,0.36149999999999999,0.40649999999999997
0.66000000000000003,0.53500000000000003,0.20000000000000001,1.7909999999999999,0.73299999999999998,0.318,0.54000000000000004
0.67500000000000004,0.55500000000000005,0.20499999999999999,1.925,0.71299999999999997,0.35799999999999998,0.45350000000000001
0.67500000000000004,0.55000000000000004,0.17499999999999999,1.6890000000000001,0.69399999999999995,0.371,0.47399999999999998
0.68999999999999995,0.55000000000000004,0.17999999999999999,1.659,0.87150000000000005,0.26550000000000001,0.4395
0.69499999999999995,0.53000000000000003,0.20000000000000001,2.0474999999999999,0.75,0.41949999999999998,0.60950000000000004
0.69999999999999996,0.52500000000000002,0.19,1.6014999999999999,0.70699999999999996,0.36499999999999999,0.42999999999999999
0.72999999999999998,0.56999999999999995,0.16500000000000001,2.0165000000000002,1.0685,0.41799999999999998,0.435
0.20499999999999999,0.14999999999999999,0.065000000000000002,0.040000000000000001,0.02,0.010999999999999999,0.012999999999999999
0.22500000000000001,0.17000000000000001,0.070000000000000007,0.056500000000000002,0.024,0.012999999999999999,0.016
0.23000000000000001,0.17999999999999999,0.050000000000000003,0.064000000000000001,0.021499999999999998,0.0135,0.02
0.27500000000000002,0.19500000000000001,0.070000000000000007,0.087499999999999994,0.034500000000000003,0.021999999999999999,0.025499999999999998
0.28000000000000003,0.20999999999999999,0.055,0.106,0.041500000000000002,0.026499999999999999,0.031
0.28000000000000003,0.22,0.080000000000000002,0.13150000000000001,0.066000000000000003,0.024,0.029999999999999999
0.29499999999999998,0.22,0.070000000000000007,0.126,0.051499999999999997,0.0275,0.035000000000000003
0.31,0.22500000000000001,0.074999999999999997,0.155,0.065000000000000002,0.036999999999999998,0.036499999999999998
0.315,0.23499999999999999,0.070000000000000007,0.14899999999999999,0.058000000000000003,0.032500000000000001,0.047
0.34000000000000002,0.26500000000000001,0.070000000000000007,0.185,0.0625,0.0395,0.070000000000000007
0.37,0.28999999999999998,0.080000000000000002,0.2545,0.108,0.056500000000000002,0.070000000000000007
0.38,0.28499999999999998,0.085000000000000006,0.23699999999999999,0.115,0.040500000000000001,0.070000000000000007
0.39000000000000001,0.29499999999999998,0.10000000000000001,0.27900000000000003,0.11550000000000001,0.058999999999999997,0.080000000000000002
0.40500000000000003,0.31,0.065000000000000002,0.32050000000000001,0.1575,0.066000000000000003,0.087999999999999995
0.41499999999999998,0.32500000000000001,0.10000000000000001,0.33350000000000002,0.14449999999999999,0.071499999999999994,0.095000000000000001
0.44,0.33500000000000002,0.11,0.38850000000000001,0.17499999999999999,0.083500000000000005,0.111
0.44,0.34499999999999997,0.115,0.54500000000000004,0.26900000000000002,0.111,0.1305
0.44,0.32500000000000001,0.10000000000000001,0.41649999999999998,0.185,0.086499999999999994,0.11
0.44,0.35499999999999998,0.12,0.495,0.23100000000000001,0.11,0.125
0.45000000000000001,0.34999999999999998,0.125,0.47749999999999998,0.2235,0.088999999999999996,0.11799999999999999
0.45000000000000001,0.34999999999999998,0.12,0.46800000000000003,0.20050000000000001,0.1065,0.13250000000000001
0.45500000000000002,0.34999999999999998,0.12,0.45550000000000002,0.19450000000000001,0.1045,0.13750000000000001
0.46000000000000002,0.34999999999999998,0.115,0.46000000000000002,0.20250000000000001,0.1115,0.11650000000000001
0.46000000000000002,0.34499999999999997,0.12,0.41549999999999998,0.19800000000000001,0.088499999999999995,0.107
0.46000000000000002,0.34499999999999997,0.115,0.42149999999999999,0.1895,0.10199999999999999,0.111
0.46500000000000002,0.35499999999999998,0.11,0.47399999999999998,0.23000000000000001,0.10050000000000001,0.12
0.46500000000000002,0.34000000000000002,0.105,0.48599999999999999,0.23100000000000001,0.10349999999999999,0.1225
0.47499999999999998,0.38500000000000001,0.11,0.57350000000000001,0.311,0.10249999999999999,0.13600000000000001
0.47499999999999998,0.35499999999999998,0.105,0.46800000000000003,0.20100000000000001,0.1115,0.12
0.47999999999999998,0.37,0.10000000000000001,0.51349999999999996,0.24299999999999999,0.10150000000000001,0.13500000000000001
0.5,0.375,0.14499999999999999,0.62150000000000005,0.27400000000000002,0.16600000000000001,0.14849999999999999
0.5,0.38,0.11,0.49399999999999999,0.218,0.089999999999999997,0.13250000000000001
0.505,0.38500000000000001,0.12,0.60050000000000003,0.23899999999999999,0.14199999999999999,0.185
0.51500000000000001,0.39500000000000002,0.12,0.64600000000000002,0.28499999999999998,0.13650000000000001,0.17199999999999999
0.52500000000000002,0.41499999999999998,0.13500000000000001,0.79449999999999998,0.39400000000000002,0.189,0.20200000000000001
0.52500000000000002,0.42499999999999999,0.125,0.81200000000000006,0.40350000000000003,0.17050000000000001,0.19500000000000001
0.53000000000000003,0.41999999999999998,0.17000000000000001,0.82799999999999996,0.40999999999999998,0.20799999999999999,0.15049999999999999
0.53000000000000003,0.40999999999999998,0.14000000000000001,0.68100000000000005,0.3095,0.14149999999999999,0.1835
0.53000000000000003,0.40500000000000003,0.14999999999999999,0.88900000000000001,0.40550000000000003,0.22750000000000001,0.215
0.54000000000000004,0.435,0.14000000000000001,0.73450000000000004,0.33000000000000002,0.1595,0.21299999999999999
0.55000000000000004,0.42499999999999999,0.125,0.96399999999999997,0.54749999999999999,0.159,0.215
0.55500000000000005,0.42499999999999999,0.14000000000000001,0.96299999999999997,0.44,0.224,0.23999999999999999
0.56999999999999995,0.44500000000000001,0.14999999999999999,0.995,0.504,0.185,0.2505
0.56999999999999995,0.435,0.14000000000000001,0.85850000000000004,0.39050000000000001,0.19600000000000001,0.22950000000000001
0.57499999999999996,0.45000000000000001,0.155,0.94799999999999995,0.42899999999999999,0.20599999999999999,0.25900000000000001
0.57999999999999996,0.44500000000000001,0.14499999999999999,0.88800000000000001,0.40999999999999998,0.18149999999999999,0.24249999999999999
0.58499999999999996,0.45000000000000001,0.16,0.90449999999999997,0.40500000000000003,0.2215,0.23350000000000001
0.58999999999999997,0.46500000000000002,0.14000000000000001,1.046,0.46949999999999997,0.26300000000000001,0.26300000000000001
0.59499999999999997,0.46999999999999997,0.155,1.1775,0.54200000000000004,0.26900000000000002,0.31
0.59499999999999997,0.46500000000000002,0.14999999999999999,1.0765,0.49099999999999999,0.22,0.28699999999999998
0.59499999999999997,0.46500000000000002,0.14999999999999999,1.0255000000000001,0.41199999999999998,0.27450000000000002,0.28899999999999998
0.59999999999999998,0.46000000000000002,0.14499999999999999,0.9325,0.39850000000000002,0.22450000000000001,0.248
0.59999999999999998,0.46000000000000002,0.14999999999999999,1.2350000000000001,0.60250000000000004,0.27400000000000002,0.28999999999999998
0.59999999999999998,0.46000000000000002,0.14999999999999999,1.2470000000000001,0.53349999999999997,0.27350000000000002,0.28999999999999998
0.60999999999999999,0.47999999999999998,0.14999999999999999,1.1495,0.56399999999999995,0.27400000000000002,0.26400000000000001
0.61499999999999999,0.48499999999999999,0.16,1.1575,0.50049999999999994,0.2495,0.315
0.61499999999999999,0.5,0.16500000000000001,1.327,0.59999999999999998,0.30149999999999999,0.35499999999999998
0.61499999999999999,0.46999999999999997,0.155,1.2,0.50849999999999995,0.32000000000000001,0.29199999999999998
0.62,0.51000000000000001,0.17499999999999999,1.2705,0.54149999999999998,0.32300000000000001,0.32250000000000001
0.62,0.48499999999999999,0.17499999999999999,1.2155,0.54500000000000004,0.253,0.34499999999999997
0.62,0.47499999999999998,0.16,1.3245,0.6865,0.23300000000000001,0.32750000000000001
0.625,0.47999999999999998,0.17000000000000001,1.3554999999999999,0.67100000000000004,0.26800000000000002,0.33850000000000002
0.625,0.48999999999999999,0.16500000000000001,1.127,0.47699999999999998,0.23649999999999999,0.31850000000000001
0.625,0.48999999999999999,0.17499999999999999,1.1074999999999999,0.44850000000000001,0.2165,0.35949999999999999
0.63,0.495,0.20000000000000001,1.4255,0.65900000000000003,0.33600000000000002,0.38
0.63,0.495,0.14499999999999999,1.147,0.54549999999999998,0.26600000000000001,0.28849999999999998
0.63,0.47999999999999998,0.16500000000000001,1.286,0.60399999999999998,0.27100000000000002,0.34999999999999998
0.63500000000000001,0.495,0.17999999999999999,1.5960000000000001,0.61699999999999999,0.317,0.37
0.63500000000000001,0.495,0.19500000000000001,1.2969999999999999,0.55600000000000005,0.29849999999999999,0.37
0.64500000000000002,0.48999999999999999,0.16,1.2509999999999999,0.53549999999999998,0.33450000000000002,0.3165
0.64500000000000002,0.5,0.17499999999999999,1.5105,0.67349999999999999,0.3755,0.3775
0.65000000000000002,0.5,0.185,1.4415,0.74099999999999999,0.29549999999999998,0.34100000000000003
0.67000000000000004,0.52000000000000002,0.19,1.6385000000000001,0.8115,0.36899999999999999,0.39100000000000001
0.68999999999999995,0.54500000000000004,0.20499999999999999,1.9330000000000001,0.78549999999999998,0.42899999999999999,0.498
0.68999999999999995,0.54000000000000004,0.185,1.71,0.77249999999999996,0.38550000000000001,0.4325
0.69499999999999995,0.55000000000000004,0.155,1.8494999999999999,0.76700000000000002,0.442,0.41749999999999998
0.69499999999999995,0.52500000000000002,0.17499999999999999,1.742,0.69599999999999995,0.38900000000000001,0.505
0.69999999999999996,0.57499999999999996,0.20499999999999999,1.7975000000000001,0.72950000000000004,0.39350000000000002,0.51649999999999996
0.70499999999999996,0.56000000000000005,0.20499999999999999,2.3809999999999998,0.99150000000000005,0.50049999999999994,0.624
0.76500000000000001,0.58499999999999996,0.17999999999999999,2.3980000000000001,1.1279999999999999,0.51200000000000001,0.53349999999999997
0.77000000000000002,0.59999999999999998,0.215,2.1945000000000001,1.0515000000000001,0.48199999999999998,0.58399999999999996
0.22,0.16,0.050000000000000003,0.049000000000000002,0.021499999999999998,0.01,0.014999999999999999
0.27500000000000002,0.20499999999999999,0.070000000000000007,0.1055,0.495,0.019,0.0315
0.28999999999999998,0.20999999999999999,0.059999999999999998,0.1045,0.041500000000000002,0.021999999999999999,0.035000000000000003
0.33000000000000002,0.23999999999999999,0.074999999999999997,0.16300000000000001,0.074499999999999997,0.033000000000000002,0.048000000000000001
0.35499999999999998,0.28499999999999998,0.095000000000000001,0.22750000000000001,0.095500000000000002,0.047500000000000001,0.071499999999999994
0.375,0.28999999999999998,0.10000000000000001,0.219,0.092499999999999999,0.037999999999999999,0.074999999999999997
0.41499999999999998,0.315,0.10000000000000001,0.36449999999999999,0.17649999999999999,0.079500000000000001,0.095000000000000001
0.42499999999999999,0.33000000000000002,0.115,0.32650000000000001,0.13150000000000001,0.076999999999999999,0.10299999999999999
0.42499999999999999,0.34000000000000002,0.10000000000000001,0.35149999999999998,0.16250000000000001,0.082000000000000003,0.094
0.42999999999999999,0.32000000000000001,0.10000000000000001,0.34649999999999997,0.16350000000000001,0.080000000000000002,0.089999999999999997
0.44,0.34000000000000002,0.10000000000000001,0.40699999999999997,0.20899999999999999,0.073499999999999996,0.10299999999999999
0.44,0.33500000000000002,0.115,0.42149999999999999,0.17299999999999999,0.076499999999999999,0.113
0.46000000000000002,0.34499999999999997,0.11,0.3755,0.1525,0.058000000000000003,0.125
0.46000000000000002,0.37,0.12,0.53349999999999997,0.26450000000000001,0.108,0.13450000000000001
0.46500000000000002,0.35499999999999998,0.105,0.442,0.20849999999999999,0.097500000000000003,0.11849999999999999
0.47499999999999998,0.36499999999999999,0.10000000000000001,0.13150000000000001,0.20250000000000001,0.087499999999999994,0.123
0.47499999999999998,0.375,0.115,0.52049999999999996,0.23300000000000001,0.11899999999999999,0.14549999999999999
0.48499999999999999,0.375,0.13,0.55349999999999999,0.26600000000000001,0.112,0.157
0.48999999999999999,0.375,0.125,0.54449999999999998,0.27900000000000003,0.115,0.13
0.48999999999999999,0.38,0.11,0.55400000000000005,0.29349999999999998,0.10050000000000001,0.14999999999999999
0.495,0.38,0.12,0.51200000000000001,0.23300000000000001,0.1205,0.13600000000000001
0.5,0.39000000000000001,0.125,0.58299999999999996,0.29399999999999998,0.13200000000000001,0.1605
0.5,0.38,0.12,0.57650000000000001,0.27300000000000002,0.13500000000000001,0.14499999999999999
0.505,0.40000000000000002,0.13500000000000001,0.72299999999999998,0.377,0.14899999999999999,0.17799999999999999
0.51000000000000001,0.39500000000000002,0.155,0.53949999999999998,0.2465,0.1085,0.16700000000000001
0.51000000000000001,0.38500000000000001,0.14999999999999999,0.625,0.3095,0.11899999999999999,0.17249999999999999
0.51500000000000001,0.40000000000000002,0.125,0.59250000000000003,0.26500000000000001,0.11749999999999999,0.16800000000000001
0.52000000000000002,0.39500000000000002,0.13500000000000001,0.63300000000000001,0.29849999999999999,0.1295,0.17499999999999999
0.54500000000000004,0.42999999999999999,0.14000000000000001,0.83199999999999996,0.4355,0.17000000000000001,0.20100000000000001
0.54500000000000004,0.41999999999999998,0.14499999999999999,0.77800000000000002,0.3745,0.1545,0.20499999999999999
0.54500000000000004,0.41999999999999998,0.12,0.78649999999999998,0.40300000000000002,0.185,0.17000000000000001
0.54500000000000004,0.40000000000000002,0.14000000000000001,0.77800000000000002,0.36799999999999999,0.215,0.17999999999999999
0.55000000000000004,0.41999999999999998,0.13,0.63600000000000001,0.29399999999999998,0.14399999999999999,0.17549999999999999
0.55000000000000004,0.44,0.13500000000000001,0.84350000000000003,0.434,0.19950000000000001,0.185
0.55500000000000005,0.42499999999999999,0.13,0.64800000000000002,0.28349999999999997,0.13300000000000001,0.21049999999999999
0.56499999999999995,0.42999999999999999,0.13,0.78400000000000003,0.34949999999999998,0.1885,0.21299999999999999
0.56999999999999995,0.45000000000000001,0.17999999999999999,0.90800000000000003,0.40150000000000002,0.217,0.255
0.56999999999999995,0.45000000000000001,0.13500000000000001,1.02,0.54600000000000004,0.20399999999999999,0.25
0.56999999999999995,0.42999999999999999,0.16,0.81100000000000005,0.38750000000000001,0.159,0.22850000000000001
0.57499999999999996,0.47999999999999998,0.14999999999999999,0.89700000000000002,0.42349999999999999,0.1905,0.248
0.57999999999999996,0.45500000000000002,0.13,0.85199999999999998,0.40999999999999998,0.17249999999999999,0.22500000000000001
0.58499999999999996,0.45000000000000001,0.14999999999999999,0.93799999999999994,0.46700000000000003,0.20300000000000001,0.22500000000000001
0.58499999999999996,0.435,0.14000000000000001,0.69550000000000001,0.3085,0.129,0.22450000000000001
0.58999999999999997,0.46999999999999997,0.14999999999999999,0.86099999999999999,0.41299999999999998,0.16400000000000001,0.249
0.58999999999999997,0.46000000000000002,0.14000000000000001,1.004,0.496,0.2165,0.26000000000000001
0.58999999999999997,0.46000000000000002,0.16,1.0115000000000001,0.44500000000000001,0.26150000000000001,0.25650000000000001
0.59499999999999997,0.46500000000000002,0.14999999999999999,1.1005,0.54149999999999998,0.16600000000000001,0.26500000000000001
0.59499999999999997,0.46999999999999997,0.16500000000000001,1.1080000000000001,0.49149999999999999,0.23250000000000001,0.33450000000000002
0.59499999999999997,0.46000000000000002,0.14000000000000001,0.85199999999999998,0.42149999999999999,0.22550000000000001,0.22700000000000001
0.59999999999999998,0.48999999999999999,0.20999999999999999,1.9875,1.0049999999999999,0.41899999999999998,0.49099999999999999
0.60499999999999998,0.47999999999999998,0.14999999999999999,1.079,0.45050000000000001,0.28349999999999997,0.29299999999999998
0.61499999999999999,0.47499999999999998,0.17000000000000001,1.0549999999999999,0.54300000000000004,0.246,0.23449999999999999
0.61499999999999999,0.45000000000000001,0.14999999999999999,1.198,0.70699999999999996,0.20949999999999999,0.2505
0.61499999999999999,0.46999999999999997,0.155,1.0840000000000001,0.58850000000000002,0.20899999999999999,0.246
0.61499999999999999,0.47499999999999998,0.17499999999999999,1.103,0.46350000000000002,0.3095,0.27250000000000002
0.62,0.48999999999999999,0.155,1.1000000000000001,0.505,0.2475,0.31
0.62,0.47999999999999998,0.14999999999999999,1.1014999999999999,0.4965,0.24299999999999999,0.30499999999999999
0.625,0.495,0.185,1.3835,0.71050000000000002,0.30049999999999999,0.34499999999999997
0.625,0.48999999999999999,0.155,1.115,0.48399999999999999,0.27700000000000002,0.3095
0.625,0.47999999999999998,0.14499999999999999,1.085,0.46450000000000002,0.2445,0.32700000000000001
0.63,0.505,0.14999999999999999,1.3165,0.63249999999999995,0.2465,0.37
0.63,0.51000000000000001,0.17499999999999999,1.3414999999999999,0.65749999999999997,0.26200000000000001,0.375
0.63,0.46500000000000002,0.14999999999999999,1.0269999999999999,0.53700000000000003,0.188,0.17599999999999999
0.64500000000000002,0.51500000000000001,0.16,1.1845000000000001,0.50600000000000001,0.311,0.33500000000000002
0.64500000000000002,0.47999999999999998,0.14999999999999999,1.1919999999999999,0.60550000000000004,0.25950000000000001,0.28499999999999998
0.64500000000000002,0.52000000000000002,0.17999999999999999,1.2849999999999999,0.57750000000000001,0.35199999999999998,0.317
0.65000000000000002,0.51500000000000001,0.125,1.1805000000000001,0.52349999999999997,0.28299999999999997,0.32750000000000001
0.65000000000000002,0.52000000000000002,0.17499999999999999,1.2655000000000001,0.61499999999999999,0.27750000000000002,0.33600000000000002
0.65000000000000002,0.53500000000000003,0.17499999999999999,1.2895000000000001,0.60950000000000004,0.27650000000000002,0.34399999999999997
0.65000000000000002,0.51000000000000001,0.155,1.407,0.72150000000000003,0.29799999999999999,0.33500000000000002
0.65000000000000002,0.48999999999999999,0.155,1.1220000000000001,0.54500000000000004,0.22800000000000001,0.30549999999999999
0.66000000000000003,0.51500000000000001,0.16500000000000001,1.4464999999999999,0.69399999999999995,0.29799999999999999,0.3755
0.66500000000000004,0.505,0.16500000000000001,1.349,0.59850000000000003,0.3175,0.35999999999999999
0.67000000000000004,0.5,0.20000000000000001,1.2689999999999999,0.57599999999999996,0.29849999999999999,0.35099999999999998
0.67000000000000004,0.51000000000000001,0.17999999999999999,1.6799999999999999,0.92600000000000005,0.29749999999999999,0.39350000000000002
0.67500000000000004,0.55000000000000004,0.19,1.5509999999999999,0.71050000000000002,0.36849999999999999,0.41199999999999998
0.68000000000000005,0.52000000000000002,0.16500000000000001,1.4775,0.72399999999999998,0.27900000000000003,0.40600000000000003
0.68000000000000005,0.53000000000000003,0.17999999999999999,1.5289999999999999,0.76349999999999996,0.3115,0.40250000000000002
0.69999999999999996,0.52500000000000002,0.17499999999999999,1.7585,0.87450000000000006,0.36149999999999999,0.46999999999999997
0.69999999999999996,0.55000000000000004,0.20000000000000001,1.5229999999999999,0.69299999999999995,0.30599999999999999,0.4405
0.72499999999999998,0.53000000000000003,0.19,1.7315,0.82999999999999996,0.39800000000000002,0.40500000000000003
0.72499999999999998,0.55000000000000004,0.20000000000000001,1.51,0.87350000000000005,0.42649999999999999,0.50849999999999995
0.73499999999999999,0.56999999999999995,0.17499999999999999,1.8799999999999999,0.90949999999999998,0.38700000000000001,0.48799999999999999
0.73999999999999999,0.57499999999999996,0.22,2.012,0.89149999999999996,0.52649999999999997,0.47099999999999997
0.75,0.55500000000000005,0.215,2.2010000000000001,1.0615000000000001,0.52349999999999997,0.52849999999999997
0.19,0.14000000000000001,0.029999999999999999,0.0315,0.012500000000000001,0.0050000000000000001,0.010500000000000001
0.20999999999999999,0.14999999999999999,0.044999999999999998,0.040000000000000001,0.0135,0.0080000000000000002,0.010500000000000001
0.25,0.17499999999999999,0.059999999999999998,0.063500000000000001,0.0275,0.0080000000000000002,0.02
0.28999999999999998,0.215,0.065000000000000002,0.098500000000000004,0.042500000000000003,0.021000000000000001,0.031
0.33500000000000002,0.25,0.080000000000000002,0.16700000000000001,0.067500000000000004,0.032500000000000001,0.057500000000000002
0.34000000000000002,0.245,0.085000000000000006,0.20150000000000001,0.10050000000000001,0.037999999999999999,0.052999999999999999
0.34499999999999997,0.255,0.095000000000000001,0.183,0.074999999999999997,0.0385,0.059999999999999998
0.35499999999999998,0.255,0.080000000000000002,0.187,0.078,0.050500000000000003,0.058000000000000003
0.35999999999999999,0.26000000000000001,0.080000000000000002,0.17949999999999999,0.073999999999999996,0.0315,0.059999999999999998
0.37,0.27500000000000002,0.089999999999999997,0.20649999999999999,0.096000000000000002,0.0395,0.058000000000000003
0.375,0.28999999999999998,0.14000000000000001,0.29999999999999999,0.14000000000000001,0.0625,0.082500000000000004
0.375,0.27500000000000002,0.095000000000000001,0.22950000000000001,0.095000000000000001,0.0545,0.066000000000000003
0.38500000000000001,0.29999999999999999,0.125,0.34300000000000003,0.17050000000000001,0.073499999999999996,0.081000000000000003
0.38500000000000001,0.28499999999999998,0.085000000000000006,0.24399999999999999,0.1215,0.044499999999999998,0.068000000000000005
0.39500000000000002,0.32000000000000001,0.10000000000000001,0.3075,0.14899999999999999,0.053499999999999999,0.089999999999999997
0.40000000000000002,0.30499999999999999,0.10000000000000001,0.34150000000000003,0.17599999999999999,0.0625,0.086499999999999994
0.40500000000000003,0.30499999999999999,0.10000000000000001,0.27100000000000002,0.096500000000000002,0.060999999999999999,0.090999999999999998
0.40500000000000003,0.31,0.11,0.91000000000000003,0.41599999999999998,0.20749999999999999,0.099500000000000005
0.40500000000000003,0.30499999999999999,0.10000000000000001,0.26800000000000002,0.1145,0.052999999999999999,0.085000000000000006
0.40500000000000003,0.29999999999999999,0.089999999999999997,0.28849999999999998,0.13800000000000001,0.063500000000000001,0.076499999999999999
0.40999999999999998,0.315,0.10000000000000001,0.29999999999999999,0.124,0.057500000000000002,0.10000000000000001
0.40999999999999998,0.32500000000000001,0.11,0.32600000000000001,0.13250000000000001,0.074999999999999997,0.10100000000000001
0.41499999999999998,0.33500000000000002,0.10000000000000001,0.35799999999999998,0.16900000000000001,0.067000000000000004,0.105
0.41999999999999998,0.32500000000000001,0.115,0.314,0.1295,0.063500000000000001,0.10000000000000001
0.41999999999999998,0.315,0.11,0.40250000000000002,0.1855,0.083000000000000004,0.10150000000000001
0.42999999999999999,0.34000000000000002,0.11,0.36449999999999999,0.159,0.085500000000000007,0.105
0.44500000000000001,0.35999999999999999,0.11,0.42349999999999999,0.182,0.076499999999999999,0.14000000000000001
0.45000000000000001,0.32500000000000001,0.115,0.43049999999999999,0.2235,0.0785,0.11550000000000001
0.45000000000000001,0.33500000000000002,0.095000000000000001,0.35049999999999998,0.1615,0.0625,0.11849999999999999
0.45500000000000002,0.34000000000000002,0.115,0.48599999999999999,0.26100000000000001,0.065500000000000003,0.13150000000000001
0.46000000000000002,0.34999999999999998,0.10000000000000001,0.47099999999999997,0.252,0.076999999999999999,0.123
0.46000000000000002,0.34499999999999997,0.105,0.41499999999999998,0.187,0.086999999999999994,0.11
0.47499999999999998,0.35499999999999998,0.115,0.51949999999999996,0.27900000000000003,0.087999999999999995,0.13250000000000001
0.47999999999999998,0.375,0.12,0.58950000000000002,0.2535,0.128,0.17199999999999999
0.48499999999999999,0.38,0.125,0.52149999999999996,0.2215,0.11799999999999999,0.16
0.48499999999999999,0.36499999999999999,0.14000000000000001,0.44750000000000001,0.1895,0.092499999999999999,0.23050000000000001
0.48999999999999999,0.36499999999999999,0.125,0.5585,0.252,0.126,0.1615
0.505,0.38500000000000001,0.125,0.59599999999999997,0.245,0.097000000000000003,0.20999999999999999
0.505,0.38,0.13500000000000001,0.53849999999999998,0.26450000000000001,0.095000000000000001,0.16500000000000001
0.51000000000000001,0.38500000000000001,0.14499999999999999,0.76649999999999996,0.39850000000000002,0.14000000000000001,0.18049999999999999
0.51500000000000001,0.39500000000000002,0.13500000000000001,0.51600000000000001,0.20150000000000001,0.13200000000000001,0.16200000000000001
0.51500000000000001,0.40999999999999998,0.14000000000000001,0.73550000000000004,0.30649999999999999,0.13700000000000001,0.20000000000000001
0.51500000000000001,0.39000000000000001,0.11,0.53100000000000003,0.24149999999999999,0.098000000000000004,0.1615
0.52500000000000002,0.38500000000000001,0.13,0.60699999999999998,0.23549999999999999,0.125,0.19500000000000001
0.52500000000000002,0.41499999999999998,0.14999999999999999,0.70550000000000002,0.32900000000000001,0.14699999999999999,0.19900000000000001
0.52500000000000002,0.40000000000000002,0.13,0.64449999999999996,0.34499999999999997,0.1285,0.20000000000000001
0.52500000000000002,0.375,0.12,0.63149999999999995,0.30449999999999999,0.114,0.19
0.53500000000000003,0.42999999999999999,0.155,0.78449999999999998,0.32850000000000001,0.16900000000000001,0.245
0.54500000000000004,0.44,0.14999999999999999,0.94750000000000001,0.36599999999999999,0.23899999999999999,0.27500000000000002
0.55000000000000004,0.42999999999999999,0.14499999999999999,0.71199999999999997,0.30249999999999999,0.152,0.22500000000000001
0.55000000000000004,0.42499999999999999,0.14499999999999999,0.89000000000000001,0.4325,0.17100000000000001,0.23599999999999999
0.55000000000000004,0.41999999999999998,0.155,0.91200000000000003,0.495,0.18049999999999999,0.20499999999999999
0.55000000000000004,0.42499999999999999,0.13500000000000001,0.65600000000000003,0.25700000000000001,0.17000000000000001,0.20300000000000001
0.55000000000000004,0.46500000000000002,0.14999999999999999,0.93600000000000005,0.48099999999999998,0.17399999999999999,0.24349999999999999
0.55500000000000005,0.435,0.14499999999999999,0.69750000000000001,0.26200000000000001,0.1575,0.23999999999999999
0.55500000000000005,0.44500000000000001,0.17499999999999999,1.1465000000000001,0.55100000000000005,0.24399999999999999,0.27850000000000003
0.56000000000000005,0.44,0.14000000000000001,0.82499999999999996,0.40200000000000002,0.13900000000000001,0.245
0.56000000000000005,0.435,0.13500000000000001,0.71999999999999997,0.32900000000000001,0.10299999999999999,0.251
0.56499999999999995,0.42999999999999999,0.14999999999999999,0.82150000000000001,0.33200000000000002,0.16850000000000001,0.28999999999999998
0.56999999999999995,0.44500000000000001,0.155,1.0169999999999999,0.52649999999999997,0.20250000000000001,0.26500000000000001
0.57499999999999996,0.435,0.155,0.89749999999999996,0.41149999999999998,0.23250000000000001,0.23000000000000001
0.57999999999999996,0.44,0.17499999999999999,1.2255,0.54049999999999998,0.27050000000000002,0.32650000000000001
0.57999999999999996,0.46500000000000002,0.14499999999999999,0.98650000000000004,0.46999999999999997,0.2155,0.25
0.57999999999999996,0.42499999999999999,0.14999999999999999,0.84399999999999997,0.36449999999999999,0.185,0.27050000000000002
0.58499999999999996,0.46000000000000002,0.14499999999999999,0.84650000000000003,0.33900000000000002,0.16700000000000001,0.29499999999999998
0.58499999999999996,0.46500000000000002,0.16500000000000001,0.88500000000000001,0.40250000000000002,0.16250000000000001,0.27400000000000002
0.58499999999999996,0.41999999999999998,0.14499999999999999,0.67349999999999999,0.28949999999999998,0.13450000000000001,0.22
0.58499999999999996,0.45500000000000002,0.13,0.87549999999999994,0.41099999999999998,0.20649999999999999,0.22500000000000001
0.58999999999999997,0.46999999999999997,0.14499999999999999,0.92349999999999999,0.45450000000000002,0.17299999999999999,0.254
0.58999999999999997,0.47499999999999998,0.14000000000000001,0.97699999999999998,0.46250000000000002,0.20250000000000001,0.27500000000000002
0.59499999999999997,0.47499999999999998,0.14000000000000001,1.0305,0.49249999999999999,0.217,0.27800000000000002
0.59999999999999998,0.47999999999999998,0.089999999999999997,1.05,0.45700000000000002,0.26850000000000002,0.28000000000000003
0.59999999999999998,0.495,0.185,1.1145,0.50549999999999995,0.26350000000000001,0.36699999999999999
0.59999999999999998,0.45000000000000001,0.14499999999999999,0.877,0.4325,0.155,0.23999999999999999
0.59999999999999998,0.51000000000000001,0.185,1.2849999999999999,0.60950000000000004,0.27450000000000002,0.315
0.60999999999999999,0.47999999999999998,0.185,1.3065,0.6895,0.29149999999999998,0.28999999999999998
0.60999999999999999,0.45000000000000001,0.13,0.87250000000000005,0.38900000000000001,0.17150000000000001,0.27200000000000002
0.61499999999999999,0.46000000000000002,0.14999999999999999,1.0265,0.49349999999999999,0.20100000000000001,0.27450000000000002
0.62,0.46500000000000002,0.14000000000000001,1.1605000000000001,0.60050000000000003,0.2195,0.307
0.62,0.47999999999999998,0.16500000000000001,1.0125,0.53249999999999997,0.4365,0.32400000000000001
0.625,0.5,0.14000000000000001,1.0960000000000001,0.54449999999999998,0.2165,0.29499999999999998
0.625,0.48999999999999999,0.16500000000000001,1.2050000000000001,0.51749999999999996,0.3105,0.34649999999999997
0.63,0.505,0.17499999999999999,1.2210000000000001,0.55500000000000005,0.252,0.34000000000000002
0.63,0.47499999999999998,0.155,1.0004999999999999,0.45200000000000001,0.252,0.26500000000000001
0.63,0.46999999999999997,0.14999999999999999,1.1355,0.53900000000000003,0.23250000000000001,0.3115
0.63,0.52500000000000002,0.19500000000000001,1.3134999999999999,0.49349999999999999,0.25650000000000001,0.46500000000000002
0.64000000000000001,0.505,0.155,1.1955,0.55649999999999999,0.21099999999999999,0.34599999999999997
0.64000000000000001,0.48499999999999999,0.14999999999999999,1.0980000000000001,0.51949999999999996,0.222,0.3175
0.64000000000000001,0.495,0.17000000000000001,1.139,0.53949999999999998,0.28199999999999997,0.28499999999999998
0.64000000000000001,0.495,0.17000000000000001,1.2264999999999999,0.48999999999999999,0.377,0.28749999999999998
0.64000000000000001,0.51500000000000001,0.080000000000000002,1.042,0.51500000000000001,0.17549999999999999,0.17499999999999999
0.65000000000000002,0.52000000000000002,0.155,1.3680000000000001,0.61850000000000005,0.28799999999999998,0.36499999999999999
0.65000000000000002,0.51000000000000001,0.17499999999999999,1.446,0.64849999999999997,0.27050000000000002,0.45000000000000001
0.66000000000000003,0.505,0.19,1.4045000000000001,0.62549999999999994,0.33750000000000002,0.3745
0.66000000000000003,0.52500000000000002,0.20000000000000001,1.4630000000000001,0.65249999999999997,0.29949999999999999,0.42199999999999999
0.67500000000000004,0.52500000000000002,0.17000000000000001,1.7110000000000001,0.83650000000000002,0.35199999999999998,0.47499999999999998
0.69999999999999996,0.54000000000000004,0.20499999999999999,1.74,0.78849999999999998,0.373,0.48649999999999999
0.70499999999999996,0.54000000000000004,0.20499999999999999,1.7569999999999999,0.82650000000000001,0.41699999999999998,0.46100000000000002
0.70999999999999996,0.56499999999999995,0.20000000000000001,1.601,0.70599999999999996,0.32100000000000001,0.45000000000000001
0.71999999999999997,0.55000000000000004,0.20499999999999999,2.165,1.1054999999999999,0.52500000000000002,0.40400000000000003
0.72499999999999998,0.56999999999999995,0.19,2.3304999999999998,1.2529999999999999,0.54100000000000004,0.52000000000000002
0.23999999999999999,0.17000000000000001,0.050000000000000003,0.0545,0.020500000000000001,0.016,0.0155
0.255,0.19500000000000001,0.055,0.072499999999999995,0.028500000000000001,0.017000000000000001,0.021000000000000001
0.27500000000000002,0.20000000000000001,0.055,0.092499999999999999,0.037999999999999999,0.021000000000000001,0.025999999999999999
0.32000000000000001,0.23499999999999999,0.089999999999999997,0.183,0.098000000000000004,0.033500000000000002,0.042000000000000003
0.32500000000000001,0.23999999999999999,0.074999999999999997,0.1525,0.071999999999999995,0.064500000000000002,0.042999999999999997
0.33000000000000002,0.22500000000000001,0.074999999999999997,0.187,0.094500000000000001,0.0395,0.042500000000000003
0.35999999999999999,0.27000000000000002,0.089999999999999997,0.23200000000000001,0.12,0.043499999999999997,0.056000000000000001
0.375,0.26500000000000001,0.095000000000000001,0.19600000000000001,0.085000000000000006,0.042000000000000003,0.058500000000000003
0.375,0.28499999999999998,0.089999999999999997,0.2545,0.11899999999999999,0.059499999999999997,0.067500000000000004
0.39000000000000001,0.28999999999999998,0.089999999999999997,0.26250000000000001,0.11700000000000001,0.053999999999999999,0.076999999999999999
0.45000000000000001,0.33500000000000002,0.105,0.36199999999999999,0.1575,0.079500000000000001,0.1095
0.45500000000000002,0.34999999999999998,0.105,0.44450000000000001,0.21299999999999999,0.107,0.1115
0.46000000000000002,0.36499999999999999,0.115,0.51100000000000001,0.23649999999999999,0.11799999999999999,0.123
0.495,0.375,0.12,0.58899999999999997,0.3075,0.1215,0.14050000000000001
0.5,0.36499999999999999,0.13,0.59450000000000003,0.309,0.1085,0.1535
0.5,0.375,0.12,0.52900000000000003,0.2235,0.123,0.16
0.52000000000000002,0.40000000000000002,0.105,0.872,0.45150000000000001,0.1615,0.19850000000000001
0.52000000000000002,0.39500000000000002,0.14499999999999999,0.77000000000000002,0.42399999999999999,0.14199999999999999,0.1895
0.52500000000000002,0.42999999999999999,0.13500000000000001,0.84350000000000003,0.4325,0.17999999999999999,0.18149999999999999
0.53500000000000003,0.40500000000000003,0.14000000000000001,0.81799999999999995,0.40200000000000002,0.17150000000000001,0.189
0.54000000000000004,0.41999999999999998,0.14000000000000001,0.80349999999999999,0.38,0.18049999999999999,0.20999999999999999
0.54000000000000004,0.41499999999999998,0.14999999999999999,0.8115,0.38750000000000001,0.1875,0.20349999999999999
0.56999999999999995,0.42499999999999999,0.13,0.78200000000000003,0.3695,0.17449999999999999,0.19650000000000001
0.56999999999999995,0.41999999999999998,0.14000000000000001,0.87450000000000006,0.41599999999999998,0.16500000000000001,0.25
0.57999999999999996,0.44500000000000001,0.16,0.98399999999999999,0.48999999999999999,0.20100000000000001,0.27000000000000002
0.57999999999999996,0.44500000000000001,0.13500000000000001,0.94999999999999996,0.48399999999999999,0.182,0.23250000000000001
0.58999999999999997,0.46999999999999997,0.155,1.1735,0.62450000000000006,0.23300000000000001,0.25950000000000001
0.58999999999999997,0.45500000000000002,0.14999999999999999,0.97599999999999998,0.46500000000000002,0.20549999999999999,0.27650000000000002
0.58999999999999997,0.48499999999999999,0.155,1.0785,0.45350000000000001,0.24349999999999999,0.31
0.59499999999999997,0.435,0.16,1.0569999999999999,0.42549999999999999,0.224,0.31
0.59999999999999998,0.47499999999999998,0.17499999999999999,1.1100000000000001,0.51049999999999995,0.25600000000000001,0.28499999999999998
0.59999999999999998,0.45000000000000001,0.16,1.1419999999999999,0.53900000000000003,0.22500000000000001,0.307
0.60499999999999998,0.47499999999999998,0.19,1.1254999999999999,0.58999999999999997,0.247,0.26000000000000001
0.62,0.47999999999999998,0.17000000000000001,1.1045,0.53500000000000003,0.25,0.28699999999999998
0.625,0.47499999999999998,0.17499999999999999,1.3405,0.65600000000000003,0.28299999999999997,0.33700000000000002
0.625,0.5,0.13,1.0820000000000001,0.57850000000000001,0.20449999999999999,0.25
0.625,0.48499999999999999,0.16,1.254,0.59099999999999997,0.25900000000000001,0.34849999999999998
0.63,0.48999999999999999,0.16500000000000001,1.2004999999999999,0.57499999999999996,0.27300000000000002,0.29399999999999998
0.63,0.48499999999999999,0.16,1.2430000000000001,0.623,0.27500000000000002,0.29999999999999999
0.63500000000000001,0.51000000000000001,0.185,1.286,0.52600000000000002,0.29499999999999998,0.41049999999999998
0.64500000000000002,0.48999999999999999,0.16,1.1665000000000001,0.49349999999999999,0.3155,0.29899999999999999
0.64500000000000002,0.48999999999999999,0.16,1.1439999999999999,0.50149999999999995,0.28899999999999998,0.31900000000000001
0.65000000000000002,0.52500000000000002,0.19,1.385,0.88749999999999996,0.3095,0.40500000000000003
0.65500000000000003,0.51500000000000001,0.155,1.3089999999999999,0.52400000000000002,0.34599999999999997,0.38500000000000001
0.65500000000000003,0.51500000000000001,0.17000000000000001,1.5269999999999999,0.84850000000000003,0.26350000000000001,0.33100000000000002
0.66500000000000004,0.51500000000000001,0.19,1.6385000000000001,0.83099999999999996,0.35749999999999998,0.371
0.69499999999999995,0.54000000000000004,0.19500000000000001,1.6910000000000001,0.76800000000000002,0.36299999999999999,0.47549999999999998
0.71999999999999997,0.56499999999999995,0.17999999999999999,1.7190000000000001,0.84650000000000003,0.40699999999999997,0.38750000000000001
0.71999999999999997,0.55000000000000004,0.17999999999999999,1.52,0.63700000000000001,0.32500000000000001,0.435
0.71999999999999997,0.56499999999999995,0.17000000000000001,1.613,0.72299999999999998,0.32550000000000001,0.4945
0.73499999999999999,0.56999999999999995,0.20999999999999999,2.2355,1.1705000000000001,0.46300000000000002,0.53149999999999997
0.73999999999999999,0.59499999999999997,0.19,2.3235000000000001,1.1495,0.51149999999999995,0.505
0.31,0.23000000000000001,0.070000000000000007,0.1245,0.050500000000000003,0.026499999999999999,0.037999999999999999
0.315,0.23499999999999999,0.074999999999999997,0.1285,0.050999999999999997,0.028000000000000001,0.040500000000000001
0.32000000000000001,0.20499999999999999,0.080000000000000002,0.18099999999999999,0.087999999999999995,0.034000000000000002,0.049500000000000002
0.32500000000000001,0.25,0.074999999999999997,0.1585,0.074999999999999997,0.030499999999999999,0.045499999999999999
0.33500000000000002,0.26000000000000001,0.089999999999999997,0.19650000000000001,0.087499999999999994,0.041000000000000002,0.056000000000000001
0.37,0.28000000000000003,0.085000000000000006,0.19800000000000001,0.080500000000000002,0.045499999999999999,0.058000000000000003
0.37,0.27000000000000002,0.089999999999999997,0.1855,0.070000000000000007,0.042500000000000003,0.065000000000000002
0.375,0.28000000000000003,0.085000000000000006,0.2145,0.085500000000000007,0.048500000000000001,0.071999999999999995
0.40000000000000002,0.315,0.089999999999999997,0.32450000000000001,0.151,0.072999999999999995,0.087999999999999995
0.40999999999999998,0.30499999999999999,0.095000000000000001,0.26250000000000001,0.10000000000000001,0.051499999999999997,0.089999999999999997
0.42499999999999999,0.34000000000000002,0.10000000000000001,0.371,0.14999999999999999,0.086499999999999994,0.115
0.435,0.33500000000000002,0.095000000000000001,0.29799999999999999,0.109,0.058000000000000003,0.115
0.44500000000000001,0.31,0.089999999999999997,0.33600000000000002,0.1555,0.089999999999999997,0.085500000000000007
0.46000000000000002,0.35999999999999999,0.14000000000000001,0.44700000000000001,0.161,0.086999999999999994,0.16
0.46500000000000002,0.34999999999999998,0.11,0.40849999999999997,0.16500000000000001,0.10199999999999999,0.13100000000000001
0.46999999999999997,0.38500000000000001,0.13,0.58699999999999997,0.26400000000000001,0.11700000000000001,0.17399999999999999
0.47499999999999998,0.375,0.11,0.49399999999999999,0.21099999999999999,0.109,0.1545
0.495,0.375,0.12,0.61399999999999999,0.28549999999999998,0.13650000000000001,0.161
0.5,0.39000000000000001,0.13,0.50749999999999995,0.21149999999999999,0.104,0.17549999999999999
0.5,0.37,0.12,0.54449999999999998,0.249,0.1065,0.152
0.505,0.42499999999999999,0.125,0.61150000000000004,0.245,0.13750000000000001,0.20000000000000001
0.505,0.40000000000000002,0.125,0.5605,0.22550000000000001,0.14349999999999999,0.17000000000000001
0.505,0.36499999999999999,0.115,0.52100000000000002,0.25,0.096000000000000002,0.14999999999999999
0.51000000000000001,0.40000000000000002,0.14499999999999999,0.57750000000000001,0.23100000000000001,0.14299999999999999,0.17699999999999999
0.51000000000000001,0.40000000000000002,0.125,0.59350000000000003,0.23899999999999999,0.13,0.20399999999999999
0.52000000000000002,0.40000000000000002,0.11,0.59699999999999998,0.29349999999999998,0.11550000000000001,0.16
0.52000000000000002,0.46500000000000002,0.14999999999999999,0.95050000000000001,0.45600000000000002,0.19900000000000001,0.255
0.53000000000000003,0.38,0.125,0.61599999999999999,0.29199999999999998,0.113,0.185
0.53000000000000003,0.40500000000000003,0.14999999999999999,0.83150000000000002,0.35199999999999998,0.187,0.2525
0.53500000000000003,0.44500000000000001,0.125,0.87250000000000005,0.41699999999999998,0.19900000000000001,0.23999999999999999
0.54000000000000004,0.42499999999999999,0.13,0.8155,0.36749999999999999,0.13650000000000001,0.246
0.54000000000000004,0.41499999999999998,0.11,0.61899999999999999,0.27550000000000002,0.14999999999999999,0.17649999999999999
0.54500000000000004,0.42999999999999999,0.13,0.75949999999999995,0.35799999999999998,0.153,0.20549999999999999
0.54500000000000004,0.42999999999999999,0.14999999999999999,0.74199999999999999,0.35249999999999998,0.158,0.20799999999999999
0.55000000000000004,0.435,0.16500000000000001,0.80400000000000005,0.34000000000000002,0.19400000000000001,0.24399999999999999
0.55000000000000004,0.42499999999999999,0.13,0.66400000000000003,0.26950000000000002,0.16300000000000001,0.20999999999999999
0.55000000000000004,0.435,0.14000000000000001,0.745,0.34699999999999998,0.17399999999999999,0.22650000000000001
0.56000000000000005,0.42999999999999999,0.13,0.72799999999999998,0.33550000000000002,0.14349999999999999,0.2175
0.56000000000000005,0.435,0.13,0.77700000000000002,0.35399999999999998,0.17299999999999999,0.222
0.57499999999999996,0.42499999999999999,0.14999999999999999,0.87649999999999995,0.45500000000000002,0.17999999999999999,0.22800000000000001
0.57499999999999996,0.45500000000000002,0.16,0.98950000000000005,0.495,0.19500000000000001,0.246
0.57499999999999996,0.45000000000000001,0.16500000000000001,0.96550000000000002,0.498,0.19,0.23000000000000001
0.57999999999999996,0.46500000000000002,0.14999999999999999,0.90649999999999997,0.371,0.19650000000000001,0.28999999999999998
0.57999999999999996,0.46000000000000002,0.14999999999999999,1.0489999999999999,0.52049999999999996,0.19350000000000001,0.30499999999999999
0.57999999999999996,0.45000000000000001,0.17000000000000001,0.97050000000000003,0.46150000000000002,0.23200000000000001,0.248
0.57999999999999996,0.45000000000000001,0.14999999999999999,0.92000000000000004,0.39300000000000002,0.21199999999999999,0.28949999999999998
0.57999999999999996,0.44500000000000001,0.14999999999999999,0.95250000000000001,0.43149999999999999,0.19450000000000001,0.28699999999999998
0.57999999999999996,0.44,0.125,0.78549999999999998,0.36299999999999999,0.19550000000000001,0.19500000000000001
0.58499999999999996,0.45000000000000001,0.13500000000000001,0.85499999999999998,0.3795,0.187,0.26000000000000001
0.58999999999999997,0.5,0.14999999999999999,1.1419999999999999,0.48499999999999999,0.26500000000000001,0.34499999999999997
0.58999999999999997,0.46000000000000002,0.125,0.755,0.33400000000000002,0.14999999999999999,0.23799999999999999
0.58999999999999997,0.47499999999999998,0.14499999999999999,0.97450000000000003,0.46750000000000003,0.20699999999999999,0.25900000000000001
0.59499999999999997,0.46999999999999997,0.155,1.2015,0.49199999999999999,0.38650000000000001,0.26500000000000001
0.59499999999999997,0.46000000000000002,0.17000000000000001,1.1294999999999999,0.56999999999999995,0.2555,0.26500000000000001
0.59999999999999998,0.44500000000000001,0.13500000000000001,0.92049999999999998,0.44500000000000001,0.20349999999999999,0.253
0.59999999999999998,0.47999999999999998,0.17000000000000001,1.056,0.45750000000000002,0.24349999999999999,0.3135
0.59999999999999998,0.45000000000000001,0.19500000000000001,1.3400000000000001,0.61699999999999999,0.32550000000000001,0.36049999999999999
0.59999999999999998,0.45000000000000001,0.14999999999999999,0.96250000000000002,0.4375,0.2225,0.27750000000000002
0.59999999999999998,0.46500000000000002,0.16500000000000001,1.0475000000000001,0.46500000000000002,0.23449999999999999,0.315
0.60499999999999998,0.495,0.17000000000000001,1.0914999999999999,0.4365,0.27150000000000002,0.33500000000000002
0.60499999999999998,0.48999999999999999,0.17999999999999999,1.167,0.45700000000000002,0.28999999999999998,0.3745
0.60499999999999998,0.47999999999999998,0.155,0.99950000000000006,0.42499999999999999,0.19850000000000001,0.29999999999999999
0.60999999999999999,0.42499999999999999,0.155,1.0485,0.50700000000000001,0.19550000000000001,0.27400000000000002
0.60999999999999999,0.46999999999999997,0.19500000000000001,1.2735000000000001,0.46899999999999997,0.33150000000000002,0.39800000000000002
0.60999999999999999,0.47999999999999998,0.14000000000000001,1.0625,0.51600000000000001,0.22500000000000001,0.29149999999999998
0.60999999999999999,0.48999999999999999,0.16,1.1545000000000001,0.58650000000000002,0.23849999999999999,0.29149999999999998
0.61499999999999999,0.47499999999999998,0.17499999999999999,1.194,0.55900000000000005,0.25900000000000001,0.3165
0.61499999999999999,0.51500000000000001,0.13500000000000001,1.1214999999999999,0.54500000000000004,0.23050000000000001,0.28999999999999998
0.61499999999999999,0.45500000000000002,0.14999999999999999,0.9335,0.38200000000000001,0.247,0.26150000000000001
0.61499999999999999,0.495,0.16500000000000001,1.198,0.54149999999999998,0.28649999999999998,0.31850000000000001
0.62,0.47499999999999998,0.14999999999999999,0.95450000000000002,0.45500000000000002,0.1865,0.27700000000000002
0.62,0.47499999999999998,0.19500000000000001,1.3585,0.59350000000000003,0.33650000000000002,0.3745
0.625,0.495,0.17499999999999999,1.2075,0.53100000000000003,0.28100000000000003,0.35249999999999998
0.625,0.51500000000000001,0.16500000000000001,1.2170000000000001,0.66700000000000004,0.20649999999999999,0.3115
0.625,0.5,0.16,1.2170000000000001,0.57250000000000001,0.20699999999999999,0.35499999999999998
0.625,0.48999999999999999,0.14499999999999999,0.92000000000000004,0.437,0.17349999999999999,0.28000000000000003
0.625,0.48999999999999999,0.12,0.87649999999999995,0.45600000000000002,0.17999999999999999,0.23300000000000001
0.63,0.47999999999999998,0.16500000000000001,1.2615000000000001,0.55049999999999999,0.27700000000000002,0.38850000000000001
0.63,0.53000000000000003,0.17999999999999999,1.2795000000000001,0.61799999999999999,0.25600000000000001,0.315
0.63,0.48499999999999999,0.185,1.167,0.54800000000000004,0.2485,0.34000000000000002
0.63,0.51000000000000001,0.17000000000000001,1.1884999999999999,0.49149999999999999,0.30649999999999999,0.34799999999999998
0.63500000000000001,0.48499999999999999,0.19,1.3765000000000001,0.63400000000000001,0.28849999999999998,0.40600000000000003
0.63500000000000001,0.52000000000000002,0.17499999999999999,1.292,0.59999999999999998,0.26900000000000002,0.36699999999999999
0.63500000000000001,0.48499999999999999,0.17999999999999999,1.1795,0.47849999999999998,0.27750000000000002,0.35499999999999998
0.63500000000000001,0.5,0.19,1.29,0.59299999999999997,0.30449999999999999,0.35199999999999998
0.63500000000000001,0.51500000000000001,0.16,1.2075,0.53849999999999998,0.28199999999999997,0.34499999999999997
0.64000000000000001,0.505,0.17999999999999999,1.2969999999999999,0.58999999999999997,0.3125,0.36299999999999999
0.64000000000000001,0.57499999999999996,0.17499999999999999,1.4584999999999999,0.625,0.26600000000000001,0.4395
0.64500000000000002,0.48499999999999999,0.14999999999999999,1.151,0.59350000000000003,0.23150000000000001,0.29299999999999998
0.64500000000000002,0.52000000000000002,0.17000000000000001,1.1970000000000001,0.52600000000000002,0.29249999999999998,0.317
0.64500000000000002,0.495,0.19,1.5389999999999999,0.61150000000000004,0.40799999999999997,0.44500000000000001
0.65000000000000002,0.52000000000000002,0.19500000000000001,1.6759999999999999,0.69299999999999995,0.44,0.46999999999999997
0.65000000000000002,0.56499999999999995,0.20000000000000001,1.6645000000000001,0.753,0.36699999999999999,0.42999999999999999
0.65500000000000003,0.5,0.20499999999999999,1.528,0.62150000000000005,0.3725,0.45350000000000001
0.65500000000000003,0.51500000000000001,0.20000000000000001,1.494,0.72550000000000003,0.309,0.40500000000000003
0.66000000000000003,0.52500000000000002,0.16,1.2769999999999999,0.4975,0.31900000000000001,0.39400000000000002
0.66000000000000003,0.52500000000000002,0.17999999999999999,1.5965,0.77649999999999997,0.39700000000000002,0.36049999999999999
0.66500000000000004,0.51000000000000001,0.17499999999999999,1.3805000000000001,0.67500000000000004,0.29849999999999999,0.32500000000000001
0.67000000000000004,0.48499999999999999,0.17499999999999999,1.2565,0.53549999999999998,0.32200000000000001,0.38600000000000001
0.67000000000000004,0.52500000000000002,0.19,1.5269999999999999,0.57550000000000001,0.35299999999999998,0.44
0.67000000000000004,0.52500000000000002,0.17000000000000001,1.4005000000000001,0.71499999999999997,0.30249999999999999,0.38700000000000001
0.67000000000000004,0.52500000000000002,0.19500000000000001,1.4404999999999999,0.65949999999999998,0.26750000000000002,0.42499999999999999
0.67000000000000004,0.54000000000000004,0.17499999999999999,1.482,0.73899999999999999,0.29249999999999998,0.36499999999999999
0.68000000000000005,0.51500000000000001,0.16,1.2344999999999999,0.61799999999999999,0.26250000000000001,0.32500000000000001
0.68000000000000005,0.505,0.17000000000000001,1.3434999999999999,0.65700000000000003,0.29699999999999999,0.35499999999999998
0.68500000000000005,0.505,0.19,1.5329999999999999,0.66700000000000004,0.40550000000000003,0.40999999999999998
0.68999999999999995,0.51500000000000001,0.17999999999999999,1.8445,0.98150000000000004,0.46550000000000002,0.34100000000000003
0.71499999999999997,0.55000000000000004,0.17499999999999999,1.825,0.93799999999999994,0.3805,0.44
0.71999999999999997,0.57999999999999996,0.19,2.0884999999999998,0.99550000000000005,0.47799999999999998,0.53049999999999997
0.73499999999999999,0.58999999999999997,0.20499999999999999,2.0870000000000002,0.90900000000000003,0.47399999999999998,0.625
0.745,0.57499999999999996,0.20000000000000001,1.8839999999999999,0.95399999999999996,0.33600000000000002,0.495
0.32000000000000001,0.215,0.095000000000000001,0.30499999999999999,0.14000000000000001,0.067000000000000004,0.088499999999999995
0.42999999999999999,0.34499999999999997,0.115,0.42949999999999999,0.21199999999999999,0.108,0.109
0.42999999999999999,0.33000000000000002,0.10000000000000001,0.44900000000000001,0.254,0.082500000000000004,0.097000000000000003
0.48499999999999999,0.36499999999999999,0.155,1.0289999999999999,0.42349999999999999,0.22850000000000001,0.313
0.48999999999999999,0.35499999999999998,0.155,0.98099999999999998,0.46500000000000002,0.20150000000000001,0.2505
0.5,0.37,0.115,0.57450000000000001,0.30599999999999999,0.112,0.14099999999999999
0.505,0.38,0.13,0.69299999999999995,0.39100000000000001,0.1195,0.1515
0.51000000000000001,0.37,0.20999999999999999,1.1830000000000001,0.50800000000000001,0.29199999999999998,0.34300000000000003
0.52500000000000002,0.40999999999999998,0.13500000000000001,0.79049999999999998,0.40649999999999997,0.19800000000000001,0.17699999999999999
0.53500000000000003,0.40000000000000002,0.14999999999999999,1.224,0.61799999999999999,0.27500000000000002,0.28749999999999998
0.53500000000000003,0.40000000000000002,0.13500000000000001,0.77500000000000002,0.36799999999999999,0.20799999999999999,0.20549999999999999
0.53500000000000003,0.40500000000000003,0.17499999999999999,1.2705,0.54800000000000004,0.32650000000000001,0.33700000000000002
0.55500000000000005,0.40500000000000003,0.19,1.4059999999999999,0.61150000000000004,0.34200000000000003,0.38900000000000001
0.55500000000000005,0.42499999999999999,0.14999999999999999,0.873,0.46250000000000002,0.1845,0.19650000000000001
0.56000000000000005,0.42499999999999999,0.13500000000000001,0.9415,0.50900000000000001,0.20150000000000001,0.19750000000000001
0.58999999999999997,0.44,0.14000000000000001,1.0069999999999999,0.47749999999999998,0.21049999999999999,0.29249999999999998
0.59499999999999997,0.48499999999999999,0.14999999999999999,1.0834999999999999,0.53049999999999997,0.23100000000000001,0.27600000000000002
0.59499999999999997,0.42999999999999999,0.16500000000000001,0.98450000000000004,0.45250000000000001,0.20699999999999999,0.27250000000000002
0.59499999999999997,0.42999999999999999,0.20999999999999999,1.5245,0.65300000000000002,0.39600000000000002,0.40999999999999998
0.60999999999999999,0.47499999999999998,0.17499999999999999,1.024,0.40899999999999997,0.26100000000000001,0.32200000000000001
0.60999999999999999,0.48499999999999999,0.17000000000000001,1.2809999999999999,0.59699999999999998,0.30349999999999999,0.33000000000000002
0.62,0.5,0.17000000000000001,1.1479999999999999,0.54749999999999999,0.22,0.33150000000000002
0.625,0.48999999999999999,0.11,1.1359999999999999,0.52649999999999997,0.1915,0.29249999999999998
0.63500000000000001,0.51000000000000001,0.17000000000000001,1.2235,0.53200000000000003,0.27100000000000002,0.35399999999999998
0.63500000000000001,0.52500000000000002,0.17999999999999999,1.3694999999999999,0.63400000000000001,0.318,0.36299999999999999
0.64000000000000001,0.48499999999999999,0.16,1.006,0.45600000000000002,0.22450000000000001,0.28349999999999997
0.64000000000000001,0.495,0.16500000000000001,1.3069999999999999,0.67800000000000005,0.29199999999999998,0.26600000000000001
0.64500000000000002,0.505,0.185,1.4630000000000001,0.59199999999999997,0.39050000000000001,0.41599999999999998
0.65500000000000003,0.505,0.17499999999999999,1.2905,0.62050000000000005,0.29649999999999999,0.32600000000000001
0.67000000000000004,0.51500000000000001,0.17000000000000001,1.4265000000000001,0.66049999999999998,0.33950000000000002,0.37
0.68000000000000005,0.54000000000000004,0.20999999999999999,1.7885,0.83450000000000002,0.40799999999999997,0.437
0.69999999999999996,0.54500000000000004,0.185,1.6134999999999999,0.75,0.40350000000000003,0.36849999999999999
0.72999999999999998,0.58499999999999996,0.22500000000000001,2.2305000000000001,1.2395,0.42199999999999999,0.56299999999999994
0.75,0.61499999999999999,0.20499999999999999,2.2635000000000001,0.82099999999999995,0.42299999999999999,0.72599999999999998
0.255,0.185,0.065000000000000002,0.073999999999999996,0.030499999999999999,0.016500000000000001,0.02
0.375,0.26000000000000001,0.080000000000000002,0.20749999999999999,0.089999999999999997,0.041500000000000002,0.070000000000000007
0.375,0.28499999999999998,0.089999999999999997,0.23699999999999999,0.106,0.0395,0.080000000000000002
0.39000000000000001,0.29999999999999999,0.10000000000000001,0.26650000000000001,0.1105,0.058999999999999997,0.084000000000000005
0.39000000000000001,0.28000000000000003,0.089999999999999997,0.215,0.084500000000000006,0.034000000000000002,0.079000000000000001
0.39500000000000002,0.29999999999999999,0.089999999999999997,0.253,0.11550000000000001,0.050000000000000003,0.074999999999999997
0.41999999999999998,0.32000000000000001,0.11,0.309,0.115,0.064500000000000002,0.094500000000000001
0.435,0.33500000000000002,0.105,0.35349999999999998,0.156,0.050000000000000003,0.1135
0.435,0.32500000000000001,0.105,0.33500000000000002,0.13600000000000001,0.065000000000000002,0.115
0.44,0.32000000000000001,0.105,0.38750000000000001,0.17549999999999999,0.073999999999999996,0.12
0.45000000000000001,0.33000000000000002,0.115,0.36499999999999999,0.14000000000000001,0.082500000000000004,0.1245
0.45000000000000001,0.34000000000000002,0.125,0.40450000000000003,0.17100000000000001,0.070000000000000007,0.13450000000000001
0.45500000000000002,0.35499999999999998,0.105,0.372,0.13800000000000001,0.076499999999999999,0.13500000000000001
0.46000000000000002,0.37,0.11,0.39650000000000002,0.14849999999999999,0.085500000000000007,0.14549999999999999
0.46999999999999997,0.375,0.125,0.52249999999999996,0.22650000000000001,0.104,0.16200000000000001
0.47499999999999998,0.375,0.11,0.45600000000000002,0.182,0.099000000000000005,0.16
0.495,0.33000000000000002,0.10000000000000001,0.44,0.17699999999999999,0.095000000000000001,0.14999999999999999
0.495,0.375,0.115,0.50700000000000001,0.24099999999999999,0.10299999999999999,0.14999999999999999
0.5,0.38,0.13500000000000001,0.52849999999999997,0.22600000000000001,0.123,0.20899999999999999
0.51500000000000001,0.38500000000000001,0.125,0.57199999999999995,0.23699999999999999,0.14349999999999999,0.16500000000000001
0.52000000000000002,0.40999999999999998,0.14000000000000001,0.66249999999999998,0.27750000000000002,0.1555,0.19600000000000001
0.52000000000000002,0.39500000000000002,0.115,0.64449999999999996,0.3155,0.1245,0.186
0.52500000000000002,0.40000000000000002,0.11,0.62749999999999995,0.30149999999999999,0.126,0.17999999999999999
0.53500000000000003,0.41999999999999998,0.14499999999999999,0.6885,0.27300000000000002,0.1515,0.23699999999999999
0.53500000000000003,0.40999999999999998,0.12,0.6835,0.3125,0.16550000000000001,0.159
0.54000000000000004,0.41999999999999998,0.19,0.6855,0.29299999999999998,0.16300000000000001,0.38
0.55000000000000004,0.40500000000000003,0.14999999999999999,0.67549999999999999,0.30149999999999999,0.14649999999999999,0.20999999999999999
0.55000000000000004,0.44500000000000001,0.14499999999999999,0.78300000000000003,0.30449999999999999,0.157,0.26500000000000001
0.56000000000000005,0.45000000000000001,0.14499999999999999,0.89400000000000002,0.38850000000000001,0.20949999999999999,0.26400000000000001
0.56499999999999995,0.44,0.13500000000000001,0.76800000000000002,0.33050000000000002,0.13850000000000001,0.2475
0.56999999999999995,0.45000000000000001,0.14499999999999999,0.94999999999999996,0.40050000000000002,0.2235,0.28449999999999998
0.56999999999999995,0.46999999999999997,0.14000000000000001,0.871,0.38500000000000001,0.21099999999999999,0.23150000000000001
0.57499999999999996,0.46999999999999997,0.14999999999999999,0.97850000000000004,0.45050000000000001,0.19600000000000001,0.27600000000000002
0.57499999999999996,0.42999999999999999,0.13,0.74250000000000005,0.28949999999999998,0.20050000000000001,0.22
0.57499999999999996,0.44500000000000001,0.14000000000000001,0.73699999999999999,0.32500000000000001,0.14050000000000001,0.23699999999999999
0.57499999999999996,0.44500000000000001,0.16,0.91749999999999998,0.45000000000000001,0.19350000000000001,0.23999999999999999
0.57999999999999996,0.435,0.155,0.87849999999999995,0.42499999999999999,0.16850000000000001,0.24249999999999999
0.58499999999999996,0.45000000000000001,0.17499999999999999,1.1274999999999999,0.49249999999999999,0.26200000000000001,0.33500000000000002
0.58999999999999997,0.435,0.16500000000000001,0.97650000000000003,0.45250000000000001,0.23949999999999999,0.23499999999999999
0.58999999999999997,0.46999999999999997,0.14499999999999999,0.97399999999999998,0.45300000000000001,0.23599999999999999,0.28899999999999998
0.58999999999999997,0.40500000000000003,0.14999999999999999,0.85299999999999998,0.32600000000000001,0.26150000000000001,0.245
0.59499999999999997,0.46999999999999997,0.17499999999999999,0.99099999999999999,0.38200000000000001,0.23949999999999999,0.5
0.59499999999999997,0.47999999999999998,0.14000000000000001,0.91249999999999998,0.40949999999999998,0.1825,0.28899999999999998
0.59499999999999997,0.46000000000000002,0.16,0.92100000000000004,0.40050000000000002,0.20250000000000001,0.28749999999999998
0.59999999999999998,0.45000000000000001,0.14000000000000001,0.86899999999999999,0.34250000000000003,0.19500000000000001,0.29099999999999998
0.59999999999999998,0.45000000000000001,0.14999999999999999,0.86650000000000005,0.3695,0.19550000000000001,0.255
0.60999999999999999,0.495,0.16,1.089,0.46899999999999997,0.19800000000000001,0.38400000000000001
0.61499999999999999,0.48499999999999999,0.215,0.96150000000000002,0.42199999999999999,0.17599999999999999,0.28999999999999998
0.61499999999999999,0.48999999999999999,0.17000000000000001,1.145,0.49149999999999999,0.20799999999999999,0.34300000000000003
0.62,0.47499999999999998,0.16,0.90700000000000003,0.371,0.16700000000000001,0.3075
0.625,0.51500000000000001,0.155,1.1635,0.48749999999999999,0.25900000000000001,0.35499999999999998
0.63,0.51500000000000001,0.17499999999999999,1.1955,0.49199999999999999,0.247,0.37
0.63,0.495,0.17999999999999999,1.3100000000000001,0.495,0.29499999999999998,0.46949999999999997
0.63500000000000001,0.505,0.16500000000000001,1.2509999999999999,0.57699999999999996,0.22700000000000001,0.38250000000000001
0.63500000000000001,0.48999999999999999,0.155,1.145,0.47749999999999998,0.30349999999999999,0.3155
0.63500000000000001,0.5,0.17999999999999999,1.1539999999999999,0.4405,0.23150000000000001,0.38700000000000001
0.64000000000000001,0.48499999999999999,0.14499999999999999,1.1335,0.55249999999999999,0.2505,0.30149999999999999
0.64000000000000001,0.5,0.14999999999999999,1.2015,0.55900000000000005,0.23100000000000001,0.33550000000000002
0.65000000000000002,0.505,0.17000000000000001,1.5595000000000001,0.69499999999999995,0.35149999999999998,0.39500000000000002
0.65000000000000002,0.51000000000000001,0.17499999999999999,1.3165,0.63449999999999995,0.26050000000000001,0.36399999999999999
0.65500000000000003,0.54000000000000004,0.16500000000000001,1.403,0.69550000000000001,0.23849999999999999,0.41999999999999998
0.65500000000000003,0.48999999999999999,0.16,1.204,0.54549999999999998,0.26150000000000001,0.32250000000000001
0.65500000000000003,0.45500000000000002,0.17000000000000001,1.2895000000000001,0.58699999999999997,0.3165,0.34150000000000003
0.66000000000000003,0.53000000000000003,0.17999999999999999,1.5175000000000001,0.77649999999999997,0.30199999999999999,0.40100000000000002
0.66500000000000004,0.52500000000000002,0.155,1.3574999999999999,0.53249999999999997,0.30449999999999999,0.44850000000000001
0.67500000000000004,0.52000000000000002,0.14499999999999999,1.3645,0.55700000000000005,0.34050000000000002,0.38500000000000001
0.68000000000000005,0.52000000000000002,0.185,1.494,0.61499999999999999,0.39350000000000002,0.40600000000000003
0.68000000000000005,0.56000000000000005,0.19500000000000001,1.6639999999999999,0.57999999999999996,0.38550000000000001,0.54500000000000004
0.68500000000000005,0.51000000000000001,0.16500000000000001,1.5449999999999999,0.68600000000000005,0.3775,0.40550000000000003
0.69499999999999995,0.53500000000000003,0.20000000000000001,1.5854999999999999,0.66700000000000004,0.33400000000000002,0.47099999999999997
0.69999999999999996,0.55500000000000005,0.22,1.6659999999999999,0.64700000000000002,0.42849999999999999,0.45500000000000002
0.70999999999999996,0.56000000000000005,0.17499999999999999,1.724,0.56599999999999995,0.45750000000000002,0.46250000000000002
0.72999999999999998,0.55000000000000004,0.20499999999999999,1.9079999999999999,0.54149999999999998,0.35649999999999998,0.59650000000000003
0.755,0.57499999999999996,0.20000000000000001,2.073,1.0135000000000001,0.46550000000000002,0.47999999999999998
0.22500000000000001,0.17000000000000001,0.050000000000000003,0.051499999999999997,0.019,0.012,0.017000000000000001
0.23000000000000001,0.17000000000000001,0.050000000000000003,0.057000000000000002,0.025999999999999999,0.012999999999999999,0.016
0.255,0.185,0.059999999999999998,0.092499999999999999,0.039,0.021000000000000001,0.025000000000000001
0.35499999999999998,0.27000000000000002,0.074999999999999997,0.20399999999999999,0.30449999999999999,0.045999999999999999,0.059499999999999997
0.42499999999999999,0.31,0.095000000000000001,0.3075,0.13900000000000001,0.074499999999999997,0.092999999999999999
0.42499999999999999,0.32000000000000001,0.085000000000000006,0.26200000000000001,0.1235,0.067000000000000004,0.072499999999999995
0.45500000000000002,0.34999999999999998,0.11,0.45800000000000002,0.20000000000000001,0.111,0.1305
0.46000000000000002,0.35499999999999998,0.14000000000000001,0.49099999999999999,0.20699999999999999,0.115,0.17399999999999999
0.495,0.38,0.12,0.47399999999999998,0.19700000000000001,0.1065,0.1545
0.51000000000000001,0.39500000000000002,0.125,0.58050000000000002,0.24399999999999999,0.13350000000000001,0.188
0.52000000000000002,0.42999999999999999,0.14999999999999999,0.72799999999999998,0.30199999999999999,0.1575,0.23499999999999999
0.52500000000000002,0.40000000000000002,0.13,0.622,0.26550000000000001,0.14699999999999999,0.184
0.53000000000000003,0.41499999999999998,0.12,0.70599999999999996,0.33550000000000002,0.16350000000000001,0.13450000000000001
0.53000000000000003,0.39500000000000002,0.115,0.56850000000000001,0.249,0.13750000000000001,0.161
0.54500000000000004,0.435,0.14499999999999999,0.9385,0.36849999999999999,0.1245,0.34499999999999997
0.55000000000000004,0.42999999999999999,0.14999999999999999,0.65500000000000003,0.26350000000000001,0.122,0.221
0.57499999999999996,0.47999999999999998,0.14999999999999999,0.94650000000000001,0.4355,0.26050000000000001,0.2505
0.57999999999999996,0.42999999999999999,0.125,0.91149999999999998,0.44600000000000001,0.20749999999999999,0.121
0.59499999999999997,0.45500000000000002,0.14499999999999999,0.94199999999999995,0.42999999999999999,0.182,0.27700000000000002
0.59999999999999998,0.46500000000000002,0.17999999999999999,1.1930000000000001,0.51449999999999996,0.315,0.30549999999999999
0.64500000000000002,0.5,0.17999999999999999,1.4610000000000001,0.59850000000000003,0.24249999999999999,0.439
0.66000000000000003,0.52500000000000002,0.20000000000000001,1.4890000000000001,0.60650000000000004,0.3795,0.42099999999999999
0.28999999999999998,0.215,0.059999999999999998,0.1115,0.052999999999999999,0.018499999999999999,0.032000000000000001
0.29999999999999999,0.22,0.065000000000000002,0.1235,0.058999999999999997,0.025999999999999999,0.0315
0.37,0.27500000000000002,0.10000000000000001,0.28149999999999997,0.15049999999999999,0.050500000000000003,0.068000000000000005
0.375,0.28499999999999998,0.080000000000000002,0.22600000000000001,0.097500000000000003,0.040000000000000001,0.072499999999999995
0.38,0.28999999999999998,0.085000000000000006,0.22850000000000001,0.087999999999999995,0.0465,0.074999999999999997
0.39500000000000002,0.29999999999999999,0.12,0.29949999999999999,0.1265,0.068000000000000005,0.089499999999999996
0.40999999999999998,0.32500000000000001,0.105,0.36099999999999999,0.1605,0.066500000000000004,0.10299999999999999
0.41499999999999998,0.32000000000000001,0.115,0.30449999999999999,0.1215,0.073499999999999996,0.094
0.42499999999999999,0.32500000000000001,0.105,0.39750000000000002,0.18149999999999999,0.081000000000000003,0.11749999999999999
0.44,0.34000000000000002,0.10000000000000001,0.379,0.17249999999999999,0.081500000000000003,0.10100000000000001
0.44,0.34000000000000002,0.12,0.4995,0.29649999999999999,0.094500000000000001,0.11849999999999999
0.46500000000000002,0.40500000000000003,0.13500000000000001,0.77749999999999997,0.436,0.17150000000000001,0.14549999999999999
0.46999999999999997,0.35999999999999999,0.10000000000000001,0.47049999999999997,0.16350000000000001,0.088999999999999996,0.13850000000000001
0.51000000000000001,0.41499999999999998,0.14499999999999999,0.751,0.32950000000000002,0.1835,0.20300000000000001
0.52500000000000002,0.40000000000000002,0.13500000000000001,0.71399999999999997,0.318,0.13800000000000001,0.20799999999999999
0.52500000000000002,0.40000000000000002,0.13,0.69950000000000001,0.3115,0.13100000000000001,0.223
0.55000000000000004,0.42499999999999999,0.14000000000000001,0.95199999999999996,0.48949999999999999,0.19450000000000001,0.2185
0.56000000000000005,0.41999999999999998,0.14999999999999999,0.87549999999999994,0.44,0.19650000000000001,0.23150000000000001
0.57499999999999996,0.45000000000000001,0.13500000000000001,0.92149999999999999,0.35399999999999998,0.20899999999999999,0.23649999999999999
0.57499999999999996,0.45000000000000001,0.13500000000000001,0.82850000000000001,0.36199999999999999,0.16550000000000001,0.23599999999999999
0.58499999999999996,0.46000000000000002,0.14999999999999999,1.206,0.58099999999999996,0.216,0.32300000000000001
0.61499999999999999,0.495,0.155,1.2865,0.435,0.29299999999999998,0.32450000000000001
0.62,0.48499999999999999,0.155,1.1944999999999999,0.51049999999999995,0.27100000000000002,0.35199999999999998
0.63,0.495,0.19,1.1655,0.53600000000000003,0.21149999999999999,0.16250000000000001
0.63,0.48999999999999999,0.17000000000000001,1.2155,0.46250000000000002,0.20449999999999999,0.3105
0.67000000000000004,0.51500000000000001,0.16500000000000001,1.1735,0.52600000000000002,0.28499999999999998,0.316
0.67500000000000004,0.505,0.16,1.532,0.73999999999999999,0.35699999999999998,0.38150000000000001
0.68500000000000005,0.53000000000000003,0.17000000000000001,1.5105,0.73850000000000005,0.35249999999999998,0.3725
0.48499999999999999,0.39000000000000001,0.10000000000000001,0.55649999999999999,0.2215,0.11550000000000001,0.185
0.46000000000000002,0.35999999999999999,0.125,0.54700000000000004,0.2165,0.1105,0.19
0.46000000000000002,0.34999999999999998,0.125,0.51649999999999996,0.1885,0.1145,0.185
0.53500000000000003,0.41999999999999998,0.125,0.76400000000000001,0.312,0.15049999999999999,0.26500000000000001
0.46500000000000002,0.35999999999999999,0.105,0.48799999999999999,0.188,0.084500000000000006,0.19
0.51000000000000001,0.40000000000000002,0.14000000000000001,0.6905,0.25900000000000001,0.151,0.23000000000000001
0.33500000000000002,0.26000000000000001,0.089999999999999997,0.1835,0.078,0.024,0.065000000000000002
0.55000000000000004,0.42499999999999999,0.16,0.96999999999999997,0.28849999999999998,0.13900000000000001,0.47999999999999998
0.17999999999999999,0.13500000000000001,0.080000000000000002,0.033000000000000002,0.014500000000000001,0.0070000000000000001,0.01
0.215,0.16500000000000001,0.055,0.058999999999999997,0.026499999999999999,0.012500000000000001,0.018499999999999999
0.20000000000000001,0.14999999999999999,0.040000000000000001,0.045999999999999999,0.021000000000000001,0.0070000000000000001,0.0064999999999999997
0.625,0.47999999999999998,0.20000000000000001,1.3234999999999999,0.60750000000000004,0.30549999999999999,0.35499999999999998
0.55000000000000004,0.41999999999999998,0.17000000000000001,0.84650000000000003,0.33600000000000002,0.24049999999999999,0.245
0.58499999999999996,0.45000000000000001,0.14999999999999999,1.0469999999999999,0.43149999999999999,0.27600000000000002,0.315
0.64500000000000002,0.5,0.17999999999999999,1.2785,0.53449999999999998,0.29949999999999999,0.34499999999999997
0.70999999999999996,0.53000000000000003,0.19500000000000001,1.8745000000000001,0.67549999999999999,0.40649999999999997,0.6855
0.69999999999999996,0.54000000000000004,0.215,1.978,0.66749999999999998,0.3125,0.70999999999999996
0.65500000000000003,0.505,0.16500000000000001,1.367,0.58350000000000002,0.35149999999999998,0.39600000000000002
0.66500000000000004,0.5,0.17499999999999999,1.742,0.59499999999999997,0.30249999999999999,0.72499999999999998
0.46999999999999997,0.375,0.105,0.51300000000000001,0.23200000000000001,0.14199999999999999,0.13
0.42499999999999999,0.33500000000000002,0.10000000000000001,0.40849999999999997,0.17549999999999999,0.091999999999999998,0.13500000000000001
0.54000000000000004,0.40999999999999998,0.13,0.56000000000000005,0.23749999999999999,0.1065,0.17499999999999999
0.505,0.39500000000000002,0.125,0.63500000000000001,0.28999999999999998,0.1555,0.17499999999999999
0.53500000000000003,0.44,0.16500000000000001,0.875,0.27900000000000003,0.17999999999999999,0.29999999999999999
0.42999999999999999,0.34999999999999998,0.089999999999999997,0.39700000000000002,0.1575,0.088999999999999996,0.12
0.55000000000000004,0.435,0.11,0.80600000000000005,0.34150000000000003,0.20300000000000001,0.215
0.34000000000000002,0.255,0.085000000000000006,0.20399999999999999,0.097000000000000003,0.021000000000000001,0.050000000000000003
0.27500000000000002,0.20000000000000001,0.065000000000000002,0.11650000000000001,0.056500000000000002,0.012999999999999999,0.035000000000000003
0.33500000000000002,0.22,0.070000000000000007,0.17000000000000001,0.075999999999999998,0.036499999999999998,0.050000000000000003
0.64000000000000001,0.48999999999999999,0.14000000000000001,1.194,0.44450000000000001,0.23799999999999999,0.375
0.55000000000000004,0.44,0.125,0.76500000000000001,0.33000000000000002,0.21249999999999999,0.245
0.64000000000000001,0.47499999999999998,0.19,1.151,0.4365,0.28100000000000003,0.3805
0.54500000000000004,0.40999999999999998,0.115,0.67649999999999999,0.28999999999999998,0.158,0.22
0.64000000000000001,0.54000000000000004,0.17499999999999999,1.571,0.627,0.27100000000000002,0.47499999999999998
0.60499999999999998,0.48999999999999999,0.155,1.153,0.503,0.2505,0.29499999999999998
0.60499999999999998,0.46999999999999997,0.115,1.1140000000000001,0.39250000000000002,0.29099999999999998,0.31
0.56000000000000005,0.45000000000000001,0.155,0.91249999999999998,0.35949999999999999,0.27100000000000002,0.34999999999999998
0.56999999999999995,0.46500000000000002,0.155,0.872,0.32450000000000001,0.23899999999999999,0.28499999999999998
0.52500000000000002,0.40500000000000003,0.16,0.79200000000000004,0.316,0.14549999999999999,0.28000000000000003
0.505,0.40500000000000003,0.17999999999999999,0.60599999999999998,0.23899999999999999,0.1235,0.17999999999999999
0.34999999999999998,0.26500000000000001,0.089999999999999997,0.22650000000000001,0.099500000000000005,0.057500000000000002,0.065000000000000002
0.45000000000000001,0.35499999999999998,0.12,0.39550000000000002,0.14699999999999999,0.076499999999999999,0.14499999999999999
0.51000000000000001,0.40500000000000003,0.12,0.60999999999999999,0.22900000000000001,0.13100000000000001,0.23499999999999999
0.48999999999999999,0.38,0.13,0.53900000000000003,0.22900000000000001,0.13550000000000001,0.16500000000000001
0.505,0.40999999999999998,0.13500000000000001,0.65700000000000003,0.29099999999999998,0.13300000000000001,0.19500000000000001
0.38,0.29999999999999999,0.10000000000000001,0.2505,0.106,0.053499999999999999,0.077499999999999999
0.27000000000000002,0.19500000000000001,0.070000000000000007,0.10199999999999999,0.044999999999999998,0.0135,0.034000000000000002
0.37,0.29499999999999998,0.10000000000000001,0.26850000000000002,0.11650000000000001,0.056000000000000001,0.083500000000000005
0.5,0.38500000000000001,0.13500000000000001,0.55100000000000005,0.22450000000000001,0.071499999999999994,0.20599999999999999
0.64500000000000002,0.505,0.16500000000000001,1.3069999999999999,0.4335,0.26200000000000001,0.52000000000000002
0.56499999999999995,0.44,0.115,0.91849999999999998,0.40400000000000003,0.17849999999999999,0.28999999999999998
0.67000000000000004,0.54500000000000004,0.17499999999999999,1.7070000000000001,0.69950000000000001,0.38700000000000001,0.57499999999999996
0.58999999999999997,0.41499999999999998,0.14999999999999999,0.88049999999999995,0.36449999999999999,0.23400000000000001,0.23499999999999999
0.46999999999999997,0.35999999999999999,0.11,0.4965,0.23699999999999999,0.127,0.13
0.51000000000000001,0.38500000000000001,0.13500000000000001,0.63200000000000001,0.28199999999999997,0.14499999999999999,0.17000000000000001
0.71999999999999997,0.57499999999999996,0.23000000000000001,2.2694999999999999,0.88349999999999995,0.39850000000000002,0.66500000000000004
0.55000000000000004,0.40500000000000003,0.14999999999999999,0.92349999999999999,0.41199999999999998,0.2135,0.23999999999999999
0.20000000000000001,0.14499999999999999,0.025000000000000001,0.034500000000000003,0.010999999999999999,0.0074999999999999997,0.01
0.65000000000000002,0.51500000000000001,0.17999999999999999,1.3314999999999999,0.5665,0.34699999999999998,0.40500000000000003
0.52500000000000002,0.40500000000000003,0.115,0.71999999999999997,0.3105,0.1915,0.20000000000000001
0.56499999999999995,0.435,0.185,1.032,0.35399999999999998,0.20449999999999999,0.31
0.60999999999999999,0.46999999999999997,0.16,1.0169999999999999,0.42599999999999999,0.22550000000000001,0.32000000000000001
0.54500000000000004,0.40500000000000003,0.17499999999999999,0.97999999999999998,0.25850000000000001,0.20699999999999999,0.38
0.32500000000000001,0.245,0.074999999999999997,0.14949999999999999,0.060499999999999998,0.033000000000000002,0.044999999999999998
0.31,0.23499999999999999,0.074999999999999997,0.1515,0.056000000000000001,0.0315,0.050000000000000003
0.45000000000000001,0.33500000000000002,0.14000000000000001,0.47799999999999998,0.1865,0.115,0.16
0.48999999999999999,0.38,0.155,0.57799999999999996,0.23949999999999999,0.1255,0.17999999999999999
0.505,0.40500000000000003,0.16,0.6835,0.27100000000000002,0.14499999999999999,0.215
0.38500000000000001,0.29999999999999999,0.10000000000000001,0.27250000000000002,0.1115,0.057000000000000002,0.080000000000000002
0.62,0.48499999999999999,0.22,1.5109999999999999,0.50949999999999995,0.28399999999999997,0.51000000000000001
0.63500000000000001,0.505,0.185,1.3035000000000001,0.501,0.29499999999999998,0.40999999999999998
0.66500000000000004,0.53000000000000003,0.185,1.3955,0.45600000000000002,0.32050000000000001,0.48999999999999999
0.33500000000000002,0.26500000000000001,0.095000000000000001,0.19750000000000001,0.079500000000000001,0.037499999999999999,0.070000000000000007
0.29499999999999998,0.215,0.074999999999999997,0.11600000000000001,0.036999999999999998,0.029499999999999998,0.040000000000000001
0.47999999999999998,0.38,0.125,0.52300000000000002,0.21049999999999999,0.1045,0.17499999999999999
0.32000000000000001,0.25,0.080000000000000002,0.1565,0.057000000000000002,0.034000000000000002,0.059999999999999998
0.42999999999999999,0.34000000000000002,0.125,0.38400000000000001,0.13750000000000001,0.060999999999999999,0.14599999999999999
0.56499999999999995,0.45000000000000001,0.14000000000000001,1.0055000000000001,0.3785,0.24399999999999999,0.26500000000000001
0.59999999999999998,0.47999999999999998,0.16500000000000001,1.1345000000000001,0.45350000000000001,0.27000000000000002,0.33500000000000002
0.58499999999999996,0.46000000000000002,0.17000000000000001,1.0834999999999999,0.3745,0.32600000000000001,0.32500000000000001
0.55500000000000005,0.41999999999999998,0.14000000000000001,0.86799999999999999,0.33000000000000002,0.24299999999999999,0.20999999999999999
0.56999999999999995,0.495,0.16,1.0914999999999999,0.45200000000000001,0.27500000000000002,0.315
0.62,0.48499999999999999,0.17499999999999999,1.2709999999999999,0.53100000000000003,0.3075,0.37
0.63,0.51000000000000001,0.19,1.4984999999999999,0.41249999999999998,0.3075,0.54500000000000004
0.42499999999999999,0.34000000000000002,0.12,0.38800000000000001,0.14899999999999999,0.086999999999999994,0.125
0.64000000000000001,0.505,0.19,1.2355,0.44350000000000001,0.3105,0.36499999999999999
0.67500000000000004,0.52500000000000002,0.17499999999999999,1.4019999999999999,0.48299999999999998,0.32050000000000001,0.46500000000000002
0.5,0.40000000000000002,0.14499999999999999,0.60250000000000004,0.216,0.13800000000000001,0.20999999999999999
0.38500000000000001,0.30499999999999999,0.089999999999999997,0.27750000000000002,0.109,0.051499999999999997,0.10000000000000001
0.52000000000000002,0.435,0.19500000000000001,0.97299999999999998,0.29849999999999999,0.2135,0.35499999999999998
0.52000000000000002,0.41499999999999998,0.17499999999999999,0.753,0.25800000000000001,0.17100000000000001,0.255
0.64000000000000001,0.52500000000000002,0.20000000000000001,1.3765000000000001,0.44,0.3075,0.46999999999999997
0.44,0.34999999999999998,0.12,0.375,0.14249999999999999,0.096500000000000002,0.115
0.41999999999999998,0.32000000000000001,0.13,0.41349999999999998,0.16450000000000001,0.106,0.11899999999999999
0.45000000000000001,0.34999999999999998,0.13500000000000001,0.56000000000000005,0.23100000000000001,0.13700000000000001,0.14499999999999999
0.41999999999999998,0.32500000000000001,0.125,0.39150000000000001,0.1575,0.10249999999999999,0.115
0.64000000000000001,0.505,0.19,1.2765,0.48349999999999999,0.32800000000000001,0.40000000000000002
0.56999999999999995,0.45500000000000002,0.14999999999999999,0.95999999999999996,0.38700000000000001,0.23849999999999999,0.27500000000000002
0.40999999999999998,0.32500000000000001,0.12,0.3745,0.158,0.081000000000000003,0.125
0.48499999999999999,0.40999999999999998,0.14999999999999999,0.69599999999999995,0.24049999999999999,0.16250000000000001,0.26500000000000001
0.60999999999999999,0.47999999999999998,0.19,1.2955000000000001,0.52149999999999996,0.32250000000000001,0.36499999999999999
0.58999999999999997,0.48499999999999999,0.20499999999999999,1.2315,0.45250000000000001,0.23799999999999999,0.41999999999999998
0.66500000000000004,0.53500000000000003,0.155,1.383,0.59599999999999997,0.25650000000000001,0.48499999999999999
0.34499999999999997,0.28499999999999998,0.10000000000000001,0.2225,0.086499999999999994,0.058000000000000003,0.074999999999999997
0.63500000000000001,0.51000000000000001,0.155,1.1559999999999999,0.42799999999999999,0.28899999999999998,0.315
0.69499999999999995,0.53000000000000003,0.14999999999999999,1.4770000000000001,0.63749999999999996,0.30249999999999999,0.42999999999999999
0.68999999999999995,0.54000000000000004,0.185,1.5714999999999999,0.69350000000000001,0.318,0.46999999999999997
0.55500000000000005,0.435,0.13500000000000001,0.85799999999999998,0.377,0.1585,0.28999999999999998
0.65000000000000002,0.52500000000000002,0.19,1.4995000000000001,0.62649999999999995,0.40050000000000002,0.39500000000000002
0.63500000000000001,0.47999999999999998,0.19,1.4670000000000001,0.58250000000000002,0.30299999999999999,0.41999999999999998
0.65500000000000003,0.51000000000000001,0.16,1.0920000000000001,0.39600000000000002,0.28249999999999997,0.37
0.68999999999999995,0.55500000000000005,0.20499999999999999,1.8165,0.77849999999999997,0.4395,0.51500000000000001
0.69499999999999995,0.55000000000000004,0.16,1.6365000000000001,0.69399999999999995,0.30049999999999999,0.44
0.55000000000000004,0.435,0.16,0.90600000000000003,0.34200000000000003,0.219,0.29499999999999998
0.60999999999999999,0.495,0.19,1.2130000000000001,0.46400000000000002,0.30599999999999999,0.36499999999999999
0.59499999999999997,0.5,0.16500000000000001,1.0600000000000001,0.40200000000000002,0.28000000000000003,0.27500000000000002
0.29999999999999999,0.23999999999999999,0.089999999999999997,0.161,0.072499999999999995,0.039,0.050000000000000003
0.435,0.34999999999999998,0.125,0.45900000000000002,0.19700000000000001,0.1145,0.14499999999999999
0.45500000000000002,0.375,0.125,0.53300000000000003,0.23300000000000001,0.106,0.185
0.47999999999999998,0.38,0.13,0.61750000000000005,0.29999999999999999,0.14199999999999999,0.17499999999999999
0.42999999999999999,0.34999999999999998,0.105,0.36599999999999999,0.17050000000000001,0.085500000000000007,0.11
0.435,0.34999999999999998,0.105,0.41949999999999998,0.19400000000000001,0.10050000000000001,0.13
0.29999999999999999,0.23000000000000001,0.074999999999999997,0.14999999999999999,0.060499999999999998,0.042000000000000003,0.044999999999999998
0.57499999999999996,0.47999999999999998,0.14999999999999999,0.87450000000000006,0.375,0.193,0.28999999999999998
0.505,0.38500000000000001,0.11,0.65500000000000003,0.31850000000000001,0.14999999999999999,0.185
0.45500000000000002,0.375,0.125,0.48399999999999999,0.2155,0.10199999999999999,0.16500000000000001
0.64000000000000001,0.505,0.16500000000000001,1.4435,0.61450000000000005,0.30349999999999999,0.39000000000000001
0.56000000000000005,0.435,0.125,0.87749999999999995,0.33450000000000002,0.2145,0.28999999999999998
0.64500000000000002,0.52000000000000002,0.19,1.3105,0.57999999999999996,0.28799999999999998,0.37
0.59499999999999997,0.48499999999999999,0.14499999999999999,1.2515000000000001,0.50349999999999995,0.29249999999999998,0.33000000000000002
0.56499999999999995,0.45000000000000001,0.115,0.90849999999999997,0.39800000000000002,0.19700000000000001,0.28999999999999998
0.65500000000000003,0.5,0.14000000000000001,1.1705000000000001,0.54049999999999998,0.3175,0.28499999999999998
0.47999999999999998,0.38,0.13500000000000001,0.52800000000000002,0.20000000000000001,0.13950000000000001,0.16
0.495,0.38500000000000001,0.13500000000000001,0.66249999999999998,0.30049999999999999,0.16350000000000001,0.185
0.40000000000000002,0.33500000000000002,0.115,0.4335,0.21049999999999999,0.1205,0.12
0.40999999999999998,0.31,0.125,0.35949999999999999,0.14149999999999999,0.088499999999999995,0.115
0.59499999999999997,0.46500000000000002,0.14499999999999999,1.107,0.40200000000000002,0.24149999999999999,0.31
0.625,0.47499999999999998,0.13,0.85950000000000004,0.31950000000000001,0.17749999999999999,0.23999999999999999
0.52000000000000002,0.42499999999999999,0.155,0.77349999999999997,0.29699999999999999,0.123,0.255
0.46500000000000002,0.35999999999999999,0.125,0.4365,0.16900000000000001,0.1075,0.14499999999999999
0.47499999999999998,0.375,0.14000000000000001,0.501,0.192,0.11749999999999999,0.17499999999999999
0.5,0.40500000000000003,0.14000000000000001,0.67349999999999999,0.26500000000000001,0.124,0.25
0.46000000000000002,0.35499999999999998,0.11,0.41499999999999998,0.215,0.082000000000000003,0.13
0.48499999999999999,0.38500000000000001,0.125,0.47749999999999998,0.20000000000000001,0.0785,0.17000000000000001
0.46500000000000002,0.39000000000000001,0.14000000000000001,0.55549999999999999,0.21299999999999999,0.1075,0.215
0.52500000000000002,0.41499999999999998,0.16,0.64449999999999996,0.26000000000000001,0.1575,0.22
0.65500000000000003,0.53000000000000003,0.19,1.4279999999999999,0.49299999999999999,0.318,0.56499999999999995
0.68999999999999995,0.54000000000000004,0.185,1.6194999999999999,0.53300000000000003,0.35299999999999998,0.55500000000000005
0.55000000000000004,0.45000000000000001,0.17000000000000001,0.81000000000000005,0.317,0.157,0.22
0.57999999999999996,0.47499999999999998,0.16500000000000001,1.0385,0.41399999999999998,0.26000000000000001,0.30499999999999999
0.58999999999999997,0.47499999999999998,0.155,0.97150000000000003,0.371,0.23499999999999999,0.28000000000000003
0.56499999999999995,0.44,0.155,0.86799999999999999,0.34799999999999998,0.217,0.26000000000000001
0.66500000000000004,0.56999999999999995,0.185,1.522,0.69650000000000001,0.30249999999999999,0.40500000000000003
0.62,0.51000000000000001,0.17499999999999999,1.1254999999999999,0.4985,0.22700000000000001,0.315
0.55000000000000004,0.46000000000000002,0.13,0.70850000000000002,0.30499999999999999,0.14549999999999999,0.20499999999999999
0.60499999999999998,0.47499999999999998,0.14499999999999999,1.0185,0.46949999999999997,0.22500000000000001,0.27000000000000002
0.53500000000000003,0.41999999999999998,0.16,0.71999999999999997,0.27500000000000002,0.16400000000000001,0.22500000000000001
0.51000000000000001,0.39500000000000002,0.12,0.61750000000000005,0.26200000000000001,0.122,0.193
0.53000000000000003,0.40500000000000003,0.13,0.73799999999999999,0.28449999999999998,0.17000000000000001,0.193
0.495,0.375,0.14999999999999999,0.59699999999999998,0.26150000000000001,0.13500000000000001,0.17799999999999999
0.57499999999999996,0.45500000000000002,0.185,1.1559999999999999,0.55249999999999999,0.24299999999999999,0.29499999999999998
0.63,0.5,0.16,1.22,0.49049999999999999,0.29999999999999999,0.34499999999999997
0.58999999999999997,0.45000000000000001,0.12,0.74850000000000005,0.33450000000000002,0.13150000000000001,0.22
0.60499999999999998,0.48499999999999999,0.16500000000000001,1.0734999999999999,0.437,0.20499999999999999,0.33000000000000002
0.64500000000000002,0.5,0.19,1.2290000000000001,0.52400000000000002,0.27800000000000002,0.39500000000000002
0.62,0.5,0.17499999999999999,1.1459999999999999,0.47699999999999998,0.23000000000000001,0.39000000000000001
0.60499999999999998,0.48499999999999999,0.17499999999999999,1.145,0.4325,0.27000000000000002,0.40500000000000003
0.61499999999999999,0.5,0.20499999999999999,1.1054999999999999,0.44450000000000001,0.22700000000000001,0.39000000000000001
0.66000000000000003,0.52500000000000002,0.19,1.6699999999999999,0.65249999999999997,0.48749999999999999,0.48999999999999999
0.70999999999999996,0.57499999999999996,0.17499999999999999,1.5549999999999999,0.64649999999999996,0.3705,0.52000000000000002
0.56499999999999995,0.45000000000000001,0.185,0.92849999999999999,0.30199999999999999,0.18049999999999999,0.26500000000000001
0.56999999999999995,0.435,0.14000000000000001,0.8085,0.32350000000000001,0.183,0.22
0.59999999999999998,0.44500000000000001,0.17499999999999999,1.0569999999999999,0.38300000000000001,0.216,0.35499999999999998
0.40999999999999998,0.29999999999999999,0.115,0.25950000000000001,0.097000000000000003,0.051499999999999997,0.080000000000000002
0.45000000000000001,0.32500000000000001,0.13500000000000001,0.438,0.18049999999999999,0.11650000000000001,0.11
0.27500000000000002,0.20000000000000001,0.080000000000000002,0.099000000000000005,0.036999999999999998,0.024,0.029999999999999999
0.48499999999999999,0.35499999999999998,0.12,0.50849999999999995,0.20999999999999999,0.122,0.13500000000000001
0.62,0.48499999999999999,0.16500000000000001,1.1659999999999999,0.48299999999999998,0.23799999999999999,0.35499999999999998
0.47999999999999998,0.38,0.13500000000000001,0.50700000000000001,0.1915,0.13650000000000001,0.155
0.505,0.40999999999999998,0.14999999999999999,0.63449999999999995,0.24299999999999999,0.13350000000000001,0.215
0.40000000000000002,0.31,0.11,0.314,0.13800000000000001,0.057000000000000002,0.10000000000000001
0.45000000000000001,0.35499999999999998,0.115,0.4385,0.184,0.108,0.1125
0.34999999999999998,0.26000000000000001,0.089999999999999997,0.19500000000000001,0.074499999999999997,0.041000000000000002,0.065500000000000003
0.44,0.34999999999999998,0.14000000000000001,0.45100000000000001,0.17100000000000001,0.070499999999999993,0.184
0.26500000000000001,0.20000000000000001,0.065000000000000002,0.084000000000000005,0.034000000000000002,0.010500000000000001,0.029999999999999999
0.16500000000000001,0.125,0.040000000000000001,0.024500000000000001,0.0094999999999999998,0.0044999999999999997,0.0080000000000000002
0.70499999999999996,0.55500000000000005,0.20000000000000001,1.4684999999999999,0.47149999999999997,0.32350000000000001,0.52000000000000002
0.53500000000000003,0.42499999999999999,0.155,0.77649999999999997,0.30199999999999999,0.1565,0.25
0.48999999999999999,0.38500000000000001,0.14000000000000001,0.54249999999999998,0.19800000000000001,0.127,0.17499999999999999
0.47999999999999998,0.37,0.13,0.58850000000000002,0.2475,0.15049999999999999,0.1595
0.39500000000000002,0.29999999999999999,0.105,0.33750000000000002,0.14349999999999999,0.075499999999999998,0.098000000000000004
0.375,0.28000000000000003,0.10000000000000001,0.25650000000000001,0.11650000000000001,0.058500000000000003,0.072499999999999995
0.34499999999999997,0.26500000000000001,0.089999999999999997,0.16300000000000001,0.061499999999999999,0.036999999999999998,0.048500000000000001
0.55000000000000004,0.41499999999999998,0.13500000000000001,0.8095,0.29849999999999999,0.20150000000000001,0.28000000000000003
0.63500000000000001,0.47999999999999998,0.20000000000000001,1.3654999999999999,0.62549999999999994,0.25950000000000001,0.42499999999999999
0.57499999999999996,0.47499999999999998,0.17000000000000001,0.96699999999999997,0.3775,0.28399999999999997,0.27500000000000002
0.54500000000000004,0.435,0.14999999999999999,0.6855,0.29049999999999998,0.14499999999999999,0.22500000000000001
0.38500000000000001,0.30499999999999999,0.125,0.314,0.14599999999999999,0.055500000000000001,0.080000000000000002
0.51000000000000001,0.34000000000000002,0.17999999999999999,0.70050000000000001,0.312,0.16500000000000001,0.20000000000000001
0.44,0.34000000000000002,0.125,0.48949999999999999,0.17349999999999999,0.087499999999999994,0.20000000000000001
0.45000000000000001,0.35999999999999999,0.125,0.45000000000000001,0.191,0.086499999999999994,0.14499999999999999
0.39000000000000001,0.29999999999999999,0.105,0.25900000000000001,0.095500000000000002,0.037999999999999999,0.085000000000000006
0.42499999999999999,0.32500000000000001,0.13500000000000001,0.38200000000000001,0.14649999999999999,0.079000000000000001,0.14000000000000001
0.45000000000000001,0.34999999999999998,0.125,0.44350000000000001,0.185,0.089999999999999997,0.14499999999999999
0.66000000000000003,0.52500000000000002,0.17999999999999999,1.6935,0.60250000000000004,0.40050000000000002,0.41999999999999998
0.68500000000000005,0.52500000000000002,0.17499999999999999,1.71,0.54149999999999998,0.309,0.57999999999999996
0.58499999999999996,0.47499999999999998,0.185,0.85750000000000004,0.34649999999999997,0.17849999999999999,0.27500000000000002
0.54000000000000004,0.435,0.14499999999999999,0.96999999999999997,0.42849999999999999,0.22,0.26400000000000001
0.48999999999999999,0.39000000000000001,0.13500000000000001,0.58999999999999997,0.215,0.125,0.1845
0.42999999999999999,0.33000000000000002,0.095000000000000001,0.34000000000000002,0.13150000000000001,0.085000000000000006,0.112
0.45500000000000002,0.36499999999999999,0.11,0.38500000000000001,0.16600000000000001,0.045999999999999999,0.13450000000000001
0.495,0.38,0.14499999999999999,0.51500000000000001,0.17499999999999999,0.098000000000000004,0.21199999999999999
0.47999999999999998,0.38,0.14499999999999999,0.58999999999999997,0.23200000000000001,0.14099999999999999,0.23000000000000001
0.46999999999999997,0.40000000000000002,0.16,0.51000000000000001,0.1615,0.072999999999999995,0.19800000000000001
0.41499999999999998,0.32000000000000001,0.10000000000000001,0.30049999999999999,0.1215,0.057500000000000002,0.104
0.48999999999999999,0.38500000000000001,0.115,0.68300000000000005,0.32650000000000001,0.1615,0.16500000000000001
0.46999999999999997,0.375,0.105,0.46800000000000003,0.16650000000000001,0.108,0.17000000000000001
0.44500000000000001,0.34499999999999997,0.13,0.40749999999999997,0.13650000000000001,0.064500000000000002,0.17999999999999999
0.51000000000000001,0.38,0.13,0.58399999999999996,0.224,0.13550000000000001,0.185
0.52000000000000002,0.40500000000000003,0.14499999999999999,0.82899999999999996,0.35349999999999998,0.16850000000000001,0.20499999999999999
0.47499999999999998,0.36499999999999999,0.14000000000000001,0.45450000000000002,0.17100000000000001,0.11799999999999999,0.158
0.45500000000000002,0.35999999999999999,0.11,0.4385,0.20599999999999999,0.098000000000000004,0.125
0.435,0.34000000000000002,0.11,0.40699999999999997,0.16850000000000001,0.072999999999999995,0.13
0.39000000000000001,0.29999999999999999,0.10000000000000001,0.3085,0.13850000000000001,0.073499999999999996,0.085000000000000006
0.375,0.28499999999999998,0.10000000000000001,0.23899999999999999,0.105,0.055500000000000001,0.070000000000000007
0.28499999999999998,0.215,0.074999999999999997,0.106,0.041500000000000002,0.023,0.035000000000000003
0.57999999999999996,0.44500000000000001,0.17000000000000001,1.1779999999999999,0.39350000000000002,0.2165,0.315
0.57999999999999996,0.44,0.17499999999999999,1.073,0.40050000000000002,0.23449999999999999,0.33500000000000002
0.40999999999999998,0.315,0.095000000000000001,0.30599999999999999,0.121,0.073499999999999996,0.089999999999999997
0.40999999999999998,0.29999999999999999,0.10000000000000001,0.30099999999999999,0.124,0.069000000000000006,0.089999999999999997
0.54000000000000004,0.40500000000000003,0.14999999999999999,0.75849999999999995,0.307,0.20749999999999999,0.19
0.33000000000000002,0.245,0.085000000000000006,0.17100000000000001,0.065500000000000003,0.036499999999999998,0.055
0.44,0.31,0.115,0.36249999999999999,0.13400000000000001,0.082000000000000003,0.12
0.28000000000000003,0.20999999999999999,0.065000000000000002,0.090499999999999997,0.035000000000000003,0.02,0.029999999999999999
0.58999999999999997,0.46500000000000002,0.19500000000000001,1.0885,0.36849999999999999,0.187,0.375
0.60999999999999999,0.47999999999999998,0.16500000000000001,1.097,0.42149999999999999,0.26400000000000001,0.33500000000000002
0.60999999999999999,0.46000000000000002,0.17000000000000001,1.278,0.40999999999999998,0.25700000000000001,0.37
0.45500000000000002,0.34499999999999997,0.125,0.44,0.16900000000000001,0.1065,0.13500000000000001
0.33000000000000002,0.23499999999999999,0.089999999999999997,0.16300000000000001,0.061499999999999999,0.034000000000000002,0.055
0.44,0.33000000000000002,0.13500000000000001,0.52200000000000002,0.17000000000000001,0.090499999999999997,0.19500000000000001
0.54000000000000004,0.40500000000000003,0.155,0.97150000000000003,0.32250000000000001,0.19400000000000001,0.28999999999999998
0.47499999999999998,0.375,0.125,0.58799999999999997,0.23699999999999999,0.17150000000000001,0.155
0.46000000000000002,0.33000000000000002,0.14999999999999999,0.53249999999999997,0.20849999999999999,0.18049999999999999,0.125
0.31,0.23499999999999999,0.089999999999999997,0.127,0.048000000000000001,0.031,0.040000000000000001
0.255,0.19,0.070000000000000007,0.081500000000000003,0.028000000000000001,0.016,0.031
0.33500000000000002,0.255,0.074999999999999997,0.16350000000000001,0.061499999999999999,0.034500000000000003,0.057000000000000002
0.29499999999999998,0.20999999999999999,0.080000000000000002,0.10000000000000001,0.037999999999999999,0.025999999999999999,0.031
0.19,0.13,0.044999999999999998,0.026499999999999999,0.0089999999999999993,0.0050000000000000001,0.0089999999999999993
0.54500000000000004,0.435,0.16500000000000001,0.99550000000000005,0.32450000000000001,0.26650000000000001,0.32500000000000001
0.495,0.40000000000000002,0.12,0.66049999999999998,0.26050000000000001,0.161,0.19
0.5,0.375,0.13,0.72099999999999997,0.30549999999999999,0.17249999999999999,0.22
0.30499999999999999,0.22500000000000001,0.070000000000000007,0.14849999999999999,0.058500000000000003,0.033500000000000002,0.044999999999999998
0.47499999999999998,0.34999999999999998,0.115,0.48699999999999999,0.19400000000000001,0.14549999999999999,0.125
0.51500000000000001,0.40000000000000002,0.125,0.95499999999999996,0.34100000000000003,0.2535,0.26000000000000001
0.54500000000000004,0.40999999999999998,0.14499999999999999,0.873,0.30349999999999999,0.19600000000000001,0.31
0.73999999999999999,0.53500000000000003,0.185,1.6499999999999999,0.73399999999999999,0.45050000000000001,0.33500000000000002
0.56499999999999995,0.46500000000000002,0.14999999999999999,1.1285000000000001,0.377,0.35249999999999998,0.33000000000000002
0.56000000000000005,0.44,0.16,1.1114999999999999,0.50349999999999995,0.27850000000000003,0.26000000000000001
0.54500000000000004,0.41999999999999998,0.125,0.97450000000000003,0.35299999999999998,0.17399999999999999,0.30499999999999999
0.64500000000000002,0.51500000000000001,0.185,1.4604999999999999,0.58350000000000002,0.3155,0.40999999999999998
0.57499999999999996,0.435,0.13,1.0105,0.36799999999999999,0.222,0.32000000000000001
0.62,0.47999999999999998,0.16,1.0765,0.41199999999999998,0.253,0.29999999999999999
0.60499999999999998,0.45000000000000001,0.16500000000000001,1.2224999999999999,0.35699999999999998,0.20200000000000001,0.38500000000000001
0.60499999999999998,0.47499999999999998,0.16,1.6160000000000001,0.54949999999999999,0.33200000000000002,0.34000000000000002
0.47499999999999998,0.375,0.14999999999999999,0.55900000000000005,0.19550000000000001,0.1215,0.19450000000000001
0.36499999999999999,0.28499999999999998,0.085000000000000006,0.2205,0.085500000000000007,0.051499999999999997,0.070000000000000007
0.46000000000000002,0.34999999999999998,0.115,0.44,0.19,0.10249999999999999,0.13
0.53000000000000003,0.42999999999999999,0.13500000000000001,0.879,0.28000000000000003,0.2165,0.25
0.47999999999999998,0.39500000000000002,0.14999999999999999,0.68149999999999999,0.2145,0.14050000000000001,0.2495
0.45500000000000002,0.34499999999999997,0.14999999999999999,0.57950000000000002,0.16850000000000001,0.125,0.215
0.34999999999999998,0.26500000000000001,0.11,0.20899999999999999,0.066000000000000003,0.058999999999999997,0.074999999999999997
0.37,0.28000000000000003,0.105,0.224,0.081500000000000003,0.057500000000000002,0.074999999999999997
0.34000000000000002,0.25,0.074999999999999997,0.17649999999999999,0.0785,0.040500000000000001,0.050000000000000003
0.34999999999999998,0.28000000000000003,0.074999999999999997,0.19600000000000001,0.082000000000000003,0.040000000000000001,0.064000000000000001
0.34999999999999998,0.26500000000000001,0.080000000000000002,0.192,0.081000000000000003,0.0465,0.052999999999999999
0.39000000000000001,0.315,0.089999999999999997,0.3095,0.14699999999999999,0.050000000000000003,0.089999999999999997
0.39500000000000002,0.31,0.095000000000000001,0.313,0.13100000000000001,0.071999999999999995,0.092999999999999999
0.41499999999999998,0.31,0.105,0.35949999999999999,0.16700000000000001,0.083000000000000004,0.091499999999999998
0.42999999999999999,0.32000000000000001,0.10000000000000001,0.38550000000000001,0.192,0.074499999999999997,0.10000000000000001
0.47999999999999998,0.35499999999999998,0.115,0.57850000000000001,0.25,0.106,0.184
0.48999999999999999,0.39500000000000002,0.12,0.67400000000000004,0.33250000000000002,0.1235,0.185
0.48999999999999999,0.37,0.105,0.52649999999999997,0.249,0.10050000000000001,0.14799999999999999
0.56000000000000005,0.46500000000000002,0.16,1.0315000000000001,0.432,0.20250000000000001,0.33700000000000002
0.56000000000000005,0.45000000000000001,0.14000000000000001,0.90000000000000002,0.47199999999999998,0.182,0.218
0.57999999999999996,0.46000000000000002,0.14999999999999999,1.0165,0.49099999999999999,0.221,0.26500000000000001
0.57999999999999996,0.47999999999999998,0.17999999999999999,1.2495000000000001,0.4945,0.27000000000000002,0.371
0.58999999999999997,0.46999999999999997,0.13500000000000001,1.1685000000000001,0.53900000000000003,0.27900000000000003,0.28000000000000003
0.59499999999999997,0.47499999999999998,0.16500000000000001,1.1479999999999999,0.44400000000000001,0.214,0.37
0.59999999999999998,0.47499999999999998,0.14999999999999999,1.089,0.51949999999999996,0.223,0.29199999999999998
0.60999999999999999,0.46999999999999997,0.155,1.0325,0.497,0.2175,0.27850000000000003
0.63,0.47499999999999998,0.14999999999999999,1.1719999999999999,0.53600000000000003,0.254,0.316
0.64000000000000001,0.51000000000000001,0.17000000000000001,1.3714999999999999,0.56699999999999995,0.307,0.40899999999999997
0.65000000000000002,0.54500000000000004,0.185,1.5055000000000001,0.65649999999999997,0.34100000000000003,0.42999999999999999
0.70999999999999996,0.55000000000000004,0.20000000000000001,1.9045000000000001,0.88200000000000001,0.44,0.5
0.73999999999999999,0.60499999999999998,0.20000000000000001,2.4925000000000002,1.1455,0.57499999999999996,0.52349999999999997
0.25,0.17999999999999999,0.065000000000000002,0.080500000000000002,0.034500000000000003,0.018499999999999999,0.021499999999999998
0.28000000000000003,0.20999999999999999,0.065000000000000002,0.111,0.042500000000000003,0.028500000000000001,0.029999999999999999
0.32500000000000001,0.23999999999999999,0.074999999999999997,0.152,0.065000000000000002,0.030499999999999999,0.044999999999999998
0.34999999999999998,0.26500000000000001,0.095000000000000001,0.19900000000000001,0.072999999999999995,0.049000000000000002,0.059999999999999998
0.35999999999999999,0.27000000000000002,0.089999999999999997,0.219,0.097000000000000003,0.040500000000000001,0.065000000000000002
0.36499999999999999,0.27000000000000002,0.105,0.2155,0.091499999999999998,0.047500000000000001,0.063
0.37,0.28000000000000003,0.089999999999999997,0.25650000000000001,0.1255,0.064500000000000002,0.064500000000000002
0.375,0.28499999999999998,0.089999999999999997,0.25700000000000001,0.1045,0.062,0.074999999999999997
0.38,0.27500000000000002,0.095000000000000001,0.2505,0.094500000000000001,0.065500000000000003,0.074999999999999997
0.39500000000000002,0.29999999999999999,0.089999999999999997,0.27900000000000003,0.13400000000000001,0.049000000000000002,0.074999999999999997
0.42999999999999999,0.33500000000000002,0.105,0.378,0.188,0.0785,0.089999999999999997
0.44,0.34999999999999998,0.125,0.45600000000000002,0.20999999999999999,0.095500000000000002,0.13100000000000001
0.46500000000000002,0.37,0.10000000000000001,0.50549999999999995,0.23400000000000001,0.11,0.14000000000000001
0.46500000000000002,0.35499999999999998,0.115,0.47049999999999997,0.19550000000000001,0.11799999999999999,0.126
0.47999999999999998,0.37,0.13,0.64300000000000002,0.34899999999999998,0.11550000000000001,0.13500000000000001
0.48499999999999999,0.37,0.10000000000000001,0.51300000000000001,0.219,0.1075,0.13
0.48999999999999999,0.40000000000000002,0.115,0.56899999999999995,0.25600000000000001,0.13250000000000001,0.14499999999999999
0.495,0.40000000000000002,0.14499999999999999,0.57799999999999996,0.2545,0.1305,0.16450000000000001
0.5,0.38500000000000001,0.11,0.59599999999999997,0.30149999999999999,0.104,0.151
0.505,0.39000000000000001,0.12,0.57250000000000001,0.2555,0.13250000000000001,0.14599999999999999
0.52000000000000002,0.39000000000000001,0.12,0.64349999999999996,0.28849999999999998,0.157,0.161
0.52000000000000002,0.39500000000000002,0.125,0.8115,0.40350000000000003,0.16600000000000001,0.20000000000000001
0.52500000000000002,0.44,0.125,0.71150000000000002,0.32050000000000001,0.159,0.1915
0.55000000000000004,0.44,0.155,0.91549999999999998,0.36449999999999999,0.19500000000000001,0.25
0.55500000000000005,0.44,0.14499999999999999,0.88149999999999995,0.42999999999999999,0.19750000000000001,0.2155
0.55500000000000005,0.41999999999999998,0.11,0.93100000000000005,0.44450000000000001,0.17100000000000001,0.22500000000000001
0.57499999999999996,0.46000000000000002,0.16500000000000001,1.0649999999999999,0.4985,0.2145,0.28149999999999997
0.59999999999999998,0.47499999999999998,0.155,1.1385000000000001,0.502,0.22950000000000001,0.31
0.60999999999999999,0.47999999999999998,0.16,1.234,0.59799999999999998,0.23799999999999999,0.315
0.60999999999999999,0.495,0.17499999999999999,1.2635000000000001,0.53000000000000003,0.315,0.34549999999999997
0.60999999999999999,0.46999999999999997,0.16,1.0745,0.49249999999999999,0.23599999999999999,0.28999999999999998
0.61499999999999999,0.505,0.19,1.403,0.67149999999999999,0.29249999999999998,0.36499999999999999
0.62,0.48499999999999999,0.16500000000000001,1.1325000000000001,0.52349999999999997,0.2505,0.28249999999999997
0.625,0.495,0.16,1.1114999999999999,0.44950000000000001,0.28249999999999997,0.34499999999999997
0.625,0.46999999999999997,0.17000000000000001,1.2549999999999999,0.52500000000000002,0.24149999999999999,0.40500000000000003
0.625,0.48499999999999999,0.17000000000000001,1.4370000000000001,0.58550000000000002,0.29299999999999998,0.47499999999999998
0.63500000000000001,0.495,0.155,1.3634999999999999,0.58299999999999996,0.29849999999999999,0.29499999999999998
0.64000000000000001,0.47999999999999998,0.19500000000000001,1.1435,0.49149999999999999,0.23449999999999999,0.35299999999999998
0.64000000000000001,0.5,0.17000000000000001,1.4544999999999999,0.64200000000000002,0.35749999999999998,0.35399999999999998
0.66000000000000003,0.52500000000000002,0.17999999999999999,1.478,0.58150000000000002,0.38100000000000001,0.372
0.66500000000000004,0.52000000000000002,0.16500000000000001,1.6884999999999999,0.72950000000000004,0.40699999999999997,0.42649999999999999
0.71499999999999997,0.58499999999999996,0.23000000000000001,2.0724999999999998,0.86550000000000005,0.40949999999999998,0.56499999999999995
0.71999999999999997,0.56499999999999995,0.20000000000000001,1.7869999999999999,0.71799999999999997,0.38500000000000001,0.52900000000000003
0.72499999999999998,0.57999999999999996,0.185,1.5229999999999999,0.80449999999999999,0.35949999999999999,0.4375
0.16500000000000001,0.12,0.050000000000000003,0.021000000000000001,0.0074999999999999997,0.0044999999999999997,0.014
0.20999999999999999,0.14999999999999999,0.055,0.045499999999999999,0.02,0.0064999999999999997,0.012999999999999999
0.35499999999999998,0.26500000000000001,0.085000000000000006,0.24349999999999999,0.122,0.052499999999999998,0.059999999999999998
0.40000000000000002,0.315,0.085000000000000006,0.26750000000000002,0.11600000000000001,0.058500000000000003,0.076499999999999999
0.40000000000000002,0.28999999999999998,0.10000000000000001,0.25800000000000001,0.104,0.058999999999999997,0.081500000000000003
0.40000000000000002,0.29999999999999999,0.11,0.29849999999999999,0.13750000000000001,0.070999999999999994,0.074999999999999997
0.435,0.33500000000000002,0.11,0.41099999999999998,0.20250000000000001,0.094500000000000001,0.10000000000000001
0.44,0.33000000000000002,0.11,0.38,0.19700000000000001,0.079000000000000001,0.089999999999999997
0.45000000000000001,0.34000000000000002,0.105,0.4385,0.20999999999999999,0.092499999999999999,0.12
0.46500000000000002,0.34499999999999997,0.105,0.40150000000000002,0.24199999999999999,0.034500000000000003,0.109
0.46999999999999997,0.35499999999999998,0.14499999999999999,0.44850000000000001,0.156,0.10199999999999999,0.123
0.46999999999999997,0.35499999999999998,0.115,0.41549999999999998,0.16700000000000001,0.084000000000000005,0.13900000000000001
0.47499999999999998,0.41999999999999998,0.16,0.70950000000000002,0.34999999999999998,0.15049999999999999,0.1845
0.48499999999999999,0.37,0.115,0.63700000000000001,0.38,0.13350000000000001,0.128
0.505,0.47499999999999998,0.16,1.1154999999999999,0.50900000000000001,0.23899999999999999,0.30649999999999999
0.51000000000000001,0.40500000000000003,0.13,0.59899999999999998,0.30649999999999999,0.11550000000000001,0.14849999999999999
0.52000000000000002,0.38,0.13,0.53449999999999998,0.23749999999999999,0.122,0.1535
0.53000000000000003,0.41999999999999998,0.14000000000000001,0.627,0.29049999999999998,0.11650000000000001,0.183
0.53500000000000003,0.41999999999999998,0.16,0.74650000000000005,0.34799999999999998,0.1515,0.2185
0.55000000000000004,0.44,0.16,0.98499999999999999,0.46450000000000002,0.20100000000000001,0.27000000000000002
0.55500000000000005,0.44,0.14499999999999999,0.84999999999999998,0.41649999999999998,0.16850000000000001,0.23000000000000001
0.55500000000000005,0.44,0.14999999999999999,0.83799999999999997,0.41549999999999998,0.14599999999999999,0.23000000000000001
0.55500000000000005,0.42999999999999999,0.13500000000000001,0.81200000000000006,0.40550000000000003,0.16300000000000001,0.2215
0.56000000000000005,0.41499999999999998,0.13,0.76149999999999995,0.3695,0.17000000000000001,0.19550000000000001
0.57499999999999996,0.44,0.14499999999999999,0.87,0.39450000000000002,0.2195,0.22500000000000001
0.58499999999999996,0.45000000000000001,0.14499999999999999,0.98350000000000004,0.48449999999999999,0.24199999999999999,0.22
0.58999999999999997,0.46000000000000002,0.14499999999999999,0.92900000000000005,0.38,0.23999999999999999,0.255
0.59499999999999997,0.46999999999999997,0.16500000000000001,1.0155000000000001,0.49099999999999999,0.1905,0.28899999999999998
0.59999999999999998,0.40999999999999998,0.14499999999999999,0.93899999999999995,0.44750000000000001,0.19600000000000001,0.26800000000000002
0.59999999999999998,0.47499999999999998,0.16,1.1639999999999999,0.50449999999999995,0.26350000000000001,0.33500000000000002
0.60999999999999999,0.46999999999999997,0.17499999999999999,1.214,0.53149999999999997,0.28349999999999997,0.32500000000000001
0.61499999999999999,0.48999999999999999,0.19,1.1345000000000001,0.46949999999999997,0.25700000000000001,0.34799999999999998
0.62,0.51000000000000001,0.17999999999999999,1.2330000000000001,0.59199999999999997,0.27400000000000002,0.32200000000000001
0.625,0.495,0.17999999999999999,1.0814999999999999,0.47149999999999997,0.254,0.3135
0.625,0.46999999999999997,0.17499999999999999,1.179,0.60499999999999998,0.25800000000000001,0.27100000000000002
0.64000000000000001,0.5,0.16500000000000001,1.1635,0.55400000000000005,0.23899999999999999,0.32000000000000001
0.64000000000000001,0.47499999999999998,0.17499999999999999,1.1545000000000001,0.48649999999999999,0.34100000000000003,0.28799999999999998
0.64500000000000002,0.52000000000000002,0.17499999999999999,1.3345,0.66700000000000004,0.26650000000000001,0.35499999999999998
0.65000000000000002,0.505,0.17999999999999999,1.4690000000000001,0.71150000000000002,0.33350000000000002,0.38
0.65500000000000003,0.52000000000000002,0.17999999999999999,1.492,0.71850000000000003,0.35999999999999999,0.35499999999999998
0.65500000000000003,0.54000000000000004,0.17499999999999999,1.5585,0.72850000000000004,0.40200000000000002,0.38500000000000001
0.66000000000000003,0.5,0.17499999999999999,1.3274999999999999,0.55600000000000005,0.28050000000000003,0.40849999999999997
0.67000000000000004,0.52500000000000002,0.17999999999999999,1.6615,0.80049999999999999,0.36449999999999999,0.42999999999999999
0.68999999999999995,0.52500000000000002,0.19,1.492,0.64249999999999996,0.39050000000000001,0.41999999999999998
0.69999999999999996,0.57499999999999996,0.20000000000000001,1.7364999999999999,0.77549999999999997,0.39650000000000002,0.46100000000000002
0.69999999999999996,0.56000000000000005,0.17499999999999999,1.6605000000000001,0.86050000000000004,0.32750000000000001,0.39800000000000002
0.70999999999999996,0.56999999999999995,0.19500000000000001,1.3480000000000001,0.89849999999999997,0.44350000000000001,0.45350000000000001
0.71499999999999997,0.54500000000000004,0.17999999999999999,1.7404999999999999,0.871,0.34699999999999998,0.44900000000000001
0.71999999999999997,0.54500000000000004,0.185,1.7184999999999999,0.79249999999999998,0.40100000000000002,0.46800000000000003
0.215,0.14999999999999999,0.055,0.041000000000000002,0.014999999999999999,0.0089999999999999993,0.012500000000000001
0.23999999999999999,0.185,0.059999999999999998,0.065500000000000003,0.029499999999999998,0.00050000000000000001,0.02
0.26000000000000001,0.20499999999999999,0.070000000000000007,0.097000000000000003,0.041500000000000002,0.019,0.030499999999999999
0.32000000000000001,0.23999999999999999,0.085000000000000006,0.13100000000000001,0.061499999999999999,0.026499999999999999,0.037999999999999999
0.33000000000000002,0.23000000000000001,0.085000000000000006,0.16950000000000001,0.079000000000000001,0.025999999999999999,0.050500000000000003
0.33500000000000002,0.26000000000000001,0.085000000000000006,0.192,0.097000000000000003,0.029999999999999999,0.053999999999999999
0.34999999999999998,0.26000000000000001,0.089999999999999997,0.17649999999999999,0.071999999999999995,0.035499999999999997,0.057500000000000002
0.34999999999999998,0.26500000000000001,0.085000000000000006,0.17349999999999999,0.077499999999999999,0.034000000000000002,0.056000000000000001
0.35999999999999999,0.26500000000000001,0.074999999999999997,0.17849999999999999,0.0785,0.035000000000000003,0.053999999999999999
0.35999999999999999,0.26500000000000001,0.089999999999999997,0.20549999999999999,0.096000000000000002,0.036999999999999998,0.058500000000000003
0.36499999999999999,0.27500000000000002,0.089999999999999997,0.23449999999999999,0.108,0.050999999999999997,0.0625
0.38,0.28499999999999998,0.089999999999999997,0.23050000000000001,0.10050000000000001,0.039,0.077499999999999999
0.40000000000000002,0.31,0.115,0.314,0.1545,0.059499999999999997,0.086999999999999994
0.40000000000000002,0.315,0.089999999999999997,0.33000000000000002,0.151,0.068000000000000005,0.080000000000000002
0.40000000000000002,0.26500000000000001,0.10000000000000001,0.27750000000000002,0.1245,0.060499999999999998,0.080000000000000002
0.42499999999999999,0.32500000000000001,0.11,0.40500000000000003,0.16950000000000001,0.091999999999999998,0.1065
0.42999999999999999,0.32500000000000001,0.105,0.309,0.11899999999999999,0.080000000000000002,0.098000000000000004
0.435,0.33500000000000002,0.11,0.4385,0.20749999999999999,0.071499999999999994,0.13150000000000001
0.435,0.34000000000000002,0.12,0.39600000000000002,0.17749999999999999,0.081000000000000003,0.125
0.44500000000000001,0.35499999999999998,0.095000000000000001,0.36149999999999999,0.14149999999999999,0.0785,0.12
0.45000000000000001,0.34999999999999998,0.11,0.51400000000000001,0.253,0.1045,0.14000000000000001
0.45500000000000002,0.435,0.11,0.42649999999999999,0.19500000000000001,0.089999999999999997,0.1205
0.46000000000000002,0.34000000000000002,0.089999999999999997,0.38400000000000001,0.17949999999999999,0.068000000000000005,0.11
0.47499999999999998,0.35499999999999998,0.125,0.48649999999999999,0.2155,0.1105,0.14199999999999999
0.47499999999999998,0.35999999999999999,0.13500000000000001,0.4355,0.19600000000000001,0.092499999999999999,0.125
0.47499999999999998,0.34999999999999998,0.115,0.498,0.23749999999999999,0.099000000000000005,0.14000000000000001
0.47999999999999998,0.35499999999999998,0.125,0.49399999999999999,0.23849999999999999,0.083500000000000005,0.14999999999999999
0.495,0.37,0.12,0.59399999999999997,0.28000000000000003,0.11,0.13750000000000001
0.5,0.36499999999999999,0.125,0.52800000000000002,0.22900000000000001,0.10299999999999999,0.16450000000000001
0.505,0.39000000000000001,0.115,0.5585,0.25750000000000001,0.11899999999999999,0.1535
0.51500000000000001,0.40000000000000002,0.13500000000000001,0.63600000000000001,0.30549999999999999,0.1215,0.1855
0.52500000000000002,0.39000000000000001,0.105,0.56699999999999995,0.28749999999999998,0.1075,0.16
0.53000000000000003,0.40500000000000003,0.13,0.66149999999999998,0.29449999999999998,0.13950000000000001,0.19
0.53000000000000003,0.41999999999999998,0.13,0.65800000000000003,0.29599999999999999,0.1245,0.19800000000000001
0.53500000000000003,0.41499999999999998,0.13500000000000001,0.78000000000000003,0.3165,0.16900000000000001,0.23649999999999999
0.53500000000000003,0.40999999999999998,0.13,0.60750000000000004,0.26800000000000002,0.1225,0.19750000000000001
0.54000000000000004,0.40999999999999998,0.13500000000000001,0.70250000000000001,0.31,0.17699999999999999,0.20000000000000001
0.55000000000000004,0.42499999999999999,0.155,0.87250000000000005,0.41199999999999998,0.187,0.24249999999999999
0.56499999999999995,0.45000000000000001,0.17499999999999999,1.2364999999999999,0.53049999999999997,0.2455,0.308
0.56999999999999995,0.46999999999999997,0.155,1.1859999999999999,0.63549999999999995,0.23150000000000001,0.27700000000000002
0.56999999999999995,0.41999999999999998,0.13,0.77449999999999997,0.35349999999999998,0.15049999999999999,0.23649999999999999
0.56999999999999995,0.41999999999999998,0.16,0.88749999999999996,0.43149999999999999,0.1915,0.223
0.57499999999999996,0.45500000000000002,0.155,0.87250000000000005,0.34899999999999998,0.20949999999999999,0.28499999999999998
0.57499999999999996,0.44,0.125,0.85150000000000003,0.45550000000000002,0.17150000000000001,0.19650000000000001
0.57499999999999996,0.47499999999999998,0.16,0.89500000000000002,0.36049999999999999,0.221,0.27100000000000002
0.57499999999999996,0.45000000000000001,0.155,0.88600000000000001,0.36049999999999999,0.21099999999999999,0.25750000000000001
0.57999999999999996,0.46000000000000002,0.14000000000000001,0.92649999999999999,0.41349999999999998,0.1845,0.27000000000000002
0.57999999999999996,0.46000000000000002,0.14000000000000001,0.82950000000000002,0.39150000000000001,0.16500000000000001,0.23799999999999999
0.57999999999999996,0.46999999999999997,0.14999999999999999,0.90700000000000003,0.44400000000000001,0.1855,0.2445
0.57999999999999996,0.46999999999999997,0.16500000000000001,1.0409999999999999,0.54000000000000004,0.16600000000000001,0.27900000000000003
0.58499999999999996,0.46500000000000002,0.16500000000000001,0.9355,0.40350000000000003,0.22750000000000001,0.25900000000000001
0.58499999999999996,0.46000000000000002,0.16500000000000001,1.0580000000000001,0.48599999999999999,0.25,0.29399999999999998
0.59499999999999997,0.46500000000000002,0.14499999999999999,0.79549999999999998,0.34250000000000003,0.17949999999999999,0.24249999999999999
0.59999999999999998,0.46999999999999997,0.17000000000000001,1.0805,0.4995,0.22450000000000001,0.32050000000000001
0.59999999999999998,0.46999999999999997,0.14999999999999999,0.92800000000000005,0.42249999999999999,0.183,0.27500000000000002
0.59999999999999998,0.47499999999999998,0.155,1.0589999999999999,0.441,0.19,0.39000000000000001
0.59999999999999998,0.47499999999999998,0.23000000000000001,1.157,0.52200000000000002,0.2235,0.35999999999999999
0.59999999999999998,0.47499999999999998,0.17000000000000001,1.0880000000000001,0.49049999999999999,0.2475,0.31
0.59999999999999998,0.48499999999999999,0.14499999999999999,0.77600000000000002,0.35449999999999998,0.1585,0.23899999999999999
0.62,0.47999999999999998,0.16500000000000001,1.0429999999999999,0.48349999999999999,0.221,0.31
0.625,0.47999999999999998,0.16,1.1415,0.57950000000000002,0.2145,0.28999999999999998
0.625,0.47499999999999998,0.16,1.3334999999999999,0.60499999999999998,0.28749999999999998,0.31900000000000001
0.625,0.5,0.17499999999999999,1.2729999999999999,0.56399999999999995,0.30199999999999999,0.374
0.625,0.48999999999999999,0.16500000000000001,1.1835,0.51700000000000002,0.23749999999999999,0.39000000000000001
0.625,0.48499999999999999,0.16,1.2135,0.63100000000000001,0.2235,0.30199999999999999
0.63,0.46500000000000002,0.14999999999999999,1.0315000000000001,0.42649999999999999,0.23999999999999999,0.32500000000000001
0.63500000000000001,0.495,0.17000000000000001,1.3694999999999999,0.65700000000000003,0.30549999999999999,0.36499999999999999
0.65000000000000002,0.51500000000000001,0.185,1.3745000000000001,0.75,0.18049999999999999,0.36899999999999999
0.65000000000000002,0.51500000000000001,0.17999999999999999,1.4630000000000001,0.65800000000000003,0.3135,0.41149999999999998
0.65000000000000002,0.52000000000000002,0.19500000000000001,1.6274999999999999,0.68899999999999995,0.39050000000000001,0.432
0.65000000000000002,0.47499999999999998,0.16500000000000001,1.3875,0.57999999999999996,0.34849999999999998,0.3095
0.65500000000000003,0.52500000000000002,0.16,1.46,0.68600000000000005,0.311,0.40500000000000003
0.65500000000000003,0.53000000000000003,0.16500000000000001,1.2835000000000001,0.58299999999999996,0.1255,0.40000000000000002
0.66000000000000003,0.5,0.155,1.3765000000000001,0.64849999999999997,0.28799999999999998,0.33500000000000002
0.66000000000000003,0.51500000000000001,0.20000000000000001,1.6465000000000001,0.749,0.42199999999999999,0.40100000000000002
0.67500000000000004,0.51500000000000001,0.14499999999999999,1.2649999999999999,0.60250000000000004,0.29899999999999999,0.32500000000000001
0.68500000000000005,0.53000000000000003,0.17000000000000001,1.5600000000000001,0.64700000000000002,0.38300000000000001,0.46500000000000002
0.71499999999999997,0.52000000000000002,0.17999999999999999,1.6000000000000001,0.70799999999999996,0.35249999999999998,0.44500000000000001
0.73499999999999999,0.55500000000000005,0.22,2.3330000000000002,1.2395,0.36449999999999999,0.61950000000000005
0.17499999999999999,0.125,0.040000000000000001,0.028000000000000001,0.0094999999999999998,0.0080000000000000002,0.0089999999999999993
0.37,0.28499999999999998,0.095000000000000001,0.22600000000000001,0.1135,0.051499999999999997,0.067500000000000004
0.39500000000000002,0.29999999999999999,0.089999999999999997,0.28549999999999998,0.13850000000000001,0.0625,0.076999999999999999
0.41999999999999998,0.32500000000000001,0.11,0.32500000000000001,0.1245,0.075499999999999998,0.10249999999999999
0.45500000000000002,0.37,0.11,0.51400000000000001,0.23849999999999999,0.1235,0.126
0.495,0.375,0.115,0.57550000000000001,0.31,0.1145,0.13950000000000001
0.51000000000000001,0.375,0.11,0.58050000000000002,0.28649999999999998,0.11799999999999999,0.14799999999999999
0.51500000000000001,0.39000000000000001,0.14000000000000001,0.67800000000000005,0.34100000000000003,0.13250000000000001,0.11899999999999999
0.54500000000000004,0.42999999999999999,0.155,0.80349999999999999,0.40899999999999997,0.14399999999999999,0.22800000000000001
0.55500000000000005,0.40500000000000003,0.12,0.91300000000000003,0.45850000000000002,0.19600000000000001,0.20649999999999999
0.57999999999999996,0.45000000000000001,0.16,0.86750000000000005,0.39350000000000002,0.221,0.215
0.58999999999999997,0.46500000000000002,0.17000000000000001,1.0425,0.46350000000000002,0.23999999999999999,0.27000000000000002
0.59999999999999998,0.46000000000000002,0.17999999999999999,1.1399999999999999,0.42299999999999999,0.25750000000000001,0.36499999999999999
0.60999999999999999,0.48999999999999999,0.17000000000000001,1.3474999999999999,0.70450000000000002,0.25,0.30449999999999999
0.61499999999999999,0.47499999999999998,0.155,1.0734999999999999,0.4375,0.25850000000000001,0.31
0.61499999999999999,0.47499999999999998,0.19,1.4335,0.73150000000000004,0.30499999999999999,0.32850000000000001
0.61499999999999999,0.495,0.20000000000000001,1.304,0.57950000000000002,0.3115,0.371
0.62,0.46000000000000002,0.16,0.95050000000000001,0.49149999999999999,0.20000000000000001,0.22800000000000001
0.63,0.51500000000000001,0.17000000000000001,1.385,0.63549999999999995,0.29549999999999998,0.38
0.64000000000000001,0.5,0.17000000000000001,1.1200000000000001,0.4955,0.26450000000000001,0.32000000000000001
0.64000000000000001,0.5,0.17000000000000001,1.2645,0.56499999999999995,0.33750000000000002,0.315
0.65500000000000003,0.45500000000000002,0.17000000000000001,1.2749999999999999,0.58299999999999996,0.30299999999999999,0.33300000000000002
0.65500000000000003,0.505,0.16500000000000001,1.27,0.60350000000000004,0.26200000000000001,0.33500000000000002
0.66000000000000003,0.53000000000000003,0.17499999999999999,1.583,0.73950000000000005,0.35049999999999998,0.40500000000000003
0.66500000000000004,0.5,0.17499999999999999,1.4355,0.64300000000000002,0.34499999999999997,0.37
0.67000000000000004,0.52500000000000002,0.19500000000000001,1.4199999999999999,0.57299999999999995,0.36799999999999999,0.39050000000000001
0.68999999999999995,0.53000000000000003,0.19,1.5954999999999999,0.67800000000000005,0.33100000000000002,0.47999999999999998
0.71499999999999997,0.52500000000000002,0.20000000000000001,1.8899999999999999,0.94999999999999996,0.436,0.43049999999999999
0.73499999999999999,0.56499999999999995,0.22500000000000001,2.0369999999999999,0.87,0.51449999999999996,0.5675
0.27000000000000002,0.20499999999999999,0.050000000000000003,0.084000000000000005,0.029999999999999999,0.018499999999999999,0.029000000000000001
0.28499999999999998,0.22500000000000001,0.070000000000000007,0.10050000000000001,0.042500000000000003,0.018499999999999999,0.035000000000000003
0.29499999999999998,0.22,0.085000000000000006,0.1285,0.058500000000000003,0.027,0.036499999999999998
0.29999999999999999,0.22500000000000001,0.074999999999999997,0.13450000000000001,0.057000000000000002,0.028000000000000001,0.043999999999999997
0.29999999999999999,0.22,0.065000000000000002,0.1195,0.051999999999999998,0.0155,0.035000000000000003
0.35999999999999999,0.26500000000000001,0.085000000000000006,0.1895,0.072499999999999995,0.051499999999999997,0.055
0.37,0.27500000000000002,0.095000000000000001,0.25700000000000001,0.10150000000000001,0.055,0.082500000000000004
0.39000000000000001,0.28999999999999998,0.089999999999999997,0.27450000000000002,0.13500000000000001,0.045499999999999999,0.078
0.435,0.32500000000000001,0.10000000000000001,0.34200000000000003,0.13350000000000001,0.083500000000000005,0.105
0.44,0.34000000000000002,0.105,0.34399999999999997,0.123,0.081000000000000003,0.125
0.44,0.32000000000000001,0.095000000000000001,0.32750000000000001,0.14949999999999999,0.058999999999999997,0.10000000000000001
0.44500000000000001,0.34499999999999997,0.12,0.40350000000000003,0.16900000000000001,0.082500000000000004,0.13
0.46500000000000002,0.37,0.115,0.40749999999999997,0.1515,0.0935,0.14549999999999999
0.46500000000000002,0.35499999999999998,0.12,0.4975,0.23749999999999999,0.099000000000000005,0.14000000000000001
0.46999999999999997,0.34499999999999997,0.12,0.36849999999999999,0.1525,0.061499999999999999,0.125
0.47499999999999998,0.36499999999999999,0.105,0.41749999999999998,0.16450000000000001,0.099000000000000005,0.127
0.47499999999999998,0.33500000000000002,0.10000000000000001,0.4425,0.1895,0.085999999999999993,0.13500000000000001
0.47499999999999998,0.34999999999999998,0.125,0.42249999999999999,0.1905,0.079000000000000001,0.13550000000000001
0.48499999999999999,0.36499999999999999,0.125,0.42599999999999999,0.16300000000000001,0.096500000000000002,0.151
0.48999999999999999,0.39000000000000001,0.12,0.51100000000000001,0.2205,0.10299999999999999,0.17449999999999999
0.51500000000000001,0.40500000000000003,0.13,0.57299999999999995,0.21299999999999999,0.13400000000000001,0.19500000000000001
0.52000000000000002,0.41499999999999998,0.14000000000000001,0.63849999999999996,0.29449999999999998,0.14050000000000001,0.17100000000000001
0.52500000000000002,0.40500000000000003,0.125,0.65700000000000003,0.29849999999999999,0.15049999999999999,0.16800000000000001
0.52500000000000002,0.42499999999999999,0.14000000000000001,0.87350000000000005,0.42049999999999998,0.182,0.2225
0.53000000000000003,0.42499999999999999,0.13,0.78100000000000003,0.39050000000000001,0.20050000000000001,0.215
0.53000000000000003,0.41999999999999998,0.14000000000000001,0.67649999999999999,0.25600000000000001,0.1855,0.20799999999999999
0.53000000000000003,0.40999999999999998,0.125,0.76900000000000002,0.34599999999999997,0.17299999999999999,0.215
0.53000000000000003,0.39500000000000002,0.125,0.62350000000000005,0.29749999999999999,0.108,0.19500000000000001
0.53500000000000003,0.40500000000000003,0.14000000000000001,0.73150000000000004,0.33600000000000002,0.156,0.19
0.53500000000000003,0.45000000000000001,0.155,0.8075,0.36549999999999999,0.14799999999999999,0.25950000000000001
0.54500000000000004,0.40999999999999998,0.14000000000000001,0.73699999999999999,0.34899999999999998,0.14999999999999999,0.21199999999999999
0.54500000000000004,0.40999999999999998,0.125,0.65400000000000003,0.29449999999999998,0.13150000000000001,0.20499999999999999
0.55000000000000004,0.41499999999999998,0.14999999999999999,0.79149999999999998,0.35349999999999998,0.17599999999999999,0.23599999999999999
0.55000000000000004,0.45000000000000001,0.14000000000000001,0.753,0.34449999999999997,0.13250000000000001,0.23999999999999999
0.55000000000000004,0.40000000000000002,0.13500000000000001,0.71699999999999997,0.33150000000000002,0.14949999999999999,0.221
0.55500000000000005,0.42999999999999999,0.14999999999999999,0.78300000000000003,0.34499999999999997,0.17549999999999999,0.247
0.57499999999999996,0.45000000000000001,0.14499999999999999,0.872,0.46750000000000003,0.17999999999999999,0.217
0.57499999999999996,0.44,0.14999999999999999,0.98299999999999998,0.48599999999999999,0.215,0.23899999999999999
0.58499999999999996,0.41999999999999998,0.155,1.034,0.437,0.2225,0.32000000000000001
0.58499999999999996,0.46500000000000002,0.14499999999999999,0.98550000000000004,0.4325,0.2145,0.28449999999999998
0.58499999999999996,0.46000000000000002,0.14000000000000001,0.76349999999999996,0.32600000000000001,0.153,0.26500000000000001
0.58999999999999997,0.46500000000000002,0.13500000000000001,0.98950000000000005,0.42349999999999999,0.19900000000000001,0.28000000000000003
0.59499999999999997,0.46999999999999997,0.13500000000000001,0.9365,0.434,0.184,0.28699999999999998
0.59499999999999997,0.44,0.13500000000000001,0.96399999999999997,0.50049999999999994,0.17150000000000001,0.25750000000000001
0.59499999999999997,0.46000000000000002,0.155,1.0455000000000001,0.45650000000000002,0.23999999999999999,0.3085
0.59499999999999997,0.45000000000000001,0.16500000000000001,1.081,0.48999999999999999,0.2525,0.27900000000000003
0.59999999999999998,0.46999999999999997,0.16,1.012,0.441,0.20150000000000001,0.30499999999999999
0.59999999999999998,0.5,0.16,1.1220000000000001,0.50949999999999995,0.25600000000000001,0.309
0.60499999999999998,0.48999999999999999,0.16500000000000001,1.1245000000000001,0.49199999999999999,0.222,0.35549999999999998
0.60499999999999998,0.48999999999999999,0.14999999999999999,1.1345000000000001,0.43049999999999999,0.2525,0.34999999999999998
0.60999999999999999,0.45000000000000001,0.19,1.0805,0.51700000000000002,0.2495,0.29349999999999998
0.60999999999999999,0.495,0.16500000000000001,1.0834999999999999,0.45250000000000001,0.27300000000000002,0.317
0.61499999999999999,0.46999999999999997,0.17499999999999999,1.242,0.5675,0.28699999999999998,0.317
0.62,0.5,0.17999999999999999,1.3915,0.72599999999999998,0.27950000000000003,0.33200000000000002
0.62,0.52500000000000002,0.155,1.085,0.45400000000000001,0.19650000000000001,0.34999999999999998
0.62,0.46999999999999997,0.155,0.96599999999999997,0.44700000000000001,0.17100000000000001,0.28399999999999997
0.62,0.47999999999999998,0.16500000000000001,1.0854999999999999,0.48099999999999998,0.25750000000000001,0.30499999999999999
0.625,0.48499999999999999,0.13500000000000001,1.3025,0.60999999999999999,0.26750000000000002,0.36049999999999999
0.625,0.48499999999999999,0.16,1.1499999999999999,0.52549999999999997,0.25700000000000001,0.33150000000000002
0.63,0.48999999999999999,0.17000000000000001,1.2170000000000001,0.55149999999999999,0.21199999999999999,0.31
0.63,0.505,0.19500000000000001,1.306,0.51600000000000001,0.33050000000000002,0.375
0.64000000000000001,0.5,0.17499999999999999,1.2729999999999999,0.50649999999999995,0.29249999999999998,0.40500000000000003
0.64500000000000002,0.51000000000000001,0.19,1.4864999999999999,0.64449999999999996,0.29599999999999999,0.42499999999999999
0.65000000000000002,0.52000000000000002,0.17000000000000001,1.3654999999999999,0.61550000000000005,0.28849999999999998,0.35999999999999999
0.65000000000000002,0.495,0.17000000000000001,1.276,0.62150000000000005,0.23050000000000001,0.39900000000000002
0.65000000000000002,0.495,0.16,1.2075,0.55000000000000004,0.26950000000000002,0.32000000000000001
0.65000000000000002,0.52000000000000002,0.19500000000000001,1.2809999999999999,0.59850000000000003,0.246,0.38250000000000001
0.65000000000000002,0.52500000000000002,0.20499999999999999,1.4275,0.68999999999999995,0.30599999999999999,0.4355
0.65000000000000002,0.51000000000000001,0.17499999999999999,1.155,0.4955,0.20250000000000001,0.38500000000000001
0.65000000000000002,0.51000000000000001,0.17499999999999999,1.3500000000000001,0.57499999999999996,0.3155,0.38850000000000001
0.65000000000000002,0.52500000000000002,0.19,1.3685,0.59750000000000003,0.29599999999999999,0.40000000000000002
0.66000000000000003,0.53000000000000003,0.17000000000000001,1.431,0.622,0.309,0.39800000000000002
0.66000000000000003,0.51000000000000001,0.17999999999999999,1.2609999999999999,0.5,0.23350000000000001,0.33900000000000002
0.66500000000000004,0.54000000000000004,0.19500000000000001,1.764,0.85050000000000003,0.36149999999999999,0.46999999999999997
0.67000000000000004,0.51000000000000001,0.155,1.278,0.5605,0.30449999999999999,0.35799999999999998
0.67000000000000004,0.54000000000000004,0.19500000000000001,1.2170000000000001,0.53200000000000003,0.27350000000000002,0.33150000000000002
0.67000000000000004,0.54000000000000004,0.20000000000000001,1.46,0.64349999999999996,0.32800000000000001,0.41649999999999998
0.67500000000000004,0.53500000000000003,0.185,1.5575000000000001,0.70350000000000001,0.40200000000000002,0.40000000000000002
0.67500000000000004,0.51000000000000001,0.17000000000000001,1.5269999999999999,0.80900000000000005,0.318,0.34100000000000003
0.67500000000000004,0.53000000000000003,0.19500000000000001,1.4984999999999999,0.62,0.375,0.42499999999999999
0.68500000000000005,0.55000000000000004,0.19,1.885,0.89000000000000001,0.40999999999999998,0.48949999999999999
0.68500000000000005,0.53500000000000003,0.17499999999999999,1.4319999999999999,0.63700000000000001,0.247,0.46000000000000002
0.70499999999999996,0.55000000000000004,0.20999999999999999,1.4384999999999999,0.65500000000000003,0.32550000000000001,0.46200000000000002
0.70499999999999996,0.53000000000000003,0.17000000000000001,1.5640000000000001,0.61199999999999999,0.39400000000000002,0.44
0.70999999999999996,0.55500000000000005,0.17499999999999999,2.1400000000000001,1.2455000000000001,0.3725,0.434
0.72499999999999998,0.56000000000000005,0.185,1.792,0.873,0.36699999999999999,0.435
0.78000000000000003,0.59999999999999998,0.20999999999999999,2.548,1.1944999999999999,0.57450000000000001,0.67449999999999999
0.23499999999999999,0.13,0.074999999999999997,0.1585,0.068500000000000005,0.036999999999999998,0.0465
0.34999999999999998,0.25,0.10000000000000001,0.40150000000000002,0.17249999999999999,0.063,0.1255
0.35999999999999999,0.25,0.115,0.46500000000000002,0.20999999999999999,0.1055,0.128
0.38,0.28000000000000003,0.095000000000000001,0.28849999999999998,0.16500000000000001,0.043499999999999997,0.067000000000000004
0.38,0.32000000000000001,0.115,0.64749999999999996,0.32300000000000001,0.13250000000000001,0.16400000000000001
0.42999999999999999,0.31,0.13,0.64849999999999997,0.27350000000000002,0.16300000000000001,0.184
0.46500000000000002,0.35999999999999999,0.105,0.45200000000000001,0.22,0.159,0.10349999999999999
0.46999999999999997,0.35499999999999998,0.12,0.49149999999999999,0.17649999999999999,0.1125,0.13250000000000001
0.48499999999999999,0.36499999999999999,0.14999999999999999,0.91449999999999998,0.41449999999999998,0.19900000000000001,0.27300000000000002
0.495,0.375,0.155,0.97599999999999998,0.45000000000000001,0.22850000000000001,0.2475
0.5,0.39500000000000002,0.14499999999999999,0.78649999999999998,0.33200000000000002,0.18149999999999999,0.2455
0.505,0.40000000000000002,0.14999999999999999,0.77500000000000002,0.34449999999999997,0.157,0.185
0.51000000000000001,0.375,0.14999999999999999,0.84150000000000003,0.38450000000000001,0.156,0.255
0.51000000000000001,0.38,0.13500000000000001,0.68100000000000005,0.34350000000000003,0.14199999999999999,0.17000000000000001
0.51500000000000001,0.37,0.115,0.61450000000000005,0.34150000000000003,0.155,0.14599999999999999
0.55000000000000004,0.41499999999999998,0.17999999999999999,1.1655,0.502,0.30099999999999999,0.311
0.57499999999999996,0.41999999999999998,0.19,1.764,0.91400000000000003,0.377,0.40949999999999998
0.60499999999999998,0.45500000000000002,0.16,1.1214999999999999,0.53300000000000003,0.27300000000000002,0.27100000000000002
0.61499999999999999,0.505,0.16500000000000001,1.167,0.48949999999999999,0.29549999999999998,0.34499999999999997
0.61499999999999999,0.47499999999999998,0.14999999999999999,1.0375000000000001,0.47599999999999998,0.23250000000000001,0.28299999999999997
0.625,0.47999999999999998,0.17999999999999999,1.2230000000000001,0.56499999999999995,0.29749999999999999,0.33750000000000002
0.625,0.46999999999999997,0.14999999999999999,1.1240000000000001,0.55600000000000005,0.23150000000000001,0.28699999999999998
0.63500000000000001,0.505,0.17000000000000001,1.2635000000000001,0.51200000000000001,0.32200000000000001,0.35499999999999998
0.65000000000000002,0.52500000000000002,0.16500000000000001,1.238,0.64700000000000002,0.2485,0.30049999999999999
0.65000000000000002,0.5,0.17000000000000001,1.4045000000000001,0.69399999999999995,0.318,0.32350000000000001
0.67000000000000004,0.52500000000000002,0.19500000000000001,1.3700000000000001,0.60650000000000004,0.29549999999999998,0.40699999999999997
0.69499999999999995,0.52500000000000002,0.20499999999999999,1.8185,0.81899999999999995,0.40250000000000002,0.45250000000000001
0.70499999999999996,0.55500000000000005,0.19500000000000001,1.7524999999999999,0.71050000000000002,0.42149999999999999,0.51600000000000001
0.27500000000000002,0.20499999999999999,0.065000000000000002,0.10100000000000001,0.041000000000000002,0.021000000000000001,0.034000000000000002
0.28499999999999998,0.20499999999999999,0.070000000000000007,0.106,0.039,0.028500000000000001,0.034000000000000002
0.35999999999999999,0.26500000000000001,0.085000000000000006,0.1865,0.067500000000000004,0.036999999999999998,0.061499999999999999
0.38500000000000001,0.28999999999999998,0.10000000000000001,0.25750000000000001,0.10000000000000001,0.060999999999999999,0.085999999999999993
0.40000000000000002,0.315,0.10000000000000001,0.32250000000000001,0.14299999999999999,0.073499999999999996,0.090999999999999998
0.42999999999999999,0.33000000000000002,0.095000000000000001,0.32000000000000001,0.11799999999999999,0.065000000000000002,0.123
0.435,0.375,0.11,0.41549999999999998,0.17000000000000001,0.075999999999999998,0.14499999999999999
0.45000000000000001,0.33500000000000002,0.115,0.39350000000000002,0.19500000000000001,0.070999999999999994,0.11
0.47499999999999998,0.35499999999999998,0.13500000000000001,0.47749999999999998,0.2145,0.089999999999999997,0.14349999999999999
0.47499999999999998,0.35999999999999999,0.11,0.45200000000000001,0.191,0.099000000000000005,0.13
0.48499999999999999,0.37,0.14000000000000001,0.50649999999999995,0.24249999999999999,0.087999999999999995,0.14649999999999999
0.51000000000000001,0.39500000000000002,0.105,0.55249999999999999,0.23400000000000001,0.127,0.16500000000000001
0.51500000000000001,0.39000000000000001,0.12,0.56499999999999995,0.23499999999999999,0.13500000000000001,0.17899999999999999
0.52000000000000002,0.40999999999999998,0.14000000000000001,0.69899999999999995,0.33950000000000002,0.129,0.19450000000000001
0.52500000000000002,0.40000000000000002,0.14000000000000001,0.60550000000000004,0.26050000000000001,0.108,0.20999999999999999
0.53000000000000003,0.42499999999999999,0.155,0.79049999999999998,0.307,0.17100000000000001,0.25950000000000001
0.53000000000000003,0.42499999999999999,0.13,0.70199999999999996,0.29749999999999999,0.13950000000000001,0.22
0.53000000000000003,0.41999999999999998,0.13500000000000001,0.67500000000000004,0.29399999999999998,0.156,0.1825
0.53000000000000003,0.39500000000000002,0.115,0.47499999999999998,0.20250000000000001,0.10100000000000001,0.14799999999999999
0.53000000000000003,0.40999999999999998,0.14999999999999999,0.61199999999999999,0.24349999999999999,0.1525,0.1895
0.53500000000000003,0.40000000000000002,0.14499999999999999,0.70499999999999996,0.30649999999999999,0.13650000000000001,0.22
0.53500000000000003,0.45000000000000001,0.13500000000000001,0.72799999999999998,0.28449999999999998,0.1845,0.26500000000000001
0.55500000000000005,0.44,0.14000000000000001,0.84599999999999997,0.34599999999999997,0.17150000000000001,0.27350000000000002
0.55500000000000005,0.46000000000000002,0.16,0.85999999999999999,0.33450000000000002,0.19350000000000001,0.27500000000000002
0.56000000000000005,0.46500000000000002,0.14499999999999999,0.88749999999999996,0.33450000000000002,0.22,0.26950000000000002
0.56000000000000005,0.42999999999999999,0.14499999999999999,0.89800000000000002,0.38950000000000001,0.23250000000000001,0.245
0.56499999999999995,0.42999999999999999,0.125,0.65449999999999997,0.28149999999999997,0.13900000000000001,0.20999999999999999
0.57499999999999996,0.45000000000000001,0.14499999999999999,0.79500000000000004,0.36399999999999999,0.15049999999999999,0.26000000000000001
0.57499999999999996,0.46500000000000002,0.12,1.0535000000000001,0.51600000000000001,0.2185,0.23499999999999999
0.57499999999999996,0.46000000000000002,0.14999999999999999,0.92700000000000005,0.33300000000000002,0.20699999999999999,0.29849999999999999
0.57999999999999996,0.41999999999999998,0.14000000000000001,0.70099999999999996,0.32850000000000001,0.10199999999999999,0.22550000000000001
0.57999999999999996,0.45000000000000001,0.155,0.82750000000000001,0.32100000000000001,0.19750000000000001,0.2445
0.58499999999999996,0.41999999999999998,0.155,0.98450000000000004,0.442,0.2155,0.28749999999999998
0.58499999999999996,0.46999999999999997,0.14499999999999999,0.95650000000000002,0.40250000000000002,0.23649999999999999,0.26500000000000001
0.58999999999999997,0.45000000000000001,0.125,0.85999999999999999,0.437,0.1515,0.245
0.59499999999999997,0.47999999999999998,0.185,1.1785000000000001,0.52600000000000002,0.29749999999999999,0.314
0.61499999999999999,0.47999999999999998,0.185,1.2204999999999999,0.4985,0.315,0.33000000000000002
0.61499999999999999,0.45500000000000002,0.13,0.96850000000000003,0.48999999999999999,0.182,0.26550000000000001
0.62,0.5,0.17499999999999999,1.107,0.48949999999999999,0.23999999999999999,0.34300000000000003
0.62,0.47999999999999998,0.17999999999999999,1.1305000000000001,0.52849999999999997,0.26550000000000001,0.30599999999999999
0.62,0.47999999999999998,0.155,1.2555000000000001,0.52700000000000002,0.374,0.3175
0.625,0.495,0.155,1.177,0.50549999999999995,0.27800000000000002,0.34499999999999997
0.625,0.5,0.185,1.2424999999999999,0.59950000000000003,0.248,0.33500000000000002
0.63,0.48999999999999999,0.16,1.0900000000000001,0.40699999999999997,0.224,0.35399999999999998
0.63,0.47499999999999998,0.14999999999999999,1.0720000000000001,0.433,0.29749999999999999,0.315
0.64500000000000002,0.51000000000000001,0.155,1.129,0.50149999999999995,0.23999999999999999,0.34200000000000003
0.65000000000000002,0.505,0.17499999999999999,1.2075,0.51049999999999995,0.26200000000000001,0.39000000000000001
0.65000000000000002,0.495,0.17499999999999999,1.2270000000000001,0.52800000000000002,0.25800000000000001,0.37
0.65500000000000003,0.52000000000000002,0.17499999999999999,1.472,0.62749999999999995,0.27000000000000002,0.45000000000000001
0.66500000000000004,0.52500000000000002,0.17999999999999999,1.5785,0.67800000000000005,0.22900000000000001,0.45600000000000002
0.67000000000000004,0.52000000000000002,0.17499999999999999,1.4755,0.62749999999999995,0.379,0.374
0.67500000000000004,0.54000000000000004,0.17499999999999999,1.5545,0.66449999999999998,0.27800000000000002,0.51200000000000001
0.67500000000000004,0.54000000000000004,0.20999999999999999,1.593,0.68600000000000005,0.318,0.45000000000000001
0.69499999999999995,0.57999999999999996,0.20000000000000001,1.8995,0.67500000000000004,0.47799999999999998,0.52949999999999997
0.69499999999999995,0.53500000000000003,0.17499999999999999,1.361,0.54649999999999999,0.28149999999999997,0.46500000000000002
0.70499999999999996,0.56000000000000005,0.17000000000000001,1.4575,0.60699999999999998,0.318,0.44
0.73999999999999999,0.57999999999999996,0.20499999999999999,2.3809999999999998,0.8155,0.46949999999999997,0.48799999999999999
0.20499999999999999,0.155,0.044999999999999998,0.049500000000000002,0.0235,0.010999999999999999,0.014
0.30499999999999999,0.23000000000000001,0.074999999999999997,0.14549999999999999,0.059499999999999997,0.030499999999999999,0.050000000000000003
0.32000000000000001,0.23000000000000001,0.059999999999999998,0.129,0.061499999999999999,0.0275,0.035499999999999997
0.35499999999999998,0.27000000000000002,0.10000000000000001,0.22550000000000001,0.11,0.042000000000000003,0.064000000000000001
0.42499999999999999,0.30499999999999999,0.11,0.35899999999999999,0.17299999999999999,0.087499999999999994,0.097500000000000003
0.42499999999999999,0.31,0.095000000000000001,0.35049999999999998,0.16450000000000001,0.070999999999999994,0.10000000000000001
0.45000000000000001,0.36499999999999999,0.115,0.58850000000000002,0.318,0.121,0.13250000000000001
0.51500000000000001,0.38500000000000001,0.13,0.623,0.28549999999999998,0.1285,0.17499999999999999
0.52000000000000002,0.375,0.13500000000000001,0.53749999999999998,0.221,0.11700000000000001,0.17000000000000001
0.52500000000000002,0.40000000000000002,0.125,0.5655,0.24349999999999999,0.11899999999999999,0.17499999999999999
0.55500000000000005,0.44500000000000001,0.13,0.86250000000000004,0.42249999999999999,0.155,0.23999999999999999
0.60999999999999999,0.48999999999999999,0.17000000000000001,1.137,0.46050000000000002,0.28249999999999997,0.34399999999999997
0.34999999999999998,0.26000000000000001,0.095000000000000001,0.221,0.098500000000000004,0.042999999999999997,0.070000000000000007
0.38,0.27500000000000002,0.095000000000000001,0.24249999999999999,0.106,0.048500000000000001,0.20999999999999999
0.46000000000000002,0.34000000000000002,0.10000000000000001,0.38600000000000001,0.18049999999999999,0.087499999999999994,0.096500000000000002
0.46500000000000002,0.35499999999999998,0.12,0.53149999999999997,0.27250000000000002,0.097000000000000003,0.13950000000000001
0.47499999999999998,0.38500000000000001,0.12,0.56200000000000006,0.28899999999999998,0.090499999999999997,0.153
0.56499999999999995,0.44500000000000001,0.14000000000000001,0.83599999999999997,0.40600000000000003,0.1605,0.22450000000000001
0.56999999999999995,0.45000000000000001,0.14000000000000001,0.92749999999999999,0.47699999999999998,0.1605,0.2515
0.56999999999999995,0.44,0.14499999999999999,0.88149999999999995,0.36049999999999999,0.19550000000000001,0.27350000000000002
0.59499999999999997,0.46000000000000002,0.155,1.03,0.42749999999999999,0.20699999999999999,0.33050000000000002
0.60499999999999998,0.47999999999999998,0.17499999999999999,1.1685000000000001,0.48149999999999998,0.23050000000000001,0.35599999999999998
0.61499999999999999,0.45500000000000002,0.13500000000000001,1.0589999999999999,0.47349999999999998,0.26300000000000001,0.27400000000000002
0.62,0.46000000000000002,0.17000000000000001,1.127,0.53500000000000003,0.26350000000000001,0.29599999999999999
0.625,0.46999999999999997,0.17000000000000001,1.1665000000000001,0.46050000000000002,0.25650000000000001,0.39450000000000002
0.68000000000000005,0.52000000000000002,0.185,1.5409999999999999,0.59850000000000003,0.39500000000000002,0.45750000000000002
0.68000000000000005,0.54000000000000004,0.19500000000000001,1.7825,0.55649999999999999,0.32350000000000001,0.42849999999999999
0.68000000000000005,0.52000000000000002,0.17499999999999999,1.5429999999999999,0.75249999999999995,0.35099999999999998,0.374
0.70999999999999996,0.55500000000000005,0.17000000000000001,1.47,0.53749999999999998,0.38,0.43099999999999999
0.5,0.38500000000000001,0.12,0.63349999999999995,0.23050000000000001,0.125,0.23499999999999999
0.54500000000000004,0.41999999999999998,0.17499999999999999,0.754,0.25600000000000001,0.17749999999999999,0.27500000000000002
0.46000000000000002,0.36499999999999999,0.115,0.44850000000000001,0.16500000000000001,0.083000000000000004,0.17000000000000001
0.53500000000000003,0.40999999999999998,0.14999999999999999,0.8105,0.34499999999999997,0.187,0.23999999999999999
0.33500000000000002,0.26000000000000001,0.074999999999999997,0.22,0.085500000000000007,0.040000000000000001,0.085000000000000006
0.42499999999999999,0.34999999999999998,0.10000000000000001,0.4425,0.17499999999999999,0.075499999999999998,0.17499999999999999
0.40999999999999998,0.32500000000000001,0.10000000000000001,0.35549999999999998,0.14599999999999999,0.071999999999999995,0.105
0.17000000000000001,0.105,0.035000000000000003,0.034000000000000002,0.012,0.0085000000000000006,0.0050000000000000001
0.33500000000000002,0.25,0.095000000000000001,0.185,0.079500000000000001,0.049500000000000002,0.055
0.52000000000000002,0.42499999999999999,0.125,0.79000000000000004,0.372,0.20499999999999999,0.19
0.53000000000000003,0.40999999999999998,0.14499999999999999,0.82550000000000001,0.375,0.20399999999999999,0.245
0.5,0.41999999999999998,0.125,0.62,0.255,0.14999999999999999,0.20499999999999999
0.61499999999999999,0.47499999999999998,0.14499999999999999,0.95250000000000001,0.39150000000000001,0.19500000000000001,0.32000000000000001
0.57499999999999996,0.45000000000000001,0.16,0.95499999999999996,0.44,0.16850000000000001,0.27000000000000002
0.56999999999999995,0.45000000000000001,0.155,0.91000000000000003,0.32600000000000001,0.1895,0.35499999999999998
0.45500000000000002,0.34999999999999998,0.105,0.41599999999999998,0.16250000000000001,0.097000000000000003,0.14499999999999999
0.37,0.27500000000000002,0.085000000000000006,0.20449999999999999,0.096000000000000002,0.056000000000000001,0.080000000000000002
0.44500000000000001,0.37,0.125,0.51500000000000001,0.2495,0.086999999999999994,0.159
0.67500000000000004,0.53500000000000003,0.22,1.6040000000000001,0.61750000000000005,0.42549999999999999,0.45300000000000001
0.38500000000000001,0.29999999999999999,0.115,0.34350000000000003,0.16450000000000001,0.085000000000000006,0.10249999999999999
0.375,0.29499999999999998,0.11,0.30049999999999999,0.1255,0.057500000000000002,0.10349999999999999
0.56000000000000005,0.44,0.13,0.82550000000000001,0.24249999999999999,0.20200000000000001,0.28499999999999998
0.55000000000000004,0.40999999999999998,0.14999999999999999,0.78500000000000003,0.28199999999999997,0.186,0.27500000000000002
0.56999999999999995,0.46500000000000002,0.155,0.96850000000000003,0.44600000000000001,0.26100000000000001,0.255
0.48499999999999999,0.40000000000000002,0.155,0.73099999999999998,0.23599999999999999,0.183,0.255
0.40999999999999998,0.33500000000000002,0.115,0.4405,0.19,0.085000000000000006,0.13500000000000001
0.33500000000000002,0.255,0.085000000000000006,0.17849999999999999,0.070999999999999994,0.040500000000000001,0.055
0.65500000000000003,0.51500000000000001,0.20000000000000001,1.373,0.443,0.33750000000000002,0.48999999999999999
0.56499999999999995,0.45000000000000001,0.16500000000000001,0.97650000000000003,0.32200000000000001,0.24399999999999999,0.37
0.56999999999999995,0.44,0.19,1.018,0.44700000000000001,0.20699999999999999,0.26500000000000001
0.55000000000000004,0.46500000000000002,0.14999999999999999,1.0820000000000001,0.35749999999999998,0.19400000000000001,0.19
0.63,0.47499999999999998,0.17499999999999999,1.423,0.41549999999999998,0.33850000000000002,0.48999999999999999
0.47499999999999998,0.37,0.125,0.65500000000000003,0.26600000000000001,0.17249999999999999,0.185
0.65500000000000003,0.5,0.17999999999999999,1.4155,0.50800000000000001,0.314,0.44500000000000001
0.32000000000000001,0.23499999999999999,0.065000000000000002,0.13850000000000001,0.058000000000000003,0.022499999999999999,0.050000000000000003
0.52500000000000002,0.39500000000000002,0.16500000000000001,0.78200000000000003,0.28499999999999998,0.14050000000000001,0.28499999999999998
0.52500000000000002,0.42999999999999999,0.16500000000000001,0.71699999999999997,0.28899999999999998,0.17449999999999999,0.19500000000000001
0.5,0.39000000000000001,0.13,0.63549999999999995,0.2505,0.16350000000000001,0.19500000000000001
0.44,0.34000000000000002,0.13500000000000001,0.39750000000000002,0.15049999999999999,0.094500000000000001,0.13500000000000001
0.48999999999999999,0.38500000000000001,0.16,0.65600000000000003,0.2455,0.17100000000000001,0.20499999999999999
0.54500000000000004,0.44,0.16500000000000001,0.74399999999999999,0.28749999999999998,0.20399999999999999,0.25
0.45000000000000001,0.35999999999999999,0.11,0.44700000000000001,0.20300000000000001,0.082000000000000003,0.13
0.51500000000000001,0.40000000000000002,0.115,0.57799999999999996,0.191,0.14449999999999999,0.17000000000000001
0.33000000000000002,0.25,0.074999999999999997,0.14050000000000001,0.056000000000000001,0.035000000000000003,0.050000000000000003
0.52500000000000002,0.40999999999999998,0.14999999999999999,0.70799999999999996,0.27400000000000002,0.151,0.25
0.29499999999999998,0.22500000000000001,0.089999999999999997,0.13850000000000001,0.048000000000000001,0.045999999999999999,0.050000000000000003
0.54500000000000004,0.45000000000000001,0.16,0.86150000000000004,0.29249999999999998,0.1545,0.36499999999999999
0.64500000000000002,0.5,0.22500000000000001,1.6259999999999999,0.58699999999999997,0.40550000000000003,0.40999999999999998
0.45000000000000001,0.35499999999999998,0.115,0.47799999999999998,0.17999999999999999,0.11849999999999999,0.155
0.60999999999999999,0.48999999999999999,0.17000000000000001,1.1775,0.5655,0.23849999999999999,0.29499999999999998
0.38,0.29999999999999999,0.10000000000000001,0.28599999999999998,0.1305,0.056000000000000001,0.089999999999999997
0.56499999999999995,0.45500000000000002,0.13,1.0580000000000001,0.439,0.26450000000000001,0.29999999999999999
0.67000000000000004,0.54500000000000004,0.16,1.5415000000000001,0.59850000000000003,0.25650000000000001,0.495
0.54000000000000004,0.42499999999999999,0.12,0.81699999999999995,0.29449999999999998,0.153,0.19500000000000001
0.28999999999999998,0.22500000000000001,0.074999999999999997,0.152,0.070999999999999994,0.058999999999999997,0.044999999999999998
0.40999999999999998,0.33000000000000002,0.105,0.33500000000000002,0.1525,0.073999999999999996,0.11
0.46000000000000002,0.375,0.12,0.49149999999999999,0.2205,0.087999999999999995,0.17000000000000001
0.56000000000000005,0.44,0.155,0.97050000000000003,0.43149999999999999,0.26300000000000001,0.255
0.57499999999999996,0.45000000000000001,0.10000000000000001,0.93149999999999999,0.43099999999999999,0.222,0.23499999999999999
0.62,0.5,0.20000000000000001,1.2210000000000001,0.46050000000000002,0.26300000000000001,0.42999999999999999
0.51500000000000001,0.40000000000000002,0.14000000000000001,0.73650000000000004,0.29549999999999998,0.184,0.185
0.56000000000000005,0.46000000000000002,0.17999999999999999,0.96999999999999997,0.34200000000000003,0.19600000000000001,0.35499999999999998
0.5,0.40000000000000002,0.14999999999999999,0.8085,0.27300000000000002,0.112,0.29499999999999998
0.435,0.35499999999999998,0.125,0.40749999999999997,0.1535,0.073999999999999996,0.16500000000000001
0.495,0.38,0.13500000000000001,0.62949999999999995,0.26300000000000001,0.14249999999999999,0.215
0.59499999999999997,0.5,0.17999999999999999,1.0529999999999999,0.4405,0.192,0.39000000000000001
0.76000000000000001,0.57499999999999996,0.19,1.829,0.70350000000000001,0.38600000000000001,0.56000000000000005
0.61499999999999999,0.5,0.16500000000000001,1.1765000000000001,0.48799999999999999,0.24399999999999999,0.34499999999999997
0.56499999999999995,0.46000000000000002,0.14999999999999999,0.87649999999999995,0.34549999999999997,0.1925,0.27500000000000002
0.14000000000000001,0.105,0.035000000000000003,0.014500000000000001,0.0050000000000000001,0.0035000000000000001,0.0050000000000000001
0.44500000000000001,0.34499999999999997,0.14000000000000001,0.47599999999999998,0.20549999999999999,0.10150000000000001,0.1085
0.52500000000000002,0.42999999999999999,0.125,0.81299999999999994,0.33150000000000002,0.16600000000000001,0.17749999999999999
0.16,0.12,0.02,0.017999999999999999,0.0074999999999999997,0.0044999999999999997,0.0050000000000000001
0.63500000000000001,0.47999999999999998,0.23499999999999999,1.0640000000000001,0.41299999999999998,0.22800000000000001,0.35999999999999999
0.57499999999999996,0.46999999999999997,0.16500000000000001,0.85299999999999998,0.29199999999999998,0.17899999999999999,0.34999999999999998
0.38,0.27000000000000002,0.095000000000000001,0.219,0.083500000000000005,0.051499999999999997,0.070000000000000007
0.245,0.17999999999999999,0.065000000000000002,0.063500000000000001,0.024500000000000001,0.0135,0.02
0.47999999999999998,0.39000000000000001,0.14999999999999999,0.62749999999999995,0.27600000000000002,0.13400000000000001,0.185
0.45500000000000002,0.36499999999999999,0.13500000000000001,0.441,0.1515,0.11650000000000001,0.14499999999999999
0.45500000000000002,0.375,0.125,0.45800000000000002,0.19850000000000001,0.111,0.12
0.45500000000000002,0.35499999999999998,0.13500000000000001,0.47449999999999998,0.1865,0.0935,0.16800000000000001
0.35499999999999998,0.27000000000000002,0.10000000000000001,0.216,0.083000000000000004,0.036999999999999998,0.074999999999999997
0.52000000000000002,0.40500000000000003,0.14000000000000001,0.67649999999999999,0.28649999999999998,0.14599999999999999,0.20499999999999999
0.54000000000000004,0.40000000000000002,0.14499999999999999,0.75700000000000001,0.315,0.18099999999999999,0.215
0.52000000000000002,0.39000000000000001,0.14000000000000001,0.73250000000000004,0.24149999999999999,0.14399999999999999,0.26000000000000001
0.56000000000000005,0.44500000000000001,0.16500000000000001,1.0285,0.45350000000000001,0.253,0.27500000000000002
0.52000000000000002,0.40999999999999998,0.16,0.71199999999999997,0.28449999999999998,0.153,0.22500000000000001
0.61499999999999999,0.46000000000000002,0.19,1.0660000000000001,0.4335,0.22600000000000001,0.33000000000000002
0.64500000000000002,0.48999999999999999,0.19,1.3065,0.47899999999999998,0.35649999999999998,0.34499999999999997
0.56499999999999995,0.42999999999999999,0.13500000000000001,0.85450000000000004,0.32100000000000001,0.17749999999999999,0.27500000000000002
0.29499999999999998,0.23000000000000001,0.085000000000000006,0.125,0.042000000000000003,0.028500000000000001,0.042999999999999997
0.375,0.28000000000000003,0.095000000000000001,0.2225,0.087499999999999994,0.042999999999999997,0.080000000000000002
0.52500000000000002,0.40000000000000002,0.14000000000000001,0.69550000000000001,0.24049999999999999,0.16,0.253
0.39500000000000002,0.28000000000000003,0.080000000000000002,0.26600000000000001,0.099500000000000005,0.066000000000000003,0.089999999999999997
0.5,0.40000000000000002,0.16500000000000001,0.71050000000000002,0.27000000000000002,0.14549999999999999,0.22500000000000001
0.46999999999999997,0.34999999999999998,0.115,0.48699999999999999,0.19550000000000001,0.127,0.155
0.57999999999999996,0.41999999999999998,0.16,0.72799999999999998,0.27250000000000002,0.19,0.19
0.5,0.38,0.155,0.66749999999999998,0.27450000000000002,0.156,0.17999999999999999
0.72499999999999998,0.55000000000000004,0.22,2.0495000000000001,0.77349999999999997,0.4405,0.65500000000000003
0.65000000000000002,0.51500000000000001,0.215,1.498,0.56399999999999995,0.32300000000000001,0.42499999999999999
0.67000000000000004,0.53500000000000003,0.185,1.597,0.62749999999999995,0.34999999999999998,0.46999999999999997
0.55000000000000004,0.44,0.16500000000000001,0.86050000000000004,0.312,0.16900000000000001,0.29999999999999999
0.48999999999999999,0.37,0.115,0.54100000000000004,0.17100000000000001,0.11749999999999999,0.185
0.23499999999999999,0.17999999999999999,0.059999999999999998,0.058000000000000003,0.021999999999999999,0.014500000000000001,0.017999999999999999
0.23499999999999999,0.17499999999999999,0.080000000000000002,0.064500000000000002,0.021499999999999998,0.017500000000000002,0.021499999999999998
0.52000000000000002,0.40999999999999998,0.115,0.77000000000000002,0.26300000000000001,0.157,0.26000000000000001
0.47499999999999998,0.40000000000000002,0.115,0.54100000000000004,0.186,0.10249999999999999,0.20999999999999999
0.53000000000000003,0.42499999999999999,0.11,0.73899999999999999,0.23699999999999999,0.161,0.29499999999999998
0.34999999999999998,0.27500000000000002,0.065000000000000002,0.20499999999999999,0.074499999999999997,0.0465,0.070000000000000007
0.55500000000000005,0.41999999999999998,0.14499999999999999,0.86950000000000005,0.3075,0.25750000000000001,0.25
0.505,0.39000000000000001,0.105,0.65549999999999997,0.25950000000000001,0.17999999999999999,0.19
0.54000000000000004,0.44,0.16,1.0905,0.39100000000000001,0.22950000000000001,0.35499999999999998
0.52500000000000002,0.40000000000000002,0.115,0.62949999999999995,0.2555,0.14399999999999999,0.17999999999999999
0.55000000000000004,0.45000000000000001,0.17499999999999999,1.0985,0.3765,0.215,0.40000000000000002
0.55000000000000004,0.44,0.16,0.99099999999999999,0.34799999999999998,0.16800000000000001,0.375
0.23499999999999999,0.17499999999999999,0.065000000000000002,0.061499999999999999,0.020500000000000001,0.02,0.019
0.52500000000000002,0.40999999999999998,0.16500000000000001,0.80049999999999999,0.26350000000000001,0.19850000000000001,0.25
0.47499999999999998,0.36499999999999999,0.14000000000000001,0.61750000000000005,0.20200000000000001,0.14449999999999999,0.19
0.53000000000000003,0.40000000000000002,0.16500000000000001,0.77200000000000002,0.28549999999999998,0.19750000000000001,0.23000000000000001
0.52500000000000002,0.41499999999999998,0.14999999999999999,0.71550000000000002,0.23549999999999999,0.17100000000000001,0.27000000000000002
0.53000000000000003,0.42499999999999999,0.13,0.71699999999999997,0.21149999999999999,0.16600000000000001,0.255
0.46500000000000002,0.39000000000000001,0.11,0.63549999999999995,0.18149999999999999,0.157,0.22500000000000001
0.315,0.23499999999999999,0.080000000000000002,0.17999999999999999,0.080000000000000002,0.044999999999999998,0.047
0.46500000000000002,0.35499999999999998,0.12,0.58050000000000002,0.255,0.091499999999999998,0.184
0.48499999999999999,0.38500000000000001,0.105,0.55600000000000005,0.29599999999999999,0.104,0.13300000000000001
0.48999999999999999,0.38500000000000001,0.12,0.59099999999999997,0.27100000000000002,0.1125,0.17749999999999999
0.51500000000000001,0.39500000000000002,0.14000000000000001,0.68600000000000005,0.28100000000000003,0.1255,0.22
0.55500000000000005,0.44,0.155,1.016,0.49349999999999999,0.1855,0.26300000000000001
0.60999999999999999,0.5,0.17999999999999999,1.4379999999999999,0.51849999999999996,0.3735,0.33450000000000002
0.68000000000000005,0.55000000000000004,0.19,1.8069999999999999,0.82250000000000001,0.36549999999999999,0.51500000000000001
0.68999999999999995,0.55000000000000004,0.19500000000000001,1.7769999999999999,0.76900000000000002,0.38,0.43049999999999999
0.69499999999999995,0.55000000000000004,0.20499999999999999,2.173,1.133,0.46650000000000003,0.496
0.71999999999999997,0.57499999999999996,0.19500000000000001,2.1505000000000001,1.0745,0.38200000000000001,0.58499999999999996
0.27000000000000002,0.20499999999999999,0.074999999999999997,0.11799999999999999,0.058999999999999997,0.031,0.030499999999999999
0.27000000000000002,0.19,0.059999999999999998,0.099000000000000005,0.044499999999999998,0.017000000000000001,0.029999999999999999
0.29499999999999998,0.22,0.070000000000000007,0.13650000000000001,0.057500000000000002,0.029499999999999998,0.035000000000000003
0.29499999999999998,0.22,0.065000000000000002,0.1295,0.051999999999999998,0.028000000000000001,0.035000000000000003
0.315,0.23000000000000001,0.070000000000000007,0.16400000000000001,0.0625,0.040000000000000001,0.044999999999999998
0.375,0.28999999999999998,0.095000000000000001,0.28749999999999998,0.123,0.060499999999999998,0.080000000000000002
0.38,0.29999999999999999,0.089999999999999997,0.27700000000000002,0.16550000000000001,0.0625,0.082000000000000003
0.38500000000000001,0.28499999999999998,0.089999999999999997,0.248,0.0935,0.066000000000000003,0.070000000000000007
0.40000000000000002,0.29499999999999998,0.095000000000000001,0.252,0.1105,0.057500000000000002,0.066000000000000003
0.41499999999999998,0.315,0.12,0.40150000000000002,0.19900000000000001,0.086999999999999994,0.097000000000000003
0.41499999999999998,0.33000000000000002,0.10000000000000001,0.39050000000000001,0.1925,0.075499999999999998,0.10249999999999999
0.41999999999999998,0.32000000000000001,0.115,0.40899999999999997,0.20549999999999999,0.0935,0.105
0.44,0.33000000000000002,0.13500000000000001,0.40949999999999998,0.16300000000000001,0.10050000000000001,0.11899999999999999
0.45000000000000001,0.34999999999999998,0.13500000000000001,0.49399999999999999,0.2205,0.094500000000000001,0.14050000000000001
0.47499999999999998,0.34999999999999998,0.12,0.49049999999999999,0.20349999999999999,0.13,0.13500000000000001
0.48499999999999999,0.39000000000000001,0.12,0.59899999999999998,0.251,0.13450000000000001,0.16900000000000001
0.495,0.375,0.115,0.62450000000000006,0.28199999999999997,0.14299999999999999,0.155
0.52500000000000002,0.40999999999999998,0.115,0.77449999999999997,0.41599999999999998,0.16300000000000001,0.17999999999999999
0.56499999999999995,0.45500000000000002,0.14999999999999999,0.97950000000000004,0.44400000000000001,0.20499999999999999,0.27500000000000002
0.57999999999999996,0.435,0.14999999999999999,0.89149999999999996,0.36299999999999999,0.1925,0.2515
0.58499999999999996,0.45000000000000001,0.125,0.874,0.35449999999999998,0.20749999999999999,0.22500000000000001
0.59999999999999998,0.46500000000000002,0.155,1.262,0.62450000000000006,0.2455,0.33000000000000002
0.63,0.47999999999999998,0.185,1.21,0.53000000000000003,0.2555,0.32200000000000001
0.64500000000000002,0.52500000000000002,0.17000000000000001,1.3700000000000001,0.61350000000000005,0.28299999999999997,0.34000000000000002
0.65500000000000003,0.54500000000000004,0.185,1.7589999999999999,0.6865,0.313,0.54700000000000004
0.66500000000000004,0.51500000000000001,0.16500000000000001,1.3855,0.621,0.30199999999999999,0.34449999999999997
0.67000000000000004,0.52000000000000002,0.19500000000000001,1.8065,0.75800000000000001,0.3735,0.50549999999999995
0.67000000000000004,0.51000000000000001,0.20000000000000001,1.5945,0.67049999999999998,0.38450000000000001,0.45050000000000001
0.68500000000000005,0.51000000000000001,0.17999999999999999,1.4544999999999999,0.63149999999999995,0.3105,0.3725
0.69999999999999996,0.59999999999999998,0.23000000000000001,2.0030000000000001,0.8105,0.40450000000000003,0.57550000000000001
0.71999999999999997,0.59999999999999998,0.23499999999999999,2.2385000000000002,0.98399999999999999,0.41099999999999998,0.621
0.185,0.13500000000000001,0.044999999999999998,0.032000000000000001,0.010999999999999999,0.0064999999999999997,0.01
0.245,0.17499999999999999,0.055,0.0785,0.040000000000000001,0.017999999999999999,0.02
0.35999999999999999,0.27000000000000002,0.089999999999999997,0.20749999999999999,0.098000000000000004,0.039,0.062
0.375,0.28000000000000003,0.080000000000000002,0.2235,0.115,0.042999999999999997,0.055
0.41499999999999998,0.31,0.095000000000000001,0.34000000000000002,0.18099999999999999,0.057000000000000002,0.083000000000000004
0.45500000000000002,0.34999999999999998,0.13500000000000001,0.53649999999999998,0.28549999999999998,0.085500000000000007,0.13250000000000001
0.47999999999999998,0.34999999999999998,0.105,0.63500000000000001,0.35199999999999998,0.127,0.13500000000000001
0.48499999999999999,0.375,0.125,0.56200000000000006,0.2505,0.13450000000000001,0.1525
0.51000000000000001,0.39000000000000001,0.125,0.59699999999999998,0.29299999999999998,0.1265,0.1555
0.52000000000000002,0.39500000000000002,0.125,0.58150000000000002,0.25650000000000001,0.1265,0.17000000000000001
0.55500000000000005,0.42999999999999999,0.14000000000000001,0.75449999999999995,0.35249999999999998,0.1835,0.20150000000000001
0.58499999999999996,0.46500000000000002,0.14999999999999999,0.97999999999999998,0.43149999999999999,0.2545,0.247
0.58499999999999996,0.46000000000000002,0.14999999999999999,1.0035000000000001,0.503,0.21049999999999999,0.2515
0.58499999999999996,0.45500000000000002,0.155,1.133,0.55149999999999999,0.223,0.30499999999999999
0.60999999999999999,0.48999999999999999,0.16,1.1459999999999999,0.59699999999999998,0.246,0.26500000000000001
0.60999999999999999,0.47499999999999998,0.14999999999999999,1.1419999999999999,0.62,0.23699999999999999,0.245
0.61499999999999999,0.53000000000000003,0.17000000000000001,1.1200000000000001,0.57750000000000001,0.20949999999999999,0.28599999999999998
0.62,0.46500000000000002,0.14000000000000001,1.0109999999999999,0.47899999999999998,0.23849999999999999,0.255
0.625,0.505,0.17499999999999999,1.131,0.54249999999999998,0.22650000000000001,0.32300000000000001
0.625,0.47999999999999998,0.17499999999999999,1.0649999999999999,0.48649999999999999,0.25900000000000001,0.28499999999999998
0.63500000000000001,0.47999999999999998,0.14499999999999999,1.181,0.66500000000000004,0.22900000000000001,0.22500000000000001
0.64000000000000001,0.52500000000000002,0.17499999999999999,1.3819999999999999,0.64600000000000002,0.3115,0.37
0.66000000000000003,0.505,0.19,1.4384999999999999,0.67749999999999999,0.28499999999999998,0.17799999999999999
0.66000000000000003,0.48499999999999999,0.155,1.2275,0.60999999999999999,0.27400000000000002,0.29999999999999999
0.66000000000000003,0.51500000000000001,0.155,1.4415,0.70550000000000002,0.35549999999999998,0.33500000000000002
0.68000000000000005,0.55000000000000004,0.17499999999999999,1.4730000000000001,0.71299999999999997,0.28199999999999997,0.42949999999999999
0.68999999999999995,0.57999999999999996,0.19500000000000001,1.6579999999999999,0.70799999999999996,0.36149999999999999,0.47149999999999997
0.71999999999999997,0.54500000000000004,0.19500000000000001,1.7475000000000001,0.82150000000000001,0.38300000000000001,0.47049999999999997
0.27500000000000002,0.20000000000000001,0.070000000000000007,0.096000000000000002,0.036999999999999998,0.022499999999999999,0.029999999999999999
0.33000000000000002,0.245,0.065000000000000002,0.14449999999999999,0.058000000000000003,0.032000000000000001,0.050500000000000003
0.33000000000000002,0.26000000000000001,0.085000000000000006,0.19650000000000001,0.091499999999999998,0.042500000000000003,0.055
0.36499999999999999,0.28000000000000003,0.089999999999999997,0.19600000000000001,0.086499999999999994,0.035999999999999997,0.060499999999999998
0.36499999999999999,0.27000000000000002,0.089999999999999997,0.2155,0.10050000000000001,0.049000000000000002,0.065500000000000003
0.41999999999999998,0.31,0.10000000000000001,0.28050000000000003,0.1125,0.061499999999999999,0.092499999999999999
0.435,0.33500000000000002,0.11,0.33400000000000002,0.13550000000000001,0.077499999999999999,0.096500000000000002
0.435,0.32500000000000001,0.10000000000000001,0.36599999999999999,0.17399999999999999,0.072499999999999995,0.109
0.44,0.32500000000000001,0.11,0.4965,0.25800000000000001,0.1195,0.1075
0.48499999999999999,0.36499999999999999,0.089999999999999997,0.65100000000000002,0.3165,0.13200000000000001,0.17999999999999999
0.495,0.38500000000000001,0.125,0.51249999999999996,0.20749999999999999,0.11550000000000001,0.17199999999999999
0.51000000000000001,0.40500000000000003,0.125,0.6925,0.32700000000000001,0.155,0.18049999999999999
0.52000000000000002,0.40999999999999998,0.14000000000000001,0.59950000000000003,0.24199999999999999,0.13750000000000001,0.182
0.54000000000000004,0.41999999999999998,0.14000000000000001,0.73999999999999999,0.35949999999999999,0.159,0.19850000000000001
0.54000000000000004,0.41499999999999998,0.155,0.70199999999999996,0.32200000000000001,0.16700000000000001,0.19
0.55000000000000004,0.44500000000000001,0.125,0.67200000000000004,0.28799999999999998,0.13650000000000001,0.20999999999999999
0.56000000000000005,0.44,0.155,0.81100000000000005,0.36849999999999999,0.17799999999999999,0.23499999999999999
0.57499999999999996,0.45000000000000001,0.12,0.95850000000000002,0.44700000000000001,0.16900000000000001,0.27500000000000002
0.57499999999999996,0.45000000000000001,0.14999999999999999,0.85799999999999998,0.44900000000000001,0.16600000000000001,0.215
0.57499999999999996,0.46000000000000002,0.16500000000000001,0.95750000000000002,0.48149999999999998,0.19450000000000001,0.23599999999999999
0.57999999999999996,0.46000000000000002,0.13500000000000001,0.92600000000000005,0.40250000000000002,0.20799999999999999,0.27500000000000002
0.57999999999999996,0.42499999999999999,0.155,0.873,0.36149999999999999,0.249,0.23899999999999999
0.58999999999999997,0.45000000000000001,0.16,0.998,0.44500000000000001,0.214,0.30099999999999999
0.59999999999999998,0.46000000000000002,0.155,0.66549999999999998,0.28499999999999998,0.14899999999999999,0.26900000000000002
0.62,0.48499999999999999,0.14499999999999999,1.0029999999999999,0.46550000000000002,0.2195,0.28000000000000003
0.625,0.495,0.16,1.234,0.63349999999999995,0.192,0.34999999999999998
0.625,0.495,0.155,1.0249999999999999,0.46000000000000002,0.19450000000000001,0.34000000000000002
0.625,0.495,0.17499999999999999,1.2935000000000001,0.58050000000000002,0.317,0.35499999999999998
0.625,0.5,0.17499999999999999,1.0565,0.46150000000000002,0.25800000000000001,0.30499999999999999
0.625,0.46999999999999997,0.14499999999999999,1.7855000000000001,0.67500000000000004,0.247,0.32450000000000001
0.625,0.48499999999999999,0.16500000000000001,1.2255,0.50749999999999995,0.29599999999999999,0.35999999999999999
0.63500000000000001,0.5,0.17999999999999999,1.2565,0.53900000000000003,0.29199999999999998,0.34999999999999998
0.64500000000000002,0.5,0.14999999999999999,1.159,0.46750000000000003,0.33550000000000002,0.31
0.64500000000000002,0.51000000000000001,0.16500000000000001,1.403,0.57550000000000001,0.2515,0.45450000000000002
0.68999999999999995,0.53500000000000003,0.185,1.8260000000000001,0.79700000000000004,0.40899999999999997,0.499
0.69499999999999995,0.56000000000000005,0.185,1.7715000000000001,0.81950000000000001,0.33100000000000002,0.437
0.51500000000000001,0.39000000000000001,0.12,0.61250000000000004,0.30199999999999999,0.13650000000000001,0.14149999999999999
0.54500000000000004,0.40500000000000003,0.13,0.65800000000000003,0.32700000000000001,0.14449999999999999,0.17399999999999999
0.62,0.46500000000000002,0.14499999999999999,0.91100000000000003,0.375,0.2145,0.27800000000000002
0.63,0.48999999999999999,0.14999999999999999,1.1955,0.58450000000000002,0.25700000000000001,0.29999999999999999
0.63,0.51500000000000001,0.16,1.3360000000000001,0.55300000000000005,0.32050000000000001,0.34999999999999998
0.64000000000000001,0.48999999999999999,0.17999999999999999,1.3600000000000001,0.65300000000000002,0.34699999999999998,0.30499999999999999
0.37,0.27500000000000002,0.080000000000000002,0.23250000000000001,0.092999999999999999,0.056000000000000001,0.071999999999999995
0.39500000000000002,0.31,0.085000000000000006,0.317,0.153,0.050500000000000003,0.0935
0.40000000000000002,0.29999999999999999,0.115,0.318,0.13350000000000001,0.072499999999999995,0.0935
0.40999999999999998,0.30499999999999999,0.10000000000000001,0.26450000000000001,0.10000000000000001,0.065500000000000003,0.085000000000000006
0.45500000000000002,0.33500000000000002,0.105,0.40550000000000003,0.17499999999999999,0.091999999999999998,0.11849999999999999
0.47999999999999998,0.33500000000000002,0.125,0.52400000000000002,0.246,0.1095,0.14499999999999999
0.48499999999999999,0.375,0.11,0.46400000000000002,0.20150000000000001,0.089999999999999997,0.14899999999999999
0.5,0.35999999999999999,0.12,0.439,0.1875,0.1055,0.1305
0.51500000000000001,0.39500000000000002,0.125,0.58050000000000002,0.23649999999999999,0.1075,0.19
0.52000000000000002,0.40000000000000002,0.14000000000000001,0.622,0.27800000000000002,0.14549999999999999,0.16900000000000001
0.54500000000000004,0.45000000000000001,0.14999999999999999,0.78049999999999997,0.3795,0.16250000000000001,0.216
0.54500000000000004,0.42999999999999999,0.14000000000000001,0.77200000000000002,0.28899999999999998,0.19,0.26150000000000001
0.55000000000000004,0.435,0.125,0.74099999999999999,0.34799999999999998,0.1585,0.20599999999999999
0.55000000000000004,0.42999999999999999,0.17999999999999999,0.82650000000000001,0.4405,0.159,0.22500000000000001
0.55000000000000004,0.38500000000000001,0.13,0.72750000000000004,0.34300000000000003,0.16250000000000001,0.19
0.55500000000000005,0.42999999999999999,0.125,0.70050000000000001,0.33950000000000002,0.13550000000000001,0.20949999999999999
0.56000000000000005,0.45000000000000001,0.14499999999999999,0.9355,0.42499999999999999,0.16450000000000001,0.27250000000000002
0.56499999999999995,0.46500000000000002,0.14999999999999999,1.1815,0.58099999999999996,0.2215,0.3095
0.56999999999999995,0.44500000000000001,0.16,1.0145,0.51600000000000001,0.16400000000000001,0.29999999999999999
0.57499999999999996,0.47999999999999998,0.17000000000000001,1.1000000000000001,0.50600000000000001,0.2485,0.31
0.58499999999999996,0.51000000000000001,0.16,1.218,0.63900000000000001,0.24099999999999999,0.29999999999999999
0.58999999999999997,0.45000000000000001,0.155,0.874,0.36899999999999999,0.2135,0.23999999999999999
0.59499999999999997,0.47499999999999998,0.155,0.98399999999999999,0.48649999999999999,0.184,0.27550000000000002
0.59999999999999998,0.46999999999999997,0.13,1.0105,0.42299999999999999,0.219,0.29799999999999999
0.60999999999999999,0.36499999999999999,0.155,1.0765,0.48799999999999999,0.249,0.27000000000000002
0.61499999999999999,0.47499999999999998,0.20499999999999999,1.337,0.59950000000000003,0.28149999999999997,0.37
0.625,0.5,0.17999999999999999,1.3705000000000001,0.64500000000000002,0.30299999999999999,0.3705
0.625,0.48999999999999999,0.19,1.7015,0.74650000000000005,0.41049999999999998,0.38550000000000001
0.63,0.48499999999999999,0.17999999999999999,1.2435,0.51749999999999996,0.308,0.37
0.63,0.53000000000000003,0.17499999999999999,1.4135,0.66700000000000004,0.29449999999999998,0.35549999999999998
0.63500000000000001,0.48499999999999999,0.155,1.073,0.46700000000000003,0.19750000000000001,0.34999999999999998
0.63500000000000001,0.5,0.17499999999999999,1.4770000000000001,0.68400000000000005,0.30049999999999999,0.39000000000000001
0.63500000000000001,0.5,0.17999999999999999,1.2915000000000001,0.59399999999999997,0.26950000000000002,0.37
0.65000000000000002,0.495,0.16,1.3105,0.57699999999999996,0.33150000000000002,0.35499999999999998
0.67000000000000004,0.52500000000000002,0.17999999999999999,1.4915,0.72799999999999998,0.34300000000000003,0.38100000000000001
0.67500000000000004,0.52000000000000002,0.17499999999999999,1.494,0.73650000000000004,0.30549999999999999,0.37
0.67500000000000004,0.51000000000000001,0.14999999999999999,1.1964999999999999,0.47499999999999998,0.30399999999999999,0.38600000000000001
0.68000000000000005,0.54500000000000004,0.185,1.6719999999999999,0.70750000000000002,0.36399999999999999,0.47999999999999998
0.69999999999999996,0.54500000000000004,0.215,1.9125000000000001,0.88249999999999995,0.4385,0.50600000000000001
0.70999999999999996,0.54500000000000004,0.17499999999999999,1.907,0.87250000000000005,0.45650000000000002,0.47499999999999998
0.71499999999999997,0.56499999999999995,0.17999999999999999,1.79,0.84399999999999997,0.35349999999999998,0.53849999999999998
0.71999999999999997,0.58999999999999997,0.20499999999999999,1.7495000000000001,0.77549999999999997,0.42249999999999999,0.47999999999999998
0.41999999999999998,0.30499999999999999,0.10000000000000001,0.34150000000000003,0.16450000000000001,0.077499999999999999,0.085999999999999993
0.47999999999999998,0.34999999999999998,0.10000000000000001,0.51900000000000002,0.23649999999999999,0.1275,0.126
0.47999999999999998,0.36499999999999999,0.13,0.53049999999999997,0.24049999999999999,0.127,0.13900000000000001
0.51000000000000001,0.40999999999999998,0.155,1.2825,0.56899999999999995,0.29099999999999998,0.3795
0.51500000000000001,0.40000000000000002,0.14000000000000001,0.71650000000000003,0.34949999999999998,0.1595,0.17849999999999999
0.56000000000000005,0.41999999999999998,0.17999999999999999,1.6645000000000001,0.77549999999999997,0.34999999999999998,0.45250000000000001
0.56000000000000005,0.41999999999999998,0.14000000000000001,0.83699999999999997,0.41399999999999998,0.214,0.20000000000000001
0.56999999999999995,0.45000000000000001,0.14999999999999999,0.96450000000000002,0.53100000000000003,0.189,0.20899999999999999
0.60499999999999998,0.46500000000000002,0.155,1.1000000000000001,0.54700000000000004,0.26650000000000001,0.25850000000000001
0.625,0.47999999999999998,0.16,1.2415,0.65749999999999997,0.26250000000000001,0.27850000000000003
0.64000000000000001,0.505,0.17499999999999999,1.3185,0.61850000000000005,0.30199999999999999,0.33150000000000002
0.65000000000000002,0.52500000000000002,0.185,1.3454999999999999,0.58599999999999997,0.27800000000000002,0.38650000000000001
0.29999999999999999,0.215,0.050000000000000003,0.11849999999999999,0.048000000000000001,0.022499999999999999,0.042000000000000003
0.34999999999999998,0.26500000000000001,0.089999999999999997,0.19700000000000001,0.072999999999999995,0.036499999999999998,0.076999999999999999
0.45500000000000002,0.34999999999999998,0.13,0.47249999999999998,0.215,0.074499999999999997,0.14999999999999999
0.46000000000000002,0.36499999999999999,0.11,0.44950000000000001,0.17549999999999999,0.10199999999999999,0.14999999999999999
0.48999999999999999,0.375,0.115,0.55700000000000005,0.22750000000000001,0.13350000000000001,0.17649999999999999
0.5,0.38500000000000001,0.12,0.51600000000000001,0.19700000000000001,0.1305,0.16500000000000001
0.54000000000000004,0.41499999999999998,0.13500000000000001,0.70899999999999996,0.31950000000000001,0.17399999999999999,0.185
0.55000000000000004,0.41999999999999998,0.14499999999999999,0.73850000000000005,0.32100000000000001,0.14849999999999999,0.252
0.55000000000000004,0.44500000000000001,0.11,0.79349999999999998,0.378,0.14199999999999999,0.26000000000000001
0.55500000000000005,0.435,0.14499999999999999,0.92049999999999998,0.40400000000000003,0.22750000000000001,0.255
0.56999999999999995,0.42499999999999999,0.14000000000000001,0.76549999999999996,0.33100000000000002,0.14000000000000001,0.23999999999999999
0.57999999999999996,0.45000000000000001,0.14000000000000001,0.82399999999999995,0.34649999999999997,0.17649999999999999,0.26300000000000001
0.57999999999999996,0.42499999999999999,0.14499999999999999,0.82999999999999996,0.379,0.1605,0.25750000000000001
0.58499999999999996,0.46999999999999997,0.17000000000000001,0.98499999999999999,0.3695,0.23949999999999999,0.315
0.58499999999999996,0.45000000000000001,0.14999999999999999,0.997,0.40550000000000003,0.28299999999999997,0.251
0.59499999999999997,0.45500000000000002,0.14000000000000001,0.91400000000000003,0.38950000000000001,0.2225,0.27100000000000002
0.59999999999999998,0.5,0.17000000000000001,1.1299999999999999,0.4405,0.26700000000000002,0.33500000000000002
0.61499999999999999,0.495,0.155,1.0805,0.52000000000000002,0.19,0.32000000000000001
0.63,0.505,0.155,1.105,0.49199999999999999,0.22600000000000001,0.32500000000000001
0.63,0.48999999999999999,0.155,1.2290000000000001,0.53500000000000003,0.28999999999999998,0.33500000000000002
0.63500000000000001,0.495,0.17499999999999999,1.2355,0.52049999999999996,0.3085,0.34699999999999998
0.64500000000000002,0.53500000000000003,0.19,1.2395,0.46800000000000003,0.23849999999999999,0.42399999999999999
0.65000000000000002,0.505,0.16500000000000001,1.357,0.57250000000000001,0.28100000000000003,0.42999999999999999
0.65500000000000003,0.52500000000000002,0.17999999999999999,1.4019999999999999,0.624,0.29349999999999998,0.36499999999999999
0.65500000000000003,0.5,0.22,1.359,0.64200000000000002,0.32550000000000001,0.40500000000000003
0.67000000000000004,0.53500000000000003,0.19,1.669,0.74650000000000005,0.29349999999999998,0.50800000000000001
0.67000000000000004,0.52500000000000002,0.20000000000000001,1.7404999999999999,0.62050000000000005,0.29699999999999999,0.65700000000000003
0.69499999999999995,0.53000000000000003,0.20999999999999999,1.51,0.66400000000000003,0.40949999999999998,0.38500000000000001
0.69499999999999995,0.55000000000000004,0.19500000000000001,1.6645000000000001,0.72699999999999998,0.35999999999999999,0.44500000000000001
0.77000000000000002,0.60499999999999998,0.17499999999999999,2.0505,0.80049999999999999,0.52600000000000002,0.35499999999999998
0.28000000000000003,0.215,0.070000000000000007,0.124,0.063,0.021499999999999998,0.029999999999999999
0.33000000000000002,0.23000000000000001,0.080000000000000002,0.14000000000000001,0.056500000000000002,0.036499999999999998,0.045999999999999999
0.34999999999999998,0.25,0.074999999999999997,0.16950000000000001,0.083500000000000005,0.035499999999999997,0.041000000000000002
0.37,0.28000000000000003,0.089999999999999997,0.218,0.099500000000000005,0.0545,0.061499999999999999
0.42999999999999999,0.315,0.115,0.38400000000000001,0.1885,0.071499999999999994,0.11
0.435,0.33000000000000002,0.095000000000000001,0.39300000000000002,0.219,0.074999999999999997,0.088499999999999995
0.44,0.34999999999999998,0.11,0.3805,0.1575,0.089499999999999996,0.115
0.47499999999999998,0.37,0.11,0.48949999999999999,0.2185,0.107,0.14599999999999999
0.47499999999999998,0.35999999999999999,0.14000000000000001,0.51349999999999996,0.24099999999999999,0.1045,0.155
0.47999999999999998,0.35499999999999998,0.11,0.44950000000000001,0.20100000000000001,0.088999999999999996,0.14000000000000001
0.56000000000000005,0.44,0.13500000000000001,0.80249999999999999,0.34999999999999998,0.1615,0.25900000000000001
0.58499999999999996,0.47499999999999998,0.16500000000000001,1.0529999999999999,0.45800000000000002,0.217,0.29999999999999999
0.58499999999999996,0.45500000000000002,0.17000000000000001,0.99450000000000005,0.42549999999999999,0.26300000000000001,0.28449999999999998
0.38500000000000001,0.255,0.10000000000000001,0.3175,0.13700000000000001,0.068000000000000005,0.091999999999999998
0.39000000000000001,0.31,0.085000000000000006,0.34399999999999997,0.18099999999999999,0.069500000000000006,0.079000000000000001
0.39000000000000001,0.28999999999999998,0.10000000000000001,0.28449999999999998,0.1255,0.063500000000000001,0.081000000000000003
0.40500000000000003,0.29999999999999999,0.085000000000000006,0.30349999999999999,0.14999999999999999,0.050500000000000003,0.087999999999999995
0.47499999999999998,0.36499999999999999,0.115,0.499,0.23200000000000001,0.088499999999999995,0.156
0.5,0.38,0.125,0.57699999999999996,0.26900000000000002,0.1265,0.1535
0.51500000000000001,0.40000000000000002,0.125,0.61499999999999999,0.28649999999999998,0.123,0.17649999999999999
0.52000000000000002,0.38500000000000001,0.16500000000000001,0.79100000000000004,0.375,0.17999999999999999,0.18149999999999999
0.55000000000000004,0.42999999999999999,0.13,0.83950000000000002,0.3155,0.19550000000000001,0.24049999999999999
0.56000000000000005,0.42999999999999999,0.155,0.86750000000000005,0.40000000000000002,0.17199999999999999,0.22900000000000001
0.56499999999999995,0.45000000000000001,0.16500000000000001,0.88700000000000001,0.37,0.23899999999999999,0.249
0.58999999999999997,0.44,0.13500000000000001,0.96599999999999997,0.439,0.2145,0.26050000000000001
0.59999999999999998,0.47499999999999998,0.20499999999999999,1.1759999999999999,0.52549999999999997,0.28749999999999998,0.308
0.625,0.48499999999999999,0.14999999999999999,1.0945,0.53100000000000003,0.26100000000000001,0.29599999999999999
0.70999999999999996,0.55500000000000005,0.19500000000000001,1.9484999999999999,0.94550000000000001,0.3765,0.495
